main_category_url,sub_category_name,sub_category_url
https://sortiment.lidl.ch/de/obst-gemuese,Hülsenfrüchte,https://sortiment.lidl.ch/de/obst-gemuse/hulsenfruchte
https://sortiment.lidl.ch/de/obst-gemuese,Früchte,https://sortiment.lidl.ch/de/obst-gemuese/obst
https://sortiment.lidl.ch/de/obst-gemuese,Gemüse,https://sortiment.lidl.ch/de/obst-gemuese/gemuese
https://sortiment.lidl.ch/de/obst-gemuese,Brot,https://sortiment.lidl.ch/de/brot-backwaren/brot
https://sortiment.lidl.ch/de/obst-gemuese,"Zucker, Salz & Mehl",https://sortiment.lidl.ch/de/brot-backwaren/zucker-salz-mehl
https://sortiment.lidl.ch/de/obst-gemuese,Backzutaten,https://sortiment.lidl.ch/de/brot-backwaren/backzutaten
https://sortiment.lidl.ch/de/obst-gemuese,Brotaufstriche & Honig,https://sortiment.lidl.ch/de/muesli-brotaufstrich/brotaufstriche-honig
https://sortiment.lidl.ch/de/obst-gemuese,Kaffee,https://sortiment.lidl.ch/de/kaffee-tee/kaffee
https://sortiment.lidl.ch/de/obst-gemuese,Tee,https://sortiment.lidl.ch/de/kaffee-tee/tee
https://sortiment.lidl.ch/de/obst-gemuese,Joghurt & Quark,https://sortiment.lidl.ch/de/milchprodukte-eier/joghurt-quark
https://sortiment.lidl.ch/de/obst-gemuese,Snacks,https://sortiment.lidl.ch/de/milchprodukte-eier/snacks
https://sortiment.lidl.ch/de/obst-gemuese,Milch,https://sortiment.lidl.ch/de/milchprodukte-eier/milch
https://sortiment.lidl.ch/de/obst-gemuese,Butter,https://sortiment.lidl.ch/de/milchprodukte-eier/butter
https://sortiment.lidl.ch/de/obst-gemuese,Käse,https://sortiment.lidl.ch/de/milchprodukte-eier/kaese
https://sortiment.lidl.ch/de/obst-gemuese,Eier,https://sortiment.lidl.ch/de/milchprodukte-eier/eier
https://sortiment.lidl.ch/de/obst-gemuese,Cold to go,https://sortiment.lidl.ch/de/convenience/cold-to-go
https://sortiment.lidl.ch/de/obst-gemuese,Schwein,https://sortiment.lidl.ch/de/fleisch/schwein
https://sortiment.lidl.ch/de/obst-gemuese,Rind,https://sortiment.lidl.ch/de/fleisch/rind
https://sortiment.lidl.ch/de/obst-gemuese,Lamm,https://sortiment.lidl.ch/de/fleisch/lamm
https://sortiment.lidl.ch/de/obst-gemuese,Wurst & Aufschnitt,https://sortiment.lidl.ch/de/fleisch/wurst-aufschnitt
https://sortiment.lidl.ch/de/obst-gemuese,Pasta,https://sortiment.lidl.ch/de/pasta-reis/pasta
https://sortiment.lidl.ch/de/obst-gemuese,Reis,https://sortiment.lidl.ch/de/pasta-reis/reis
https://sortiment.lidl.ch/de/obst-gemuese,Saucen,https://sortiment.lidl.ch/de/gewuerze-oele/saucen
https://sortiment.lidl.ch/de/obst-gemuese,Gewürze,https://sortiment.lidl.ch/de/gewuerze-oele/gewuerze
https://sortiment.lidl.ch/de/obst-gemuese,Öle,https://sortiment.lidl.ch/de/gewuerze-oele/ole
https://sortiment.lidl.ch/de/obst-gemuese,Butter & Margarine,https://sortiment.lidl.ch/de/gewurze-ole/butter-margarine
https://sortiment.lidl.ch/de/obst-gemuese,Suppen & Saucen,https://sortiment.lidl.ch/de/konserven/suppen-saucen
https://sortiment.lidl.ch/de/obst-gemuese,Fertiggerichte,https://sortiment.lidl.ch/de/tiefkuehlprodukte/fertiggerichte
https://sortiment.lidl.ch/de/obst-gemuese,Gemüse & Kartoffeln,https://sortiment.lidl.ch/de/tiefkuehlprodukte/gemuese-kartoffeln
https://sortiment.lidl.ch/de/obst-gemuese,Fleisch & Fisch,https://sortiment.lidl.ch/de/tiefkuehlprodukte/fleisch-fisch
https://sortiment.lidl.ch/de/obst-gemuese,Snacks,https://sortiment.lidl.ch/de/sussigkeiten-snacks/snacks
https://sortiment.lidl.ch/de/obst-gemuese,Schokolade,https://sortiment.lidl.ch/de/sussigkeiten-snacks/schokolade
https://sortiment.lidl.ch/de/obst-gemuese,Wasser,https://sortiment.lidl.ch/de/alkoholfreie-getraenke/mineralwasser
https://sortiment.lidl.ch/de/obst-gemuese,Süssgetränke & Sirup,https://sortiment.lidl.ch/de/alkoholfreie-getraenke/suessgetraenke-sirup
https://sortiment.lidl.ch/de/obst-gemuese,Säfte,https://sortiment.lidl.ch/de/alkoholfreie-getraenke/saefte
https://sortiment.lidl.ch/de/obst-gemuese,Weissweine,https://sortiment.lidl.ch/de/wein-sekt/weissweine
https://sortiment.lidl.ch/de/obst-gemuese,Roséweine,https://sortiment.lidl.ch/de/wein-sekt/roseweine
https://sortiment.lidl.ch/de/obst-gemuese,Rotweine,https://sortiment.lidl.ch/de/wein-sekt/rotweine
https://sortiment.lidl.ch/de/obst-gemuese,Schaumweine,https://sortiment.lidl.ch/de/wein-sekt/schaumweine
https://sortiment.lidl.ch/de/obst-gemuese,Spirituosen,https://sortiment.lidl.ch/de/spirituosen-likoere/spirituosen
https://sortiment.lidl.ch/de/obst-gemuese,Liköre,https://sortiment.lidl.ch/de/spirituosen-likoere/likoere
https://sortiment.lidl.ch/de/obst-gemuese,Haushalt,https://sortiment.lidl.ch/de/haushalt-reinigung/haushalt
https://sortiment.lidl.ch/de/obst-gemuese,Wasch- & Putzmittel,https://sortiment.lidl.ch/de/haushalt-reinigung/waschmittel-putzmittel
https://sortiment.lidl.ch/de/obst-gemuese,Sonstiges,https://sortiment.lidl.ch/de/haushalt-reinigung/sonstiges
https://sortiment.lidl.ch/de/obst-gemuese,Zahnpflege,https://sortiment.lidl.ch/de/kosmetik-pflege/zahnpflege
https://sortiment.lidl.ch/de/obst-gemuese,Sonnenschutz,https://sortiment.lidl.ch/de/kosmetik-pflege/sonnenschutz
https://sortiment.lidl.ch/de/obst-gemuese,Babypflege,https://sortiment.lidl.ch/de/kosmetik-pflege/babypflege
https://sortiment.lidl.ch/de/obst-gemuese,Babynahrung,https://sortiment.lidl.ch/de/baby/babynahrung
https://sortiment.lidl.ch/de/obst-gemuese,Hundenahrung,https://sortiment.lidl.ch/de/tiernahrung/hundenahrung
https://sortiment.lidl.ch/de/obst-gemuese,Sonstiges,https://sortiment.lidl.ch/de/tiernahrung/sonstiges
