sub_category,brand_name,product_name,price,pdp_url,competitor_name
Depilacija in britje,PHILIPS OneBlade,"Brivnik OneBlade Intimate, 1 kos","24,95 €",https://www.dm.si/p/d/2722995/philips-oneblade-brivnik-oneblade-intimate,dm
Depilacija in britje,PHILIPS,"Trimer All-in-One 5000 10 v 1, 1 kos","49,95 €",https://www.dm.si/p/d/3103647/philips-trimer-all-in-one-5000-10-v-1,dm
Depilacija in britje,PHILIPS,"Brivnik za glavo Shaver Series 5000, 1 kos","69,95 €",https://www.dm.si/p/d/3127724/philips-brivnik-za-glavo-shaver-series-5000,dm
Depilacija in britje,PHILIPS,"Trimer All-in-One 7000 17 v 1, 1 kos","89,95 €",https://www.dm.si/p/d/3115312/philips-trimer-all-in-one-7000-17-v-1,dm
Depilacija in britje,PHILIPS,"Brivnik Shaver Series 5000X za mokro in suho..., 1 kos","79,95 €",https://www.dm.si/p/d/3109382/philips-brivnik-shaver-series-5000x-za-mokro-in-suho-britje,dm
Depilacija in britje,PHILIPS,"Urejevalnik brade 5000 BT5515, 1 kos","62,95 €",https://www.dm.si/p/d/3129776/philips-urejevalnik-brade-5000-bt5515,dm
Depilacija in britje,PHILIPS,"Brivnik za nosne in ušesne dlačice NT1000, 1 kos","16,95 €",https://www.dm.si/p/d/3107347/philips-brivnik-za-nosne-in-usesne-dlacice-nt1000,dm
Depilacija in britje,PHILIPS OneBlade,"Nadomestne glave za brivnik 360 blade, 1 kos","24,95 €",https://www.dm.si/p/d/1916523/philips-oneblade-nadomestne-glave-za-brivnik-360-blade,dm
Depilacija in britje,PHILIPS OneBlade,"Nadomestne glave za brivnik 360 blade, 3 kos","35,95 €",https://www.dm.si/p/d/1574418/philips-oneblade-nadomestne-glave-za-brivnik-360-blade,dm
Depilacija in britje,PHILIPS OneBlade,"Nadomestne glave za brivnik OneBlade Intimate, 2 kos","28,95 €",https://www.dm.si/p/d/2723004/philips-oneblade-nadomestne-glave-za-brivnik-oneblade-intimate,dm
Električni brivniki,PHILIPS OneBlade,"Brivnik OneBlade Intimate, 1 kos","24,95 €",https://www.dm.si/p/d/2722995/philips-oneblade-brivnik-oneblade-intimate,dm
Električni brivniki,PHILIPS,"Trimer All-in-One 5000 10 v 1, 1 kos","49,95 €",https://www.dm.si/p/d/3103647/philips-trimer-all-in-one-5000-10-v-1,dm
Električni brivniki,PHILIPS,"Brivnik za glavo Shaver Series 5000, 1 kos","69,95 €",https://www.dm.si/p/d/3127724/philips-brivnik-za-glavo-shaver-series-5000,dm
Električni brivniki,PHILIPS,"Trimer All-in-One 7000 17 v 1, 1 kos","89,95 €",https://www.dm.si/p/d/3115312/philips-trimer-all-in-one-7000-17-v-1,dm
Električni brivniki,PHILIPS,"Brivnik Shaver Series 5000X za mokro in suho..., 1 kos","79,95 €",https://www.dm.si/p/d/3109382/philips-brivnik-shaver-series-5000x-za-mokro-in-suho-britje,dm
Električni brivniki,PHILIPS,"Urejevalnik brade 5000 BT5515, 1 kos","62,95 €",https://www.dm.si/p/d/3129776/philips-urejevalnik-brade-5000-bt5515,dm
Električni brivniki,PHILIPS,"Brivnik za nosne in ušesne dlačice NT1000, 1 kos","16,95 €",https://www.dm.si/p/d/3107347/philips-brivnik-za-nosne-in-usesne-dlacice-nt1000,dm
Električni brivniki,PHILIPS OneBlade,"Nadomestne glave za brivnik 360 blade, 1 kos","24,95 €",https://www.dm.si/p/d/1916523/philips-oneblade-nadomestne-glave-za-brivnik-360-blade,dm
Električni brivniki,PHILIPS OneBlade,"Nadomestne glave za brivnik 360 blade, 3 kos","35,95 €",https://www.dm.si/p/d/1574418/philips-oneblade-nadomestne-glave-za-brivnik-360-blade,dm
Električni brivniki,PHILIPS OneBlade,"Nadomestne glave za brivnik OneBlade Intimate, 2 kos","28,95 €",https://www.dm.si/p/d/2723004/philips-oneblade-nadomestne-glave-za-brivnik-oneblade-intimate,dm
Nega zob,PHILIPS OneBlade,"Brivnik OneBlade Intimate, 1 kos","24,95 €",https://www.dm.si/p/d/2722995/philips-oneblade-brivnik-oneblade-intimate,dm
Nega zob,PHILIPS,"Trimer All-in-One 5000 10 v 1, 1 kos","49,95 €",https://www.dm.si/p/d/3103647/philips-trimer-all-in-one-5000-10-v-1,dm
Nega zob,PHILIPS,"Brivnik za glavo Shaver Series 5000, 1 kos","69,95 €",https://www.dm.si/p/d/3127724/philips-brivnik-za-glavo-shaver-series-5000,dm
Nega zob,PHILIPS,"Trimer All-in-One 7000 17 v 1, 1 kos","89,95 €",https://www.dm.si/p/d/3115312/philips-trimer-all-in-one-7000-17-v-1,dm
Nega zob,PHILIPS,"Brivnik Shaver Series 5000X za mokro in suho..., 1 kos","79,95 €",https://www.dm.si/p/d/3109382/philips-brivnik-shaver-series-5000x-za-mokro-in-suho-britje,dm
Nega zob,PHILIPS,"Urejevalnik brade 5000 BT5515, 1 kos","62,95 €",https://www.dm.si/p/d/3129776/philips-urejevalnik-brade-5000-bt5515,dm
Nega zob,PHILIPS,"Brivnik za nosne in ušesne dlačice NT1000, 1 kos","16,95 €",https://www.dm.si/p/d/3107347/philips-brivnik-za-nosne-in-usesne-dlacice-nt1000,dm
Nega zob,PHILIPS OneBlade,"Nadomestne glave za brivnik 360 blade, 1 kos","24,95 €",https://www.dm.si/p/d/1916523/philips-oneblade-nadomestne-glave-za-brivnik-360-blade,dm
Nega zob,PHILIPS OneBlade,"Nadomestne glave za brivnik 360 blade, 3 kos","35,95 €",https://www.dm.si/p/d/1574418/philips-oneblade-nadomestne-glave-za-brivnik-360-blade,dm
Nega zob,PHILIPS OneBlade,"Nadomestne glave za brivnik OneBlade Intimate, 2 kos","28,95 €",https://www.dm.si/p/d/2723004/philips-oneblade-nadomestne-glave-za-brivnik-oneblade-intimate,dm
Stekleničke in dude,PHILIPS OneBlade,"Brivnik OneBlade Intimate, 1 kos","24,95 €",https://www.dm.si/p/d/2722995/philips-oneblade-brivnik-oneblade-intimate,dm
Stekleničke in dude,PHILIPS,"Trimer All-in-One 5000 10 v 1, 1 kos","49,95 €",https://www.dm.si/p/d/3103647/philips-trimer-all-in-one-5000-10-v-1,dm
Stekleničke in dude,PHILIPS,"Brivnik za glavo Shaver Series 5000, 1 kos","69,95 €",https://www.dm.si/p/d/3127724/philips-brivnik-za-glavo-shaver-series-5000,dm
Stekleničke in dude,PHILIPS,"Trimer All-in-One 7000 17 v 1, 1 kos","89,95 €",https://www.dm.si/p/d/3115312/philips-trimer-all-in-one-7000-17-v-1,dm
Stekleničke in dude,PHILIPS,"Brivnik Shaver Series 5000X za mokro in suho..., 1 kos","79,95 €",https://www.dm.si/p/d/3109382/philips-brivnik-shaver-series-5000x-za-mokro-in-suho-britje,dm
Stekleničke in dude,PHILIPS,"Urejevalnik brade 5000 BT5515, 1 kos","62,95 €",https://www.dm.si/p/d/3129776/philips-urejevalnik-brade-5000-bt5515,dm
Stekleničke in dude,PHILIPS,"Brivnik za nosne in ušesne dlačice NT1000, 1 kos","16,95 €",https://www.dm.si/p/d/3107347/philips-brivnik-za-nosne-in-usesne-dlacice-nt1000,dm
Stekleničke in dude,PHILIPS OneBlade,"Nadomestne glave za brivnik 360 blade, 1 kos","24,95 €",https://www.dm.si/p/d/1916523/philips-oneblade-nadomestne-glave-za-brivnik-360-blade,dm
Stekleničke in dude,PHILIPS OneBlade,"Nadomestne glave za brivnik 360 blade, 3 kos","35,95 €",https://www.dm.si/p/d/1574418/philips-oneblade-nadomestne-glave-za-brivnik-360-blade,dm
Stekleničke in dude,PHILIPS OneBlade,"Nadomestne glave za brivnik OneBlade Intimate, 2 kos","28,95 €",https://www.dm.si/p/d/2723004/philips-oneblade-nadomestne-glave-za-brivnik-oneblade-intimate,dm
Stekleničke za dojenčke in otroke,PHILIPS OneBlade,"Brivnik OneBlade Intimate, 1 kos","24,95 €",https://www.dm.si/p/d/2722995/philips-oneblade-brivnik-oneblade-intimate,dm
Stekleničke za dojenčke in otroke,PHILIPS,"Trimer All-in-One 5000 10 v 1, 1 kos","49,95 €",https://www.dm.si/p/d/3103647/philips-trimer-all-in-one-5000-10-v-1,dm
Stekleničke za dojenčke in otroke,PHILIPS,"Brivnik za glavo Shaver Series 5000, 1 kos","69,95 €",https://www.dm.si/p/d/3127724/philips-brivnik-za-glavo-shaver-series-5000,dm
Stekleničke za dojenčke in otroke,PHILIPS,"Trimer All-in-One 7000 17 v 1, 1 kos","89,95 €",https://www.dm.si/p/d/3115312/philips-trimer-all-in-one-7000-17-v-1,dm
Stekleničke za dojenčke in otroke,PHILIPS,"Brivnik Shaver Series 5000X za mokro in suho..., 1 kos","79,95 €",https://www.dm.si/p/d/3109382/philips-brivnik-shaver-series-5000x-za-mokro-in-suho-britje,dm
Stekleničke za dojenčke in otroke,PHILIPS,"Urejevalnik brade 5000 BT5515, 1 kos","62,95 €",https://www.dm.si/p/d/3129776/philips-urejevalnik-brade-5000-bt5515,dm
Stekleničke za dojenčke in otroke,PHILIPS,"Brivnik za nosne in ušesne dlačice NT1000, 1 kos","16,95 €",https://www.dm.si/p/d/3107347/philips-brivnik-za-nosne-in-usesne-dlacice-nt1000,dm
Stekleničke za dojenčke in otroke,PHILIPS OneBlade,"Nadomestne glave za brivnik 360 blade, 1 kos","24,95 €",https://www.dm.si/p/d/1916523/philips-oneblade-nadomestne-glave-za-brivnik-360-blade,dm
Stekleničke za dojenčke in otroke,PHILIPS OneBlade,"Nadomestne glave za brivnik 360 blade, 3 kos","35,95 €",https://www.dm.si/p/d/1574418/philips-oneblade-nadomestne-glave-za-brivnik-360-blade,dm
Stekleničke za dojenčke in otroke,PHILIPS OneBlade,"Nadomestne glave za brivnik OneBlade Intimate, 2 kos","28,95 €",https://www.dm.si/p/d/2723004/philips-oneblade-nadomestne-glave-za-brivnik-oneblade-intimate,dm
Nega za moške,PHILIPS OneBlade,"Brivnik OneBlade Intimate, 1 kos","24,95 €",https://www.dm.si/p/d/2722995/philips-oneblade-brivnik-oneblade-intimate,dm
Nega za moške,PHILIPS,"Trimer All-in-One 5000 10 v 1, 1 kos","49,95 €",https://www.dm.si/p/d/3103647/philips-trimer-all-in-one-5000-10-v-1,dm
Nega za moške,PHILIPS,"Brivnik za glavo Shaver Series 5000, 1 kos","69,95 €",https://www.dm.si/p/d/3127724/philips-brivnik-za-glavo-shaver-series-5000,dm
Nega za moške,PHILIPS,"Trimer All-in-One 7000 17 v 1, 1 kos","89,95 €",https://www.dm.si/p/d/3115312/philips-trimer-all-in-one-7000-17-v-1,dm
Nega za moške,PHILIPS,"Brivnik Shaver Series 5000X za mokro in suho..., 1 kos","79,95 €",https://www.dm.si/p/d/3109382/philips-brivnik-shaver-series-5000x-za-mokro-in-suho-britje,dm
Nega za moške,PHILIPS,"Urejevalnik brade 5000 BT5515, 1 kos","62,95 €",https://www.dm.si/p/d/3129776/philips-urejevalnik-brade-5000-bt5515,dm
Nega za moške,PHILIPS,"Brivnik za nosne in ušesne dlačice NT1000, 1 kos","16,95 €",https://www.dm.si/p/d/3107347/philips-brivnik-za-nosne-in-usesne-dlacice-nt1000,dm
Nega za moške,PHILIPS OneBlade,"Nadomestne glave za brivnik 360 blade, 1 kos","24,95 €",https://www.dm.si/p/d/1916523/philips-oneblade-nadomestne-glave-za-brivnik-360-blade,dm
Nega za moške,PHILIPS OneBlade,"Nadomestne glave za brivnik 360 blade, 3 kos","35,95 €",https://www.dm.si/p/d/1574418/philips-oneblade-nadomestne-glave-za-brivnik-360-blade,dm
Nega za moške,PHILIPS OneBlade,"Nadomestne glave za brivnik OneBlade Intimate, 2 kos","28,95 €",https://www.dm.si/p/d/2723004/philips-oneblade-nadomestne-glave-za-brivnik-oneblade-intimate,dm
Električne zobne ščetke,PHILIPS OneBlade,"Brivnik OneBlade Intimate, 1 kos","24,95 €",https://www.dm.si/p/d/2722995/philips-oneblade-brivnik-oneblade-intimate,dm
Električne zobne ščetke,PHILIPS,"Trimer All-in-One 5000 10 v 1, 1 kos","49,95 €",https://www.dm.si/p/d/3103647/philips-trimer-all-in-one-5000-10-v-1,dm
Električne zobne ščetke,PHILIPS,"Brivnik za glavo Shaver Series 5000, 1 kos","69,95 €",https://www.dm.si/p/d/3127724/philips-brivnik-za-glavo-shaver-series-5000,dm
Električne zobne ščetke,PHILIPS,"Trimer All-in-One 7000 17 v 1, 1 kos","89,95 €",https://www.dm.si/p/d/3115312/philips-trimer-all-in-one-7000-17-v-1,dm
Električne zobne ščetke,PHILIPS,"Brivnik Shaver Series 5000X za mokro in suho..., 1 kos","79,95 €",https://www.dm.si/p/d/3109382/philips-brivnik-shaver-series-5000x-za-mokro-in-suho-britje,dm
Električne zobne ščetke,PHILIPS,"Urejevalnik brade 5000 BT5515, 1 kos","62,95 €",https://www.dm.si/p/d/3129776/philips-urejevalnik-brade-5000-bt5515,dm
Električne zobne ščetke,PHILIPS,"Brivnik za nosne in ušesne dlačice NT1000, 1 kos","16,95 €",https://www.dm.si/p/d/3107347/philips-brivnik-za-nosne-in-usesne-dlacice-nt1000,dm
Električne zobne ščetke,PHILIPS OneBlade,"Nadomestne glave za brivnik 360 blade, 1 kos","24,95 €",https://www.dm.si/p/d/1916523/philips-oneblade-nadomestne-glave-za-brivnik-360-blade,dm
Električne zobne ščetke,PHILIPS OneBlade,"Nadomestne glave za brivnik 360 blade, 3 kos","35,95 €",https://www.dm.si/p/d/1574418/philips-oneblade-nadomestne-glave-za-brivnik-360-blade,dm
Električne zobne ščetke,PHILIPS OneBlade,"Nadomestne glave za brivnik OneBlade Intimate, 2 kos","28,95 €",https://www.dm.si/p/d/2723004/philips-oneblade-nadomestne-glave-za-brivnik-oneblade-intimate,dm
Nadomestne glave,PHILIPS OneBlade,"Brivnik OneBlade Intimate, 1 kos","24,95 €",https://www.dm.si/p/d/2722995/philips-oneblade-brivnik-oneblade-intimate,dm
Nadomestne glave,PHILIPS,"Trimer All-in-One 5000 10 v 1, 1 kos","49,95 €",https://www.dm.si/p/d/3103647/philips-trimer-all-in-one-5000-10-v-1,dm
Nadomestne glave,PHILIPS,"Brivnik za glavo Shaver Series 5000, 1 kos","69,95 €",https://www.dm.si/p/d/3127724/philips-brivnik-za-glavo-shaver-series-5000,dm
Nadomestne glave,PHILIPS,"Trimer All-in-One 7000 17 v 1, 1 kos","89,95 €",https://www.dm.si/p/d/3115312/philips-trimer-all-in-one-7000-17-v-1,dm
Nadomestne glave,PHILIPS,"Brivnik Shaver Series 5000X za mokro in suho..., 1 kos","79,95 €",https://www.dm.si/p/d/3109382/philips-brivnik-shaver-series-5000x-za-mokro-in-suho-britje,dm
Nadomestne glave,PHILIPS,"Urejevalnik brade 5000 BT5515, 1 kos","62,95 €",https://www.dm.si/p/d/3129776/philips-urejevalnik-brade-5000-bt5515,dm
Nadomestne glave,PHILIPS,"Brivnik za nosne in ušesne dlačice NT1000, 1 kos","16,95 €",https://www.dm.si/p/d/3107347/philips-brivnik-za-nosne-in-usesne-dlacice-nt1000,dm
Nadomestne glave,PHILIPS OneBlade,"Nadomestne glave za brivnik 360 blade, 1 kos","24,95 €",https://www.dm.si/p/d/1916523/philips-oneblade-nadomestne-glave-za-brivnik-360-blade,dm
Nadomestne glave,PHILIPS OneBlade,"Nadomestne glave za brivnik 360 blade, 3 kos","35,95 €",https://www.dm.si/p/d/1574418/philips-oneblade-nadomestne-glave-za-brivnik-360-blade,dm
Nadomestne glave,PHILIPS OneBlade,"Nadomestne glave za brivnik OneBlade Intimate, 2 kos","28,95 €",https://www.dm.si/p/d/2723004/philips-oneblade-nadomestne-glave-za-brivnik-oneblade-intimate,dm
Dojenje,PHILIPS OneBlade,"Brivnik OneBlade Intimate, 1 kos","24,95 €",https://www.dm.si/p/d/2722995/philips-oneblade-brivnik-oneblade-intimate,dm
Dojenje,PHILIPS,"Trimer All-in-One 5000 10 v 1, 1 kos","49,95 €",https://www.dm.si/p/d/3103647/philips-trimer-all-in-one-5000-10-v-1,dm
Dojenje,PHILIPS,"Brivnik za glavo Shaver Series 5000, 1 kos","69,95 €",https://www.dm.si/p/d/3127724/philips-brivnik-za-glavo-shaver-series-5000,dm
Dojenje,PHILIPS,"Trimer All-in-One 7000 17 v 1, 1 kos","89,95 €",https://www.dm.si/p/d/3115312/philips-trimer-all-in-one-7000-17-v-1,dm
Dojenje,PHILIPS,"Brivnik Shaver Series 5000X za mokro in suho..., 1 kos","79,95 €",https://www.dm.si/p/d/3109382/philips-brivnik-shaver-series-5000x-za-mokro-in-suho-britje,dm
Dojenje,PHILIPS,"Urejevalnik brade 5000 BT5515, 1 kos","62,95 €",https://www.dm.si/p/d/3129776/philips-urejevalnik-brade-5000-bt5515,dm
Dojenje,PHILIPS,"Brivnik za nosne in ušesne dlačice NT1000, 1 kos","16,95 €",https://www.dm.si/p/d/3107347/philips-brivnik-za-nosne-in-usesne-dlacice-nt1000,dm
Dojenje,PHILIPS OneBlade,"Nadomestne glave za brivnik 360 blade, 1 kos","24,95 €",https://www.dm.si/p/d/1916523/philips-oneblade-nadomestne-glave-za-brivnik-360-blade,dm
Dojenje,PHILIPS OneBlade,"Nadomestne glave za brivnik 360 blade, 3 kos","35,95 €",https://www.dm.si/p/d/1574418/philips-oneblade-nadomestne-glave-za-brivnik-360-blade,dm
Dojenje,PHILIPS OneBlade,"Nadomestne glave za brivnik OneBlade Intimate, 2 kos","28,95 €",https://www.dm.si/p/d/2723004/philips-oneblade-nadomestne-glave-za-brivnik-oneblade-intimate,dm
Blazinice za dojenje,PHILIPS OneBlade,"Brivnik OneBlade Intimate, 1 kos","24,95 €",https://www.dm.si/p/d/2722995/philips-oneblade-brivnik-oneblade-intimate,dm
Blazinice za dojenje,PHILIPS,"Trimer All-in-One 5000 10 v 1, 1 kos","49,95 €",https://www.dm.si/p/d/3103647/philips-trimer-all-in-one-5000-10-v-1,dm
Blazinice za dojenje,PHILIPS,"Brivnik za glavo Shaver Series 5000, 1 kos","69,95 €",https://www.dm.si/p/d/3127724/philips-brivnik-za-glavo-shaver-series-5000,dm
Blazinice za dojenje,PHILIPS,"Trimer All-in-One 7000 17 v 1, 1 kos","89,95 €",https://www.dm.si/p/d/3115312/philips-trimer-all-in-one-7000-17-v-1,dm
Blazinice za dojenje,PHILIPS,"Brivnik Shaver Series 5000X za mokro in suho..., 1 kos","79,95 €",https://www.dm.si/p/d/3109382/philips-brivnik-shaver-series-5000x-za-mokro-in-suho-britje,dm
Blazinice za dojenje,PHILIPS,"Urejevalnik brade 5000 BT5515, 1 kos","62,95 €",https://www.dm.si/p/d/3129776/philips-urejevalnik-brade-5000-bt5515,dm
Blazinice za dojenje,PHILIPS,"Brivnik za nosne in ušesne dlačice NT1000, 1 kos","16,95 €",https://www.dm.si/p/d/3107347/philips-brivnik-za-nosne-in-usesne-dlacice-nt1000,dm
Blazinice za dojenje,PHILIPS OneBlade,"Nadomestne glave za brivnik 360 blade, 1 kos","24,95 €",https://www.dm.si/p/d/1916523/philips-oneblade-nadomestne-glave-za-brivnik-360-blade,dm
Blazinice za dojenje,PHILIPS OneBlade,"Nadomestne glave za brivnik 360 blade, 3 kos","35,95 €",https://www.dm.si/p/d/1574418/philips-oneblade-nadomestne-glave-za-brivnik-360-blade,dm
Blazinice za dojenje,PHILIPS OneBlade,"Nadomestne glave za brivnik OneBlade Intimate, 2 kos","28,95 €",https://www.dm.si/p/d/2723004/philips-oneblade-nadomestne-glave-za-brivnik-oneblade-intimate,dm
Britvice,PHILIPS OneBlade,"Brivnik OneBlade Intimate, 1 kos","24,95 €",https://www.dm.si/p/d/2722995/philips-oneblade-brivnik-oneblade-intimate,dm
Britvice,PHILIPS,"Trimer All-in-One 5000 10 v 1, 1 kos","49,95 €",https://www.dm.si/p/d/3103647/philips-trimer-all-in-one-5000-10-v-1,dm
Britvice,PHILIPS,"Brivnik za glavo Shaver Series 5000, 1 kos","69,95 €",https://www.dm.si/p/d/3127724/philips-brivnik-za-glavo-shaver-series-5000,dm
Britvice,PHILIPS,"Trimer All-in-One 7000 17 v 1, 1 kos","89,95 €",https://www.dm.si/p/d/3115312/philips-trimer-all-in-one-7000-17-v-1,dm
Britvice,PHILIPS,"Brivnik Shaver Series 5000X za mokro in suho..., 1 kos","79,95 €",https://www.dm.si/p/d/3109382/philips-brivnik-shaver-series-5000x-za-mokro-in-suho-britje,dm
Britvice,PHILIPS,"Urejevalnik brade 5000 BT5515, 1 kos","62,95 €",https://www.dm.si/p/d/3129776/philips-urejevalnik-brade-5000-bt5515,dm
Britvice,PHILIPS,"Brivnik za nosne in ušesne dlačice NT1000, 1 kos","16,95 €",https://www.dm.si/p/d/3107347/philips-brivnik-za-nosne-in-usesne-dlacice-nt1000,dm
Britvice,PHILIPS OneBlade,"Nadomestne glave za brivnik 360 blade, 1 kos","24,95 €",https://www.dm.si/p/d/1916523/philips-oneblade-nadomestne-glave-za-brivnik-360-blade,dm
Britvice,PHILIPS OneBlade,"Nadomestne glave za brivnik 360 blade, 3 kos","35,95 €",https://www.dm.si/p/d/1574418/philips-oneblade-nadomestne-glave-za-brivnik-360-blade,dm
Britvice,PHILIPS OneBlade,"Nadomestne glave za brivnik OneBlade Intimate, 2 kos","28,95 €",https://www.dm.si/p/d/2723004/philips-oneblade-nadomestne-glave-za-brivnik-oneblade-intimate,dm
Izdelki za otroke,PHILIPS OneBlade,"Brivnik OneBlade Intimate, 1 kos","24,95 €",https://www.dm.si/p/d/2722995/philips-oneblade-brivnik-oneblade-intimate,dm
Izdelki za otroke,PHILIPS,"Trimer All-in-One 5000 10 v 1, 1 kos","49,95 €",https://www.dm.si/p/d/3103647/philips-trimer-all-in-one-5000-10-v-1,dm
Izdelki za otroke,PHILIPS,"Brivnik za glavo Shaver Series 5000, 1 kos","69,95 €",https://www.dm.si/p/d/3127724/philips-brivnik-za-glavo-shaver-series-5000,dm
Izdelki za otroke,PHILIPS,"Trimer All-in-One 7000 17 v 1, 1 kos","89,95 €",https://www.dm.si/p/d/3115312/philips-trimer-all-in-one-7000-17-v-1,dm
Izdelki za otroke,PHILIPS,"Brivnik Shaver Series 5000X za mokro in suho..., 1 kos","79,95 €",https://www.dm.si/p/d/3109382/philips-brivnik-shaver-series-5000x-za-mokro-in-suho-britje,dm
Izdelki za otroke,PHILIPS,"Urejevalnik brade 5000 BT5515, 1 kos","62,95 €",https://www.dm.si/p/d/3129776/philips-urejevalnik-brade-5000-bt5515,dm
Izdelki za otroke,PHILIPS,"Brivnik za nosne in ušesne dlačice NT1000, 1 kos","16,95 €",https://www.dm.si/p/d/3107347/philips-brivnik-za-nosne-in-usesne-dlacice-nt1000,dm
Izdelki za otroke,PHILIPS OneBlade,"Nadomestne glave za brivnik 360 blade, 1 kos","24,95 €",https://www.dm.si/p/d/1916523/philips-oneblade-nadomestne-glave-za-brivnik-360-blade,dm
Izdelki za otroke,PHILIPS OneBlade,"Nadomestne glave za brivnik 360 blade, 3 kos","35,95 €",https://www.dm.si/p/d/1574418/philips-oneblade-nadomestne-glave-za-brivnik-360-blade,dm
Izdelki za otroke,PHILIPS OneBlade,"Nadomestne glave za brivnik OneBlade Intimate, 2 kos","28,95 €",https://www.dm.si/p/d/2723004/philips-oneblade-nadomestne-glave-za-brivnik-oneblade-intimate,dm
Nega med dojenjem,PHILIPS OneBlade,"Brivnik OneBlade Intimate, 1 kos","24,95 €",https://www.dm.si/p/d/2722995/philips-oneblade-brivnik-oneblade-intimate,dm
Nega med dojenjem,PHILIPS,"Trimer All-in-One 5000 10 v 1, 1 kos","49,95 €",https://www.dm.si/p/d/3103647/philips-trimer-all-in-one-5000-10-v-1,dm
Nega med dojenjem,PHILIPS,"Brivnik za glavo Shaver Series 5000, 1 kos","69,95 €",https://www.dm.si/p/d/3127724/philips-brivnik-za-glavo-shaver-series-5000,dm
Nega med dojenjem,PHILIPS,"Trimer All-in-One 7000 17 v 1, 1 kos","89,95 €",https://www.dm.si/p/d/3115312/philips-trimer-all-in-one-7000-17-v-1,dm
Nega med dojenjem,PHILIPS,"Brivnik Shaver Series 5000X za mokro in suho..., 1 kos","79,95 €",https://www.dm.si/p/d/3109382/philips-brivnik-shaver-series-5000x-za-mokro-in-suho-britje,dm
Nega med dojenjem,PHILIPS,"Urejevalnik brade 5000 BT5515, 1 kos","62,95 €",https://www.dm.si/p/d/3129776/philips-urejevalnik-brade-5000-bt5515,dm
Nega med dojenjem,PHILIPS,"Brivnik za nosne in ušesne dlačice NT1000, 1 kos","16,95 €",https://www.dm.si/p/d/3107347/philips-brivnik-za-nosne-in-usesne-dlacice-nt1000,dm
Nega med dojenjem,PHILIPS OneBlade,"Nadomestne glave za brivnik 360 blade, 1 kos","24,95 €",https://www.dm.si/p/d/1916523/philips-oneblade-nadomestne-glave-za-brivnik-360-blade,dm
Nega med dojenjem,PHILIPS OneBlade,"Nadomestne glave za brivnik 360 blade, 3 kos","35,95 €",https://www.dm.si/p/d/1574418/philips-oneblade-nadomestne-glave-za-brivnik-360-blade,dm
Nega med dojenjem,PHILIPS OneBlade,"Nadomestne glave za brivnik OneBlade Intimate, 2 kos","28,95 €",https://www.dm.si/p/d/2723004/philips-oneblade-nadomestne-glave-za-brivnik-oneblade-intimate,dm
Prsne črpalke in ostalo,PHILIPS OneBlade,"Brivnik OneBlade Intimate, 1 kos","24,95 €",https://www.dm.si/p/d/2722995/philips-oneblade-brivnik-oneblade-intimate,dm
Prsne črpalke in ostalo,PHILIPS,"Trimer All-in-One 5000 10 v 1, 1 kos","49,95 €",https://www.dm.si/p/d/3103647/philips-trimer-all-in-one-5000-10-v-1,dm
Prsne črpalke in ostalo,PHILIPS,"Brivnik za glavo Shaver Series 5000, 1 kos","69,95 €",https://www.dm.si/p/d/3127724/philips-brivnik-za-glavo-shaver-series-5000,dm
Prsne črpalke in ostalo,PHILIPS,"Trimer All-in-One 7000 17 v 1, 1 kos","89,95 €",https://www.dm.si/p/d/3115312/philips-trimer-all-in-one-7000-17-v-1,dm
Prsne črpalke in ostalo,PHILIPS,"Brivnik Shaver Series 5000X za mokro in suho..., 1 kos","79,95 €",https://www.dm.si/p/d/3109382/philips-brivnik-shaver-series-5000x-za-mokro-in-suho-britje,dm
Prsne črpalke in ostalo,PHILIPS,"Urejevalnik brade 5000 BT5515, 1 kos","62,95 €",https://www.dm.si/p/d/3129776/philips-urejevalnik-brade-5000-bt5515,dm
Prsne črpalke in ostalo,PHILIPS,"Brivnik za nosne in ušesne dlačice NT1000, 1 kos","16,95 €",https://www.dm.si/p/d/3107347/philips-brivnik-za-nosne-in-usesne-dlacice-nt1000,dm
Prsne črpalke in ostalo,PHILIPS OneBlade,"Nadomestne glave za brivnik 360 blade, 1 kos","24,95 €",https://www.dm.si/p/d/1916523/philips-oneblade-nadomestne-glave-za-brivnik-360-blade,dm
Prsne črpalke in ostalo,PHILIPS OneBlade,"Nadomestne glave za brivnik 360 blade, 3 kos","35,95 €",https://www.dm.si/p/d/1574418/philips-oneblade-nadomestne-glave-za-brivnik-360-blade,dm
Prsne črpalke in ostalo,PHILIPS OneBlade,"Nadomestne glave za brivnik OneBlade Intimate, 2 kos","28,95 €",https://www.dm.si/p/d/2723004/philips-oneblade-nadomestne-glave-za-brivnik-oneblade-intimate,dm
Zobne prhe,PHILIPS OneBlade,"Brivnik OneBlade Intimate, 1 kos","24,95 €",https://www.dm.si/p/d/2722995/philips-oneblade-brivnik-oneblade-intimate,dm
Zobne prhe,PHILIPS,"Trimer All-in-One 5000 10 v 1, 1 kos","49,95 €",https://www.dm.si/p/d/3103647/philips-trimer-all-in-one-5000-10-v-1,dm
Zobne prhe,PHILIPS,"Brivnik za glavo Shaver Series 5000, 1 kos","69,95 €",https://www.dm.si/p/d/3127724/philips-brivnik-za-glavo-shaver-series-5000,dm
Zobne prhe,PHILIPS,"Trimer All-in-One 7000 17 v 1, 1 kos","89,95 €",https://www.dm.si/p/d/3115312/philips-trimer-all-in-one-7000-17-v-1,dm
Zobne prhe,PHILIPS,"Brivnik Shaver Series 5000X za mokro in suho..., 1 kos","79,95 €",https://www.dm.si/p/d/3109382/philips-brivnik-shaver-series-5000x-za-mokro-in-suho-britje,dm
Zobne prhe,PHILIPS,"Urejevalnik brade 5000 BT5515, 1 kos","62,95 €",https://www.dm.si/p/d/3129776/philips-urejevalnik-brade-5000-bt5515,dm
Zobne prhe,PHILIPS,"Brivnik za nosne in ušesne dlačice NT1000, 1 kos","16,95 €",https://www.dm.si/p/d/3107347/philips-brivnik-za-nosne-in-usesne-dlacice-nt1000,dm
Zobne prhe,PHILIPS OneBlade,"Nadomestne glave za brivnik 360 blade, 1 kos","24,95 €",https://www.dm.si/p/d/1916523/philips-oneblade-nadomestne-glave-za-brivnik-360-blade,dm
Zobne prhe,PHILIPS OneBlade,"Nadomestne glave za brivnik 360 blade, 3 kos","35,95 €",https://www.dm.si/p/d/1574418/philips-oneblade-nadomestne-glave-za-brivnik-360-blade,dm
Zobne prhe,PHILIPS OneBlade,"Nadomestne glave za brivnik OneBlade Intimate, 2 kos","28,95 €",https://www.dm.si/p/d/2723004/philips-oneblade-nadomestne-glave-za-brivnik-oneblade-intimate,dm
Oprema za dojenčka in otroka,PHILIPS OneBlade,"Brivnik OneBlade Intimate, 1 kos","24,95 €",https://www.dm.si/p/d/2722995/philips-oneblade-brivnik-oneblade-intimate,dm
Oprema za dojenčka in otroka,PHILIPS,"Trimer All-in-One 5000 10 v 1, 1 kos","49,95 €",https://www.dm.si/p/d/3103647/philips-trimer-all-in-one-5000-10-v-1,dm
Oprema za dojenčka in otroka,PHILIPS,"Brivnik za glavo Shaver Series 5000, 1 kos","69,95 €",https://www.dm.si/p/d/3127724/philips-brivnik-za-glavo-shaver-series-5000,dm
Oprema za dojenčka in otroka,PHILIPS,"Trimer All-in-One 7000 17 v 1, 1 kos","89,95 €",https://www.dm.si/p/d/3115312/philips-trimer-all-in-one-7000-17-v-1,dm
Oprema za dojenčka in otroka,PHILIPS,"Brivnik Shaver Series 5000X za mokro in suho..., 1 kos","79,95 €",https://www.dm.si/p/d/3109382/philips-brivnik-shaver-series-5000x-za-mokro-in-suho-britje,dm
Oprema za dojenčka in otroka,PHILIPS,"Urejevalnik brade 5000 BT5515, 1 kos","62,95 €",https://www.dm.si/p/d/3129776/philips-urejevalnik-brade-5000-bt5515,dm
Oprema za dojenčka in otroka,PHILIPS,"Brivnik za nosne in ušesne dlačice NT1000, 1 kos","16,95 €",https://www.dm.si/p/d/3107347/philips-brivnik-za-nosne-in-usesne-dlacice-nt1000,dm
Oprema za dojenčka in otroka,PHILIPS OneBlade,"Nadomestne glave za brivnik 360 blade, 1 kos","24,95 €",https://www.dm.si/p/d/1916523/philips-oneblade-nadomestne-glave-za-brivnik-360-blade,dm
Oprema za dojenčka in otroka,PHILIPS OneBlade,"Nadomestne glave za brivnik 360 blade, 3 kos","35,95 €",https://www.dm.si/p/d/1574418/philips-oneblade-nadomestne-glave-za-brivnik-360-blade,dm
Oprema za dojenčka in otroka,PHILIPS OneBlade,"Nadomestne glave za brivnik OneBlade Intimate, 2 kos","28,95 €",https://www.dm.si/p/d/2723004/philips-oneblade-nadomestne-glave-za-brivnik-oneblade-intimate,dm
Z dojenčkom in otrokom na poti,PHILIPS OneBlade,"Brivnik OneBlade Intimate, 1 kos","24,95 €",https://www.dm.si/p/d/2722995/philips-oneblade-brivnik-oneblade-intimate,dm
Z dojenčkom in otrokom na poti,PHILIPS,"Trimer All-in-One 5000 10 v 1, 1 kos","49,95 €",https://www.dm.si/p/d/3103647/philips-trimer-all-in-one-5000-10-v-1,dm
Z dojenčkom in otrokom na poti,PHILIPS,"Brivnik za glavo Shaver Series 5000, 1 kos","69,95 €",https://www.dm.si/p/d/3127724/philips-brivnik-za-glavo-shaver-series-5000,dm
Z dojenčkom in otrokom na poti,PHILIPS,"Trimer All-in-One 7000 17 v 1, 1 kos","89,95 €",https://www.dm.si/p/d/3115312/philips-trimer-all-in-one-7000-17-v-1,dm
Z dojenčkom in otrokom na poti,PHILIPS,"Brivnik Shaver Series 5000X za mokro in suho..., 1 kos","79,95 €",https://www.dm.si/p/d/3109382/philips-brivnik-shaver-series-5000x-za-mokro-in-suho-britje,dm
Z dojenčkom in otrokom na poti,PHILIPS,"Urejevalnik brade 5000 BT5515, 1 kos","62,95 €",https://www.dm.si/p/d/3129776/philips-urejevalnik-brade-5000-bt5515,dm
Z dojenčkom in otrokom na poti,PHILIPS,"Brivnik za nosne in ušesne dlačice NT1000, 1 kos","16,95 €",https://www.dm.si/p/d/3107347/philips-brivnik-za-nosne-in-usesne-dlacice-nt1000,dm
Z dojenčkom in otrokom na poti,PHILIPS OneBlade,"Nadomestne glave za brivnik 360 blade, 1 kos","24,95 €",https://www.dm.si/p/d/1916523/philips-oneblade-nadomestne-glave-za-brivnik-360-blade,dm
Z dojenčkom in otrokom na poti,PHILIPS OneBlade,"Nadomestne glave za brivnik 360 blade, 3 kos","35,95 €",https://www.dm.si/p/d/1574418/philips-oneblade-nadomestne-glave-za-brivnik-360-blade,dm
Z dojenčkom in otrokom na poti,PHILIPS OneBlade,"Nadomestne glave za brivnik OneBlade Intimate, 2 kos","28,95 €",https://www.dm.si/p/d/2723004/philips-oneblade-nadomestne-glave-za-brivnik-oneblade-intimate,dm
