product_name,website,product_url
Fairtrade Passionsfrucht,lidl.ch,https://sortiment.lidl.ch/de/catalog/product/view/id/12916/s/fairtrade-passionsfrucht-0080747/category/64/
Bio Snack Rüebli,lidl.ch,https://sortiment.lidl.ch/de/catalog/product/view/id/14853/s/bio-snack-rueebli-0084449/category/64/
Bio Buschbohnen,lidl.ch,https://sortiment.lidl.ch/de/catalog/product/view/id/14170/s/bio-buschbohnen-0084387/category/64/
Schweizer Zwiebeln gelb,lidl.ch,https://sortiment.lidl.ch/de/catalog/product/view/id/15449/s/schweizer-zwiebeln-gelb-0083331/category/64/
Fairtrade Bio Bananen,lidl.ch,https://sortiment.lidl.ch/de/catalog/product/view/id/12782/s/fairtrade-bio-bananen-0081510/category/64/
Schweizer Kohlrabi,lidl.ch,https://sortiment.lidl.ch/de/catalog/product/view/id/13738/s/schweizer-kohlrabi-0082735/category/64/
Schweizer Fenchel,lidl.ch,https://sortiment.lidl.ch/de/catalog/product/view/id/13691/s/schweizer-fenchel-0082690/category/64/
Granatapfel,lidl.ch,https://sortiment.lidl.ch/de/catalog/product/view/id/12901/s/granatapfel-0080646/category/64/
Ananas Extra sweet,lidl.ch,https://sortiment.lidl.ch/de/catalog/product/view/id/12895/s/ananas-extra-sweet-0080611/category/64/
Süsskartoffeln,lidl.ch,https://sortiment.lidl.ch/de/catalog/product/view/id/12917/s/suesskartoffeln-0080755/category/64/
Schweizer Chicorée,lidl.ch,https://sortiment.lidl.ch/de/catalog/product/view/id/11844/s/schweizer-chicoree-0082015/category/64/
Schweizer Lauchzwiebeln,lidl.ch,https://sortiment.lidl.ch/de/catalog/product/view/id/11821/s/schweizer-lauchzwiebeln-0082236/category/64/
Zwiebeln rot,lidl.ch,https://sortiment.lidl.ch/de/catalog/product/view/id/11787/s/zwiebeln-rot-0083352/category/64/
Schweizer Zuckermais,lidl.ch,https://sortiment.lidl.ch/de/catalog/product/view/id/21565/s/schweizer-zuckermais-0082862/category/64/
Schweizer Bio Auberginen,lidl.ch,https://sortiment.lidl.ch/de/catalog/product/view/id/21541/s/schweizer-bio-auberginen-0084397/category/64/
Pfirsiche,lidl.ch,https://sortiment.lidl.ch/de/catalog/product/view/id/21521/s/pfirsiche-0080401/category/64/
Nektarinen,lidl.ch,https://sortiment.lidl.ch/de/catalog/product/view/id/21520/s/nektarinen-0080386/category/64/
Kirschen im Beutel,lidl.ch,https://sortiment.lidl.ch/de/catalog/product/view/id/21511/s/kirschen-im-beutel-0080356/category/64/
Schweizer Kartoffeln,lidl.ch,https://sortiment.lidl.ch/de/catalog/product/view/id/21416/s/schweizer-kartoffeln-0083205/category/64/
Basilikum im Topf XXL,lidl.ch,https://sortiment.lidl.ch/de/catalog/product/view/id/21412/s/basilikum-im-topf-xxl-0083540/category/64/
Avocado,lidl.ch,https://sortiment.lidl.ch/de/catalog/product/view/id/21369/s/avocado-0080737/category/64/
Schweizer Bio Snack Gurken,lidl.ch,https://sortiment.lidl.ch/de/catalog/product/view/id/21343/s/schweizer-bio-snack-gurken-0084522/category/64/
Schweizer Mini Tomaten mix,lidl.ch,https://sortiment.lidl.ch/de/catalog/product/view/id/21244/s/schweizer-mini-tomaten-mix-0082423/category/64/
Minze geschnitten,lidl.ch,https://sortiment.lidl.ch/de/catalog/product/view/id/21107/s/minze-geschnitten-0083073/category/64/
Paprika grün Spitz Grill & Back,lidl.ch,https://sortiment.lidl.ch/de/catalog/product/view/id/21072/s/paprika-gruen-spitz-grill-back-0082553/category/64/
Schweizer Apfel grün,lidl.ch,https://sortiment.lidl.ch/de/catalog/product/view/id/20970/s/schweizer-apfel-gruen-0080189/category/64/
Koriander,lidl.ch,https://sortiment.lidl.ch/de/catalog/product/view/id/20939/s/koriander-0083110/category/64/
Dill,lidl.ch,https://sortiment.lidl.ch/de/catalog/product/view/id/20870/s/dill-0083080/category/64/
Cherryrispentomaten,lidl.ch,https://sortiment.lidl.ch/de/catalog/product/view/id/20784/s/cherryrispentomaten-0082387/category/64/
Paprika rot,lidl.ch,https://sortiment.lidl.ch/de/catalog/product/view/id/20756/s/paprika-rot-0082620/category/64/
Avocado,lidl.ch,https://sortiment.lidl.ch/de/catalog/product/view/id/20677/s/avocado-0080620/category/64/
Orangen,lidl.ch,https://sortiment.lidl.ch/de/catalog/product/view/id/20675/s/orangen-0080144/category/64/
Schweizer Karotten,lidl.ch,https://sortiment.lidl.ch/de/catalog/product/view/id/20571/s/schweizer-karotten-0082762/category/64/
Bio Paprika Mix,lidl.ch,https://sortiment.lidl.ch/de/catalog/product/view/id/20570/s/bio-paprika-mix-0084406/category/64/
Bio Ingwer lose,lidl.ch,https://sortiment.lidl.ch/de/catalog/product/view/id/20297/s/bio-ingwer-lose-0081724/category/64/
Schweizer Bio Rüebli Mix,lidl.ch,https://sortiment.lidl.ch/de/catalog/product/view/id/20013/s/schweizer-bio-rueebli-mix-0084609/category/64/
Soloknoblauch,lidl.ch,https://sortiment.lidl.ch/de/catalog/product/view/id/19679/s/soloknoblauch-0082709/category/64/
Beerenmix,lidl.ch,https://sortiment.lidl.ch/de/catalog/product/view/id/19452/s/beerenmix-0080871/category/64/
Schweizer Erdbeeren,lidl.ch,https://sortiment.lidl.ch/de/catalog/product/view/id/19373/s/schweizer-erdbeeren-0080810/category/64/
Bio Baby Wassermelone,lidl.ch,https://sortiment.lidl.ch/de/catalog/product/view/id/19372/s/bio-baby-wassermelone-0081654/category/64/
Zuckermelone Piel de Sapo,lidl.ch,https://sortiment.lidl.ch/de/catalog/product/view/id/19371/s/zuckermelone-piel-de-sapo-0080580/category/64/
Honigmelone,lidl.ch,https://sortiment.lidl.ch/de/catalog/product/view/id/19370/s/honigmelone-0080550/category/64/
Schweizer Rispentomaten,lidl.ch,https://sortiment.lidl.ch/de/catalog/product/view/id/19262/s/schweizer-rispentomaten-0082466/category/64/
Schweizer Cherryrispen-,lidl.ch,https://sortiment.lidl.ch/de/catalog/product/view/id/19222/s/schweizer-cherryrispen--0082393/category/64/
Schweizer Gurken,lidl.ch,https://sortiment.lidl.ch/de/catalog/product/view/id/19153/s/schweizer-gurken-0082233/category/64/
Kiwi,lidl.ch,https://sortiment.lidl.ch/de/catalog/product/view/id/19106/s/kiwi-0080680/category/64/
Cantaloupmelone,lidl.ch,https://sortiment.lidl.ch/de/catalog/product/view/id/18877/s/cantaloupmelone-0080535/category/64/
Galiamelone,lidl.ch,https://sortiment.lidl.ch/de/catalog/product/view/id/18728/s/galiamelone-0080545/category/64/
Mandarinen,lidl.ch,https://sortiment.lidl.ch/de/catalog/product/view/id/18500/s/mandarinen-0080090/category/64/
Mango,lidl.ch,https://sortiment.lidl.ch/de/catalog/product/view/id/18376/s/mango-0080715/category/64/
Schweizer Kartoffeln,lidl.ch,https://sortiment.lidl.ch/de/catalog/product/view/id/18224/s/schweizer-kartoffeln-0083245/category/64/
"Spitzpaprika grün, scharf",lidl.ch,https://sortiment.lidl.ch/de/catalog/product/view/id/17603/s/spitzpaprika-gruen-scharf-0082577/category/64/
Schweizer Kartoffeln,lidl.ch,https://sortiment.lidl.ch/de/catalog/product/view/id/17301/s/schweizer-kartoffeln-0083225/category/64/
Ebly Zartweizen,lidl.ch,https://sortiment.lidl.ch/de/catalog/product/view/id/17137/s/ebly-zartweizen-0008998/category/64/
Schweizer Kartoffeln,lidl.ch,https://sortiment.lidl.ch/de/catalog/product/view/id/16980/s/schweizer-kartoffeln-0083275/category/64/
Blumenkohl und Broccoli Mini Mix,lidl.ch,https://sortiment.lidl.ch/de/catalog/product/view/id/16547/s/blumenkohl-und-broccoli-mini-mix-0082887/category/64/
Schweizer Saucenzwiebeln Mix,lidl.ch,https://sortiment.lidl.ch/de/catalog/product/view/id/16529/s/schweizer-saucenzwiebeln-mix-0083343/category/64/
Schweizer Rüebli,lidl.ch,https://sortiment.lidl.ch/de/catalog/product/view/id/16457/s/schweizer-rueebli-0082755/category/64/
Schweizer Pak Choi,lidl.ch,https://sortiment.lidl.ch/de/catalog/product/view/id/16197/s/schweizer-pak-choi-0082923/category/64/
Schweizer Dattelcherrytomaten,lidl.ch,https://sortiment.lidl.ch/de/catalog/product/view/id/16087/s/schweizer-dattelcherrytomaten-0082410/category/64/
Schweizer Kartoffeln,lidl.ch,https://sortiment.lidl.ch/de/catalog/product/view/id/16055/s/schweizer-kartoffeln-0083223/category/64/
Heidelbeeren,lidl.ch,https://sortiment.lidl.ch/de/catalog/product/view/id/15968/s/heidelbeeren-0080818/category/64/
Bio Champignons braun,lidl.ch,https://sortiment.lidl.ch/de/catalog/product/view/id/15947/s/bio-champignons-braun-0084597/category/64/
Kirschen,lidl.ch,https://sortiment.lidl.ch/de/catalog/product/view/id/15878/s/kirschen-0080363/category/64/
Fairtrade Baby Bananen,lidl.ch,https://sortiment.lidl.ch/de/catalog/product/view/id/15826/s/fairtrade-baby-bananen-0080021/category/64/
Zitronen,lidl.ch,https://sortiment.lidl.ch/de/catalog/product/view/id/15786/s/zitronen-0080171/category/64/
Schweizer Schalotten,lidl.ch,https://sortiment.lidl.ch/de/catalog/product/view/id/15555/s/schweizer-schalotten-0083377/category/64/
Spitzpeperoni hellgrün,lidl.ch,https://sortiment.lidl.ch/de/catalog/product/view/id/15399/s/spitzpeperoni-hellgruen-0082569/category/64/
Schweizer Rüebli,lidl.ch,https://sortiment.lidl.ch/de/catalog/product/view/id/15344/s/schweizer-rueebli-0082761/category/64/
Bio Birnen,lidl.ch,https://sortiment.lidl.ch/de/catalog/product/view/id/14749/s/bio-birnen-0081580/category/64/
Saftorangen,lidl.ch,https://sortiment.lidl.ch/de/catalog/product/view/id/14074/s/saftorangen-0080155/category/64/
Baby Wassermelonen,lidl.ch,https://sortiment.lidl.ch/de/catalog/product/view/id/13976/s/baby-wassermelonen-0080537/category/64/
Limette,lidl.ch,https://sortiment.lidl.ch/de/catalog/product/view/id/13946/s/limette-0080066/category/64/
Schweizer Äpfel rot,lidl.ch,https://sortiment.lidl.ch/de/catalog/product/view/id/13891/s/schweizer-aepfel-rot-0080229/category/64/
Schweizer Bio Romana,lidl.ch,https://sortiment.lidl.ch/de/catalog/product/view/id/13774/s/schweizer-bio-romana-0084426/category/64/
Bio Baby Spinat,lidl.ch,https://sortiment.lidl.ch/de/catalog/product/view/id/13744/s/bio-baby-spinat-0084440/category/64/
Dattelcherry-Tomaten,lidl.ch,https://sortiment.lidl.ch/de/catalog/product/view/id/13741/s/dattelcherry-tomaten-0082411/category/64/
Schweizer Äpfel rot,lidl.ch,https://sortiment.lidl.ch/de/catalog/product/view/id/13737/s/schweizer-aepfel-rot-0080220/category/64/
Orangen,lidl.ch,https://sortiment.lidl.ch/de/catalog/product/view/id/13690/s/orangen-0080135/category/64/
Mango,lidl.ch,https://sortiment.lidl.ch/de/catalog/product/view/id/12928/s/mango-0080711/category/64/
Bio Kiwi grün,lidl.ch,https://sortiment.lidl.ch/de/catalog/product/view/id/12921/s/bio-kiwi-gruen-0081676/category/64/
Bio Avocado,lidl.ch,https://sortiment.lidl.ch/de/catalog/product/view/id/12919/s/bio-avocado-0081671/category/64/
Physalis,lidl.ch,https://sortiment.lidl.ch/de/catalog/product/view/id/12913/s/physalis-0080735/category/64/
Papaya,lidl.ch,https://sortiment.lidl.ch/de/catalog/product/view/id/12911/s/papaya-0080725/category/64/
Kiwi Gold,lidl.ch,https://sortiment.lidl.ch/de/catalog/product/view/id/12906/s/kiwi-gold-0080690/category/64/
Kiwi,lidl.ch,https://sortiment.lidl.ch/de/catalog/product/view/id/12905/s/kiwi-0080676/category/64/
Kaki,lidl.ch,https://sortiment.lidl.ch/de/catalog/product/view/id/12902/s/kaki-0080656/category/64/
Avocado,lidl.ch,https://sortiment.lidl.ch/de/catalog/product/view/id/12896/s/avocado-0080619/category/64/
Grapefruit,lidl.ch,https://sortiment.lidl.ch/de/catalog/product/view/id/12893/s/grapefruit-0080041/category/64/
Mandarinen,lidl.ch,https://sortiment.lidl.ch/de/catalog/product/view/id/12891/s/mandarinen-0080085/category/64/
Bio Zitronen,lidl.ch,https://sortiment.lidl.ch/de/catalog/product/view/id/12890/s/bio-zitronen-0081540/category/64/
Bio Zitronen,lidl.ch,https://sortiment.lidl.ch/de/catalog/product/view/id/12889/s/bio-zitronen-0081536/category/64/
Bio Orangen,lidl.ch,https://sortiment.lidl.ch/de/catalog/product/view/id/12888/s/bio-orangen-0081532/category/64/
Zitrone,lidl.ch,https://sortiment.lidl.ch/de/catalog/product/view/id/12885/s/zitrone-0080161/category/64/
Orangen,lidl.ch,https://sortiment.lidl.ch/de/catalog/product/view/id/12882/s/orangen-0080142/category/64/
Bio Heidelbeeren,lidl.ch,https://sortiment.lidl.ch/de/catalog/product/view/id/12866/s/bio-heidelbeeren-0081685/category/64/
Himbeeren,lidl.ch,https://sortiment.lidl.ch/de/catalog/product/view/id/12863/s/himbeeren-0080838/category/64/
Himbeeren,lidl.ch,https://sortiment.lidl.ch/de/catalog/product/view/id/12862/s/himbeeren-0080835/category/64/
Heidelbeeren,lidl.ch,https://sortiment.lidl.ch/de/catalog/product/view/id/12860/s/heidelbeeren-0080823/category/64/
Schweizer Erdbeeren,lidl.ch,https://sortiment.lidl.ch/de/catalog/product/view/id/12852/s/schweizer-erdbeeren-0080801/category/64/
Brombeeren,lidl.ch,https://sortiment.lidl.ch/de/catalog/product/view/id/12851/s/brombeeren-0080790/category/64/
Plattpfirsiche,lidl.ch,https://sortiment.lidl.ch/de/catalog/product/view/id/12850/s/plattpfirsiche-0080446/category/64/
Bio Nektarinen,lidl.ch,https://sortiment.lidl.ch/de/catalog/product/view/id/12846/s/bio-nektarinen-0081591/category/64/
Plattnektarinen,lidl.ch,https://sortiment.lidl.ch/de/catalog/product/view/id/12843/s/plattnektarinen-0080451/category/64/
Plattpfirsiche,lidl.ch,https://sortiment.lidl.ch/de/catalog/product/view/id/12842/s/plattpfirsiche-0080445/category/64/
Pflaumen dunkel,lidl.ch,https://sortiment.lidl.ch/de/catalog/product/view/id/12839/s/pflaumen-dunkel-0080415/category/64/
Pflaumen,lidl.ch,https://sortiment.lidl.ch/de/catalog/product/view/id/12838/s/pflaumen-0080410/category/64/
Pfirsiche,lidl.ch,https://sortiment.lidl.ch/de/catalog/product/view/id/12836/s/pfirsiche-0080403/category/64/
Pfirsiche,lidl.ch,https://sortiment.lidl.ch/de/catalog/product/view/id/12835/s/pfirsiche-0080395/category/64/
Nektarinen,lidl.ch,https://sortiment.lidl.ch/de/catalog/product/view/id/12834/s/nektarinen-0080388/category/64/
Nektarinen,lidl.ch,https://sortiment.lidl.ch/de/catalog/product/view/id/12832/s/nektarinen-0080380/category/64/
Kirschen,lidl.ch,https://sortiment.lidl.ch/de/catalog/product/view/id/12831/s/kirschen-0080355/category/64/
Aprikosen,lidl.ch,https://sortiment.lidl.ch/de/catalog/product/view/id/12830/s/aprikosen-0080346/category/64/
Aprikosen,lidl.ch,https://sortiment.lidl.ch/de/catalog/product/view/id/12828/s/aprikosen-0080340/category/64/
Schweizer Äpfel grün,lidl.ch,https://sortiment.lidl.ch/de/catalog/product/view/id/12827/s/schweizer-aepfel-gruen-0080188/category/64/
Schweizer Bio Äpfel rot,lidl.ch,https://sortiment.lidl.ch/de/catalog/product/view/id/12824/s/schweizer-bio-aepfel-rot-0081560/category/64/
Nashi Birnen,lidl.ch,https://sortiment.lidl.ch/de/catalog/product/view/id/12821/s/nashi-birnen-0080316/category/64/
Birnen,lidl.ch,https://sortiment.lidl.ch/de/catalog/product/view/id/12817/s/birnen-0080281/category/64/
Birnen lose,lidl.ch,https://sortiment.lidl.ch/de/catalog/product/view/id/12816/s/birnen-lose-0080275/category/64/
Schweizer Äpfel rot,lidl.ch,https://sortiment.lidl.ch/de/catalog/product/view/id/12815/s/schweizer-aepfel-rot-0080236/category/64/
Schweizer Äpfel rot,lidl.ch,https://sortiment.lidl.ch/de/catalog/product/view/id/12813/s/schweizer-aepfel-rot-0080227/category/64/
Äpfel Pink Lady,lidl.ch,https://sortiment.lidl.ch/de/catalog/product/view/id/12812/s/aepfel-pink-lady-0080215/category/64/
Schweizer Äpfel grün,lidl.ch,https://sortiment.lidl.ch/de/catalog/product/view/id/12810/s/schweizer-aepfel-gruen-0080185/category/64/
Wassermelone,lidl.ch,https://sortiment.lidl.ch/de/catalog/product/view/id/12806/s/wassermelone-0080575/category/64/
Wassermelone,lidl.ch,https://sortiment.lidl.ch/de/catalog/product/view/id/12805/s/wassermelone-0080570/category/64/
Trauben hell kernlos,lidl.ch,https://sortiment.lidl.ch/de/catalog/product/view/id/12790/s/trauben-hell-kernlos-0080505/category/64/
Trauben rot,lidl.ch,https://sortiment.lidl.ch/de/catalog/product/view/id/12789/s/trauben-rot-0080490/category/64/
Trauben rot kernlos,lidl.ch,https://sortiment.lidl.ch/de/catalog/product/view/id/12788/s/trauben-rot-kernlos-0080485/category/64/
Trauben Mix,lidl.ch,https://sortiment.lidl.ch/de/catalog/product/view/id/12786/s/trauben-mix-0080475/category/64/
Bananen,lidl.ch,https://sortiment.lidl.ch/de/catalog/product/view/id/12780/s/bananen-0080000/category/64/
Bio Quinoa tricolore / weiss,lidl.ch,https://sortiment.lidl.ch/de/catalog/product/view/id/12437/s/bio-quinoa-tricolore-weiss-0119437/category/64/
Bio Hülsenfrüchte,lidl.ch,https://sortiment.lidl.ch/de/catalog/product/view/id/12412/s/bio-huelsenfruechte-0119562/category/64/
Schweizer Blumenkohl,lidl.ch,https://sortiment.lidl.ch/de/catalog/product/view/id/11887/s/schweizer-blumenkohl-0082875/category/64/
Schweizer Weisskabis,lidl.ch,https://sortiment.lidl.ch/de/catalog/product/view/id/11879/s/schweizer-weisskabis-0082955/category/64/
Schweizer Pak Choi,lidl.ch,https://sortiment.lidl.ch/de/catalog/product/view/id/11876/s/schweizer-pak-choi-0082922/category/64/
Schweizer Chinakohl,lidl.ch,https://sortiment.lidl.ch/de/catalog/product/view/id/11874/s/schweizer-chinakohl-0082910/category/64/
Broccoli,lidl.ch,https://sortiment.lidl.ch/de/catalog/product/view/id/11873/s/broccoli-0082904/category/64/
Schweizer Broccoli,lidl.ch,https://sortiment.lidl.ch/de/catalog/product/view/id/11872/s/schweizer-broccoli-0082895/category/64/
Schweizer Eisbergsalat,lidl.ch,https://sortiment.lidl.ch/de/catalog/product/view/id/11867/s/schweizer-eisbergsalat-0082031/category/64/
Rucola,lidl.ch,https://sortiment.lidl.ch/de/catalog/product/view/id/11865/s/rucola-0082135/category/64/
Schweizer Eichblattsalat,lidl.ch,https://sortiment.lidl.ch/de/catalog/product/view/id/11862/s/schweizer-eichblattsalat-0082026/category/64/
Schweizer Kopfsalat,lidl.ch,https://sortiment.lidl.ch/de/catalog/product/view/id/11861/s/schweizer-kopfsalat-0082071/category/64/
Schweizer Bio Rucola,lidl.ch,https://sortiment.lidl.ch/de/catalog/product/view/id/11858/s/schweizer-bio-rucola-0084520/category/64/
Schweizer Bio Eisbergsalat,lidl.ch,https://sortiment.lidl.ch/de/catalog/product/view/id/11855/s/schweizer-bio-eisbergsalat-0084505/category/64/
Schweizer Bio Eichblattsalat,lidl.ch,https://sortiment.lidl.ch/de/catalog/product/view/id/11854/s/schweizer-bio-eichblattsalat-0084425/category/64/
Schweizer Kopfsalatherzen,lidl.ch,https://sortiment.lidl.ch/de/catalog/product/view/id/11852/s/schweizer-kopfsalatherzen-0082150/category/64/
Schweizer Triosalat mit,lidl.ch,https://sortiment.lidl.ch/de/catalog/product/view/id/11849/s/schweizer-triosalat-mit-0082114/category/64/
Schweizer Kopfsalat rot,lidl.ch,https://sortiment.lidl.ch/de/catalog/product/view/id/11848/s/schweizer-kopfsalat-rot-0082072/category/64/
Schweizer Kopfsalatherzen,lidl.ch,https://sortiment.lidl.ch/de/catalog/product/view/id/11847/s/schweizer-kopfsalatherzen-0082069/category/64/
Endivien Lavata,lidl.ch,https://sortiment.lidl.ch/de/catalog/product/view/id/11845/s/endivien-lavata-0082041/category/64/
Schweizer Bio Rispentomaten,lidl.ch,https://sortiment.lidl.ch/de/catalog/product/view/id/11841/s/schweizer-bio-rispentomaten-0084570/category/64/
Schweizer Bio Dattelcherry-,lidl.ch,https://sortiment.lidl.ch/de/catalog/product/view/id/11839/s/schweizer-bio-dattelcherry--0084560/category/64/
Schweizer Tomaten San Marzano,lidl.ch,https://sortiment.lidl.ch/de/catalog/product/view/id/11836/s/schweizer-tomaten-san-marzano-0082505/category/64/
Schweizer Tomaten Coeur de Boeuf,lidl.ch,https://sortiment.lidl.ch/de/catalog/product/view/id/11835/s/schweizer-tomaten-coeur-de-boeuf-0082500/category/64/
Schweizer Tomaten,lidl.ch,https://sortiment.lidl.ch/de/catalog/product/view/id/11832/s/schweizer-tomaten-0082480/category/64/
Romatomaten,lidl.ch,https://sortiment.lidl.ch/de/catalog/product/view/id/11830/s/romatomaten-0082446/category/64/
Schweizer Cherry-Rispentomaten,lidl.ch,https://sortiment.lidl.ch/de/catalog/product/view/id/11829/s/schweizer-cherry-rispentomaten-0082437/category/64/
Bio Zucchetti,lidl.ch,https://sortiment.lidl.ch/de/catalog/product/view/id/11819/s/bio-zucchetti-0084545/category/64/
Schweizer Auberginen,lidl.ch,https://sortiment.lidl.ch/de/catalog/product/view/id/11818/s/schweizer-auberginen-0082180/category/64/
Bio Gurke,lidl.ch,https://sortiment.lidl.ch/de/catalog/product/view/id/11816/s/bio-gurke-0084535/category/64/
Schweizer Zucchetti,lidl.ch,https://sortiment.lidl.ch/de/catalog/product/view/id/11808/s/schweizer-zucchetti-0082345/category/64/
Stangenbohnen,lidl.ch,https://sortiment.lidl.ch/de/catalog/product/view/id/11807/s/stangenbohnen-0082327/category/64/
Schweizer Spinat,lidl.ch,https://sortiment.lidl.ch/de/catalog/product/view/id/11806/s/schweizer-spinat-0082319/category/64/
Spargeln grün,lidl.ch,https://sortiment.lidl.ch/de/catalog/product/view/id/11803/s/spargeln-gruen-0082302/category/64/
Spargelspitzen grün,lidl.ch,https://sortiment.lidl.ch/de/catalog/product/view/id/11802/s/spargelspitzen-gruen-0082299/category/64/
Schweizer Radieschen,lidl.ch,https://sortiment.lidl.ch/de/catalog/product/view/id/11801/s/schweizer-radieschen-0082275/category/64/
Schweizer Stangenlauch,lidl.ch,https://sortiment.lidl.ch/de/catalog/product/view/id/11798/s/schweizer-stangenlauch-0082255/category/64/
Schweizer Gurke Nostrano,lidl.ch,https://sortiment.lidl.ch/de/catalog/product/view/id/11795/s/schweizer-gurke-nostrano-0082225/category/64/
Buschbohnen,lidl.ch,https://sortiment.lidl.ch/de/catalog/product/view/id/11792/s/buschbohnen-0082212/category/64/
Schweizer Bio Zwiebeln,lidl.ch,https://sortiment.lidl.ch/de/catalog/product/view/id/11791/s/schweizer-bio-zwiebeln-0084665/category/64/
Schweizer Bio Kartoffeln,lidl.ch,https://sortiment.lidl.ch/de/catalog/product/view/id/11788/s/schweizer-bio-kartoffeln-0084660/category/64/
Schweizer Zwiebeln,lidl.ch,https://sortiment.lidl.ch/de/catalog/product/view/id/11786/s/schweizer-zwiebeln-0083333/category/64/
Schweizer Zwiebeln gelb,lidl.ch,https://sortiment.lidl.ch/de/catalog/product/view/id/11785/s/schweizer-zwiebeln-gelb-0083325/category/64/
Baked Potatoes,lidl.ch,https://sortiment.lidl.ch/de/catalog/product/view/id/11784/s/baked-potatoes-0083318/category/64/
Schweizer Frühkartoffeln,lidl.ch,https://sortiment.lidl.ch/de/catalog/product/view/id/11778/s/schweizer-fruehkartoffeln-0083142/category/64/
Schweizer Gartenkräuter,lidl.ch,https://sortiment.lidl.ch/de/catalog/product/view/id/11774/s/schweizer-gartenkraeuter-0083090/category/64/
Champignons weiss,lidl.ch,https://sortiment.lidl.ch/de/catalog/product/view/id/11766/s/champignons-weiss-0083017/category/64/
Schweizer Champignons,lidl.ch,https://sortiment.lidl.ch/de/catalog/product/view/id/11765/s/schweizer-champignons-0083015/category/64/
Schweizer Champignons,lidl.ch,https://sortiment.lidl.ch/de/catalog/product/view/id/11763/s/schweizer-champignons-0083006/category/64/
Zuckermais gekocht,lidl.ch,https://sortiment.lidl.ch/de/catalog/product/view/id/11762/s/zuckermais-gekocht-0082864/category/64/
Schweizer Bio Randen,lidl.ch,https://sortiment.lidl.ch/de/catalog/product/view/id/11759/s/schweizer-bio-randen-0084634/category/64/
Schweizer Bio Rüebli,lidl.ch,https://sortiment.lidl.ch/de/catalog/product/view/id/11755/s/schweizer-bio-rueebli-0084611/category/64/
Schweizer Bio Fenchel,lidl.ch,https://sortiment.lidl.ch/de/catalog/product/view/id/11754/s/schweizer-bio-fenchel-0084605/category/64/
Zuckermais,lidl.ch,https://sortiment.lidl.ch/de/catalog/product/view/id/11747/s/zuckermais-0082860/category/64/
Schweizer Stangensellerie,lidl.ch,https://sortiment.lidl.ch/de/catalog/product/view/id/11746/s/schweizer-stangensellerie-0082845/category/64/
Schweizer Rettich,lidl.ch,https://sortiment.lidl.ch/de/catalog/product/view/id/11742/s/schweizer-rettich-0082811/category/64/
Schweizer Knollensellerie,lidl.ch,https://sortiment.lidl.ch/de/catalog/product/view/id/11738/s/schweizer-knollensellerie-0082720/category/64/
Knoblauch,lidl.ch,https://sortiment.lidl.ch/de/catalog/product/view/id/11737/s/knoblauch-0082711/category/64/
Bio Peperoni Mix,lidl.ch,https://sortiment.lidl.ch/de/catalog/product/view/id/11731/s/bio-peperoni-mix-0084587/category/64/
Peperoncini Mix,lidl.ch,https://sortiment.lidl.ch/de/catalog/product/view/id/11729/s/peperoncini-mix-0082660/category/64/
Spitzpeperoni rot,lidl.ch,https://sortiment.lidl.ch/de/catalog/product/view/id/11728/s/spitzpeperoni-rot-0082637/category/64/
Peperoni Mix,lidl.ch,https://sortiment.lidl.ch/de/catalog/product/view/id/11723/s/peperoni-mix-0082586/category/64/
Spitzpeperoni gelb,lidl.ch,https://sortiment.lidl.ch/de/catalog/product/view/id/11721/s/spitzpeperoni-gelb-0082541/category/64/
