product_name,pdp_url
"Paleta senčil za veke The Pure Nude, 9 g",https://www.dm.si/p/d/1664434/catrice-paleta-sencil-za-veke-the-pure-nude
"Paleta senčil Masterpiece 001 Nude, 6,5 g",https://www.dm.si/p/d/1872376/max-factor-paleta-sencil-masterpiece-001-nude
"Paleta senčil Ultimate Shadow - I Know That's Bright, 12,8 g",https://www.dm.si/p/d/1702182/nyx-professional-makeup-paleta-sencil-ultimate-shadow-i-know-that-s-bright
"Paleta senčil Masterpiece 003 Nude, 6,5 g",https://www.dm.si/p/d/1602150/max-factor-paleta-sencil-masterpiece-003-nude
"Paleta senčil the NUDE edition 10 Pretty In Nude, 10 g",https://www.dm.si/p/d/1635407/essence-paleta-sencil-the-nude-edition-10-pretty-in-nude
"Paleta senčil THE NUDES, 9,6 g",https://www.dm.si/p/d/1432426/maybelline-new-york-paleta-sencil-the-nudes
"Paleta senčil the ROSE edition 20 Lovely In Rose, 10 g",https://www.dm.si/p/d/1635408/essence-paleta-sencil-the-rose-edition-20-lovely-in-rose
"Paleta senčil Ultimate Shadow - Warm Neutrals, 12,8 g",https://www.dm.si/p/d/1704151/nyx-professional-makeup-paleta-sencil-ultimate-shadow-warm-neutrals
"Paleta senčil za veke The Dark Cocoa, 9 g",https://www.dm.si/p/d/3039209/catrice-paleta-sencil-za-veke-the-dark-cocoa
"Paleta senčil za veke, 50 Nude Glam, 11,2 g",https://www.dm.si/p/d/1453273/alverde-naturkosmetik-paleta-sencil-za-veke-50-nude-glam
"Paleta senčil za veke QUATTRO 37 Chocolate, 4,4 g",https://www.dm.si/p/d/1361483/alverde-naturkosmetik-paleta-sencil-za-veke-quattro-37-chocolate
"Paleta senčil za veke The Blushed Nudes, 9,6 g",https://www.dm.si/p/d/1445501/maybelline-new-york-paleta-sencil-za-veke-the-blushed-nudes
"Paleta senčil za veke Make up stories palette 004 Rose Addicted, 13,3 g",https://www.dm.si/p/d/2286126/pupa-paleta-sencil-za-veke-make-up-stories-palette-004-rose-addicted
"Tekoče senčilo za veke Vamp! - 01 Snow, 4 ml",https://www.dm.si/p/d/2291080/pupa-tekoce-sencilo-za-veke-vamp-01-snow
"Senčilo za veke v stiku Cooling Aqua 040, 1,4 g",https://www.dm.si/p/d/3044102/trend-t-up-sencilo-za-veke-v-stiku-cooling-aqua-040
"Look Up paleta senčil za veke But Why Not?, 11 g",https://www.dm.si/p/d/2278248/eveline-cosmetics-look-up-paleta-sencil-za-veke-but-why-not
"Senčilo za veke Wonder Match, 05 Golden Glow, 3 g",https://www.dm.si/p/d/2977916/eveline-cosmetics-sencilo-za-veke-wonder-match-05-golden-glow
"Darilni set za oči the NUDE edition 01 Eye'm So In Love!, 1 kos",https://www.dm.si/p/d/3103336/essence-darilni-set-za-oci-the-nude-edition-01-eye-m-so-in-love
"Senčilo za veke v stiku Cooling Aqua 030, 1,4 g",https://www.dm.si/p/d/3044105/trend-t-up-sencilo-za-veke-v-stiku-cooling-aqua-030
"Senčilo za oči v stiku Drunk'n Diamonds Jelly Topper – 030 Sunset Spark, 2,5 g",https://www.dm.si/p/d/3100387/catrice-sencilo-za-oci-v-stiku-drunk-n-diamonds-jelly-topper-030-sunset-spark
"Senčilo za oči v stiku Drunk'n Diamonds Jelly Topper – 020 Blossom Lights, 2,5 g",https://www.dm.si/p/d/3100386/catrice-sencilo-za-oci-v-stiku-drunk-n-diamonds-jelly-topper-020-blossom-lights
"Paleta senčil za veke The Deep Velvet, 9 g",https://www.dm.si/p/d/3111511/catrice-paleta-sencil-za-veke-the-deep-velvet
"Tekoče senčilo za veke Vamp! – 06 Bronze, 4 ml",https://www.dm.si/p/d/2291082/pupa-tekoce-sencilo-za-veke-vamp-06-bronze
"Senčilo za veke v stiku Cooling Aqua 010, 1,4 g",https://www.dm.si/p/d/3044103/trend-t-up-sencilo-za-veke-v-stiku-cooling-aqua-010
"Paleta senčil za veke QUATTRO 75 Smokey eyes, 4,4 g",https://www.dm.si/p/d/1561566/alverde-naturkosmetik-paleta-sencil-za-veke-quattro-75-smokey-eyes
"Senčilo za oči v stiku Drunk'n Diamonds Jelly Topper – 010 Moonlight Glow, 2,5 g",https://www.dm.si/p/d/3100385/catrice-sencilo-za-oci-v-stiku-drunk-n-diamonds-jelly-topper-010-moonlight-glow
"Senčilo za veke v stiku Cooling Aqua 050, 1,4 g",https://www.dm.si/p/d/3044106/trend-t-up-sencilo-za-veke-v-stiku-cooling-aqua-050
"Paleta senčil za veke Essential Rose, 9,6 g",https://www.dm.si/p/d/2285982/eveline-cosmetics-paleta-sencil-za-veke-essential-rose
"Paleta senčil chocoholic 010, 4,8 g",https://www.dm.si/p/d/1673795/trend-t-up-paleta-sencil-chocoholic-010
"Paleta senčil za veke Vamp! 002 Gold Bronze, 5,2 g",https://www.dm.si/p/d/2968960/pupa-paleta-sencil-za-veke-vamp-002-gold-bronze
"Paleta senčil za veke Vamp! 006 Deep Nude, 10 g",https://www.dm.si/p/d/2275189/pupa-paleta-sencil-za-veke-vamp-006-deep-nude
"Paleta senčil za veke Next Nude, 4,8 g",https://www.dm.si/p/d/2476887/trend-t-up-paleta-sencil-za-veke-next-nude
"Senčilo za veke, 01 All In One, 1,5 g",https://www.dm.si/p/d/1453301/alverde-naturkosmetik-sencilo-za-veke-01-all-in-one
"Paleta za ličenje oči in obraza Wonder Match, 14 g",https://www.dm.si/p/d/3081047/eveline-cosmetics-paleta-za-licenje-oci-in-obraza-wonder-match
"Paleta senčil za veke, 60 Emerald Dreams, 11,2 g",https://www.dm.si/p/d/1453274/alverde-naturkosmetik-paleta-sencil-za-veke-60-emerald-dreams
"Senčilo za veke Mono Eyeshadow Glitter, 02 Rosy Sparkle, 2 g",https://www.dm.si/p/d/3116977/essence-sencilo-za-veke-mono-eyeshadow-glitter-02-rosy-sparkle
"Kremno senčilo za oči v stiku Tierra, 1,8 g",https://www.dm.si/p/d/3049901/indy-beauty-kremno-sencilo-za-oci-v-stiku-tierra
"Senčilo za veke Wonder Match, 04 Brown, 3 g",https://www.dm.si/p/d/2977915/eveline-cosmetics-sencilo-za-veke-wonder-match-04-brown
"Look Up paleta senčil za veke Take Me On ..., 11 g",https://www.dm.si/p/d/2278260/eveline-cosmetics-look-up-paleta-sencil-za-veke-take-me-on
"Senčilo za veke Mono, 23 Pearly Grey, 1,5 g",https://www.dm.si/p/d/1453308/alverde-naturkosmetik-sencilo-za-veke-mono-23-pearly-grey
"Senčilo za veke Mono Eyeshadow Glitter, 01 Frosted Shine, 2 g",https://www.dm.si/p/d/3117003/essence-sencilo-za-veke-mono-eyeshadow-glitter-01-frosted-shine
"Senčilo za veke Wonder Match, 06 Rose Glow, 3 g",https://www.dm.si/p/d/2977917/eveline-cosmetics-sencilo-za-veke-wonder-match-06-rose-glow
"Look Up paleta senčil za veke Let's Try!, 11 g",https://www.dm.si/p/d/2278259/eveline-cosmetics-look-up-paleta-sencil-za-veke-let-s-try
"Senčilo za veke Mono Eyeshadow Glitter, 03 Blushed Stardust, 2 g",https://www.dm.si/p/d/3116989/essence-sencilo-za-veke-mono-eyeshadow-glitter-03-blushed-stardust
"Kremno senčilo za veke, 03 Oyster, 5 g",https://www.dm.si/p/d/3091042/essence-kremno-sencilo-za-veke-03-oyster
"Tekoče senčilo za veke Vamp! – 09 Cream, 4 ml",https://www.dm.si/p/d/2291083/pupa-tekoce-sencilo-za-veke-vamp-09-cream
"Večnamenska paleta za konturiranje 4 v 1 Celebrity Skin, 16 g",https://www.dm.si/p/d/3111286/eveline-cosmetics-vecnamenska-paleta-za-konturiranje-4-v-1-celebrity-skin
"Kremno senčilo za veke, 04 Cocoa, 5 g",https://www.dm.si/p/d/3091043/essence-kremno-sencilo-za-veke-04-cocoa
"Kremno senčilo za veke, 02 Pearl, 5 g",https://www.dm.si/p/d/3091041/essence-kremno-sencilo-za-veke-02-pearl
"Senčilo za veke, 02 Nude Gold, 1,5 g",https://www.dm.si/p/d/1453302/alverde-naturkosmetik-sencilo-za-veke-02-nude-gold
"Tekoče senčilo za oči 2 v 1 Dream Duo 010, 4,4 ml",https://www.dm.si/p/d/3112639/trend-t-up-tekoce-sencilo-za-oci-2-v-1-dream-duo-010
"Senčilo za veke in lica Luminous Touch - 010, 4,6 g",https://www.dm.si/p/d/3112642/trend-t-up-sencilo-za-veke-in-lica-luminous-touch-010
"Kremno senčilo za oči Metallic Spark, 020 Diamond Dust, 4 g",https://www.dm.si/p/d/3039205/catrice-kremno-sencilo-za-oci-metallic-spark-020-diamond-dust
"Paleta za konturiranje Wonder Match 01, 10,8 g",https://www.dm.si/p/d/2561553/eveline-cosmetics-paleta-za-konturiranje-wonder-match-01
"Kremno senčilo za oči v stiku Raven, 1,8 g",https://www.dm.si/p/d/3050100/indy-beauty-kremno-sencilo-za-oci-v-stiku-raven
"Paleta senčil Rocky Rose, 4,8 g",https://www.dm.si/p/d/1606495/trend-t-up-paleta-sencil-rocky-rose
"Senčilo za veke v stiku Cooling Aqua 020, 1,4 g",https://www.dm.si/p/d/3044104/trend-t-up-sencilo-za-veke-v-stiku-cooling-aqua-020
"Senčilo za veke Mono Eyeshadow Pearly, 01 Golden Glow, 2 g",https://www.dm.si/p/d/3116991/essence-sencilo-za-veke-mono-eyeshadow-pearly-01-golden-glow
"Tekoče senčilo za oči 2 v 1 Dream Duo 020, 4,4 ml",https://www.dm.si/p/d/3112640/trend-t-up-tekoce-sencilo-za-oci-2-v-1-dream-duo-020
"Kremno senčilo za veke, 01 Rose, 5 g",https://www.dm.si/p/d/3091040/essence-kremno-sencilo-za-veke-01-rose
"Tekoče senčilo za oči 2 v 1 Dream Duo 030, 4,4 ml",https://www.dm.si/p/d/3112641/trend-t-up-tekoce-sencilo-za-oci-2-v-1-dream-duo-030
"Senčilo za veke Wonder Match, 01 Base, 3 g",https://www.dm.si/p/d/2977872/eveline-cosmetics-sencilo-za-veke-wonder-match-01-base
"Senčilo za veke Mono Eyeshadow Matte, 03 Deep Ink, 2 g",https://www.dm.si/p/d/3117001/essence-sencilo-za-veke-mono-eyeshadow-matte-03-deep-ink
"Senčilo za oči Puzzle Party Metallic 020, 1,7 g",https://www.dm.si/p/d/3112655/trend-t-up-sencilo-za-oci-puzzle-party-metallic-020
"Senčilo za veke Mono Eyeshadow Matte, 01 Soft Beige, 2 g",https://www.dm.si/p/d/3117004/essence-sencilo-za-veke-mono-eyeshadow-matte-01-soft-beige
"Kremno senčilo za oči v stiku Cleopatra, 1,8 g",https://www.dm.si/p/d/3050109/indy-beauty-kremno-sencilo-za-oci-v-stiku-cleopatra
"Senčilo za veke Mono Eyeshadow Pearly, 02 Silky Taupe, 2 g",https://www.dm.si/p/d/3117032/essence-sencilo-za-veke-mono-eyeshadow-pearly-02-silky-taupe
"Senčilo za veke Mono Eyeshadow Pearly, 03 Bronzed Espresso, 2 g",https://www.dm.si/p/d/3117014/essence-sencilo-za-veke-mono-eyeshadow-pearly-03-bronzed-espresso
"Senčilo za veke Puzzle Party Metallic 040, 1,7 g",https://www.dm.si/p/d/3112657/trend-t-up-sencilo-za-veke-puzzle-party-metallic-040
"Senčilo za veke Mono Eyeshadow Matte, 02 Neutral Brown, 2 g",https://www.dm.si/p/d/3117005/essence-sencilo-za-veke-mono-eyeshadow-matte-02-neutral-brown
"Senčilo za veke Metallic Puzzle Party 010, 1,7 g",https://www.dm.si/p/d/3112654/trend-t-up-sencilo-za-veke-metallic-puzzle-party-010
"Senčilo za veke Puzzle Party Metallic 050, 1,7 g",https://www.dm.si/p/d/3112658/trend-t-up-sencilo-za-veke-puzzle-party-metallic-050
"Senčilo za veke Puzzle Party Metallic 030, 1,7 g",https://www.dm.si/p/d/3112656/trend-t-up-sencilo-za-veke-puzzle-party-metallic-030
"Senčilo za veke in lica Luminous Touch - 030, 4,6 g",https://www.dm.si/p/d/3112644/trend-t-up-sencilo-za-veke-in-lica-luminous-touch-030
"Senčilo za veke Puzzle Party Matte 060, 1,5 g",https://www.dm.si/p/d/3112653/trend-t-up-sencilo-za-veke-puzzle-party-matte-060
"Senčilo za veke Puzzle Party Matte 040, 1,5 g",https://www.dm.si/p/d/3112651/trend-t-up-sencilo-za-veke-puzzle-party-matte-040
"Senčilo za veke Wonder Match, 02 Neutral Nude, 3 g",https://www.dm.si/p/d/2977873/eveline-cosmetics-sencilo-za-veke-wonder-match-02-neutral-nude
"Kremno senčilo za oči v stiku Cinderella, 1,8 g",https://www.dm.si/p/d/3050133/indy-beauty-kremno-sencilo-za-oci-v-stiku-cinderella
"Senčilo za veke Glam Addiction, 080, 2,5 g",https://www.dm.si/p/d/3069941/trend-t-up-sencilo-za-veke-glam-addiction-080
"Tekoče senčilo za veke Ultimate Glow Shots, 05 Highkey Lychee, 7,5 ml",https://www.dm.si/p/d/1672869/nyx-professional-makeup-tekoce-sencilo-za-veke-ultimate-glow-shots-05-highkey-lychee
"Tekoče senčilo za veke Ultimate Glow Shots, 06 Golden Goji, 7,5 ml",https://www.dm.si/p/d/1672271/nyx-professional-makeup-tekoce-sencilo-za-veke-ultimate-glow-shots-06-golden-goji
"Paleta senčil za veke Miss Claus Party Girls, Pop Bubbly, 3,7 g",https://www.dm.si/p/d/1889482/bh-cosmetics-paleta-sencil-za-veke-miss-claus-party-girls-pop-bubbly
"Senčilo za oči Puzzle Party Matte 030, 1,5 g",https://www.dm.si/p/d/3112650/trend-t-up-sencilo-za-oci-puzzle-party-matte-030
"Paleta senčil za veke Miss Claus Party Girls, Sugarplum Princess, 3,7 g",https://www.dm.si/p/d/1889487/bh-cosmetics-paleta-sencil-za-veke-miss-claus-party-girls-sugarplum-princess
"Paleta senčil za veke Miss Claus Party Girls, Mistletoe Mischief, 3,7 g",https://www.dm.si/p/d/1889481/bh-cosmetics-paleta-sencil-za-veke-miss-claus-party-girls-mistletoe-mischief
"Kremno senčilo za oči v stiku Ashy, 1,8 g",https://www.dm.si/p/d/3050144/indy-beauty-kremno-sencilo-za-oci-v-stiku-ashy
"Tekoče senčilo za veke Ultimate Glow Shots, 09 Mango Moment, 7,5 ml",https://www.dm.si/p/d/1672871/nyx-professional-makeup-tekoce-sencilo-za-veke-ultimate-glow-shots-09-mango-moment
"Paleta za oči in lica 2v1 Spring And The City Glow Complex, C01 Rosé & Rooftops, 6,4 g",https://www.dm.si/p/d/3123309/catrice-paleta-za-oci-in-lica-2v1-spring-and-the-city-glow-complex-c01-rose-rooftops
"Senčilo za veke Puzzle Party Matte 020, 1,5 g",https://www.dm.si/p/d/3112649/trend-t-up-sencilo-za-veke-puzzle-party-matte-020
"Senčilo za veke Puzzle Party Metallic 060, 1,7 g",https://www.dm.si/p/d/3112659/trend-t-up-sencilo-za-veke-puzzle-party-metallic-060
"Senčilo za veke in lica Luminous Touch - 020, 4,6 g",https://www.dm.si/p/d/3112643/trend-t-up-sencilo-za-veke-in-lica-luminous-touch-020
"Senčilo za veke Puzzle Party Matte 050, 1,5 g",https://www.dm.si/p/d/3112652/trend-t-up-sencilo-za-veke-puzzle-party-matte-050
"Senčilo za oči Puzzle Party Matte 010, 1,5 g",https://www.dm.si/p/d/3112648/trend-t-up-sencilo-za-oci-puzzle-party-matte-010
"Senčilo za veke Wonder Match, 03 Warm Nude, 3 g",https://www.dm.si/p/d/2977914/eveline-cosmetics-sencilo-za-veke-wonder-match-03-warm-nude
"Tekoče senčilo za veke Ultimate Glow Shots, 04 Grapefruit Glow, 7,5 ml",https://www.dm.si/p/d/1672270/nyx-professional-makeup-tekoce-sencilo-za-veke-ultimate-glow-shots-04-grapefruit-glow
"Tekoče senčilo za veke Vamp! – 12 Anthracite, 4 ml",https://www.dm.si/p/d/2291085/pupa-tekoce-sencilo-za-veke-vamp-12-anthracite
"Tekoče senčilo za veke Vamp! – 03 Smokey Lilac, 4 ml",https://www.dm.si/p/d/2283120/pupa-tekoce-sencilo-za-veke-vamp-03-smokey-lilac
"Paleta senčil za veke Glamour, 01 Gold Glamour, 6,8 g",https://www.dm.si/p/d/3050466/bourjois-paris-paleta-sencil-za-veke-glamour-01-gold-glamour
"Paleta senčil za veke Make up stories palette 003 Matt Attitude, 13,3 g",https://www.dm.si/p/d/2286125/pupa-paleta-sencil-za-veke-make-up-stories-palette-003-matt-attitude
"Paleta senčil za veke The Dusty Matte, 9 g",https://www.dm.si/p/d/1671444/catrice-paleta-sencil-za-veke-the-dusty-matte
"Paleta senčil za veke Vamp! 003 Pinkish Bronze, 10 g",https://www.dm.si/p/d/2275188/pupa-paleta-sencil-za-veke-vamp-003-pinkish-bronze
"Paleta senčil za veke Glamour, 03 Cherry Glamour, 6,8 g",https://www.dm.si/p/d/3061150/bourjois-paris-paleta-sencil-za-veke-glamour-03-cherry-glamour
"Tekoče senčilo za veke Vamp! – 07 Hazel, 4 ml",https://www.dm.si/p/d/2283124/pupa-tekoce-sencilo-za-veke-vamp-07-hazel
"Tekoče senčilo za veke Vamp! – 04 Rose, 4 ml",https://www.dm.si/p/d/2283121/pupa-tekoce-sencilo-za-veke-vamp-04-rose
"Paleta senčil za veke Glamour, 02 Rose Glamour, 6,8 g",https://www.dm.si/p/d/3050677/bourjois-paris-paleta-sencil-za-veke-glamour-02-rose-glamour
"Tekoče senčilo za veke Vamp! – 05 Champagne, 4 ml",https://www.dm.si/p/d/2283122/pupa-tekoce-sencilo-za-veke-vamp-05-champagne
"Paleta senčil The Little Mermaid, 8,8 g",https://www.dm.si/p/d/3122322/essence-paleta-sencil-the-little-mermaid
"Črtalo za ustnice MY CORE ESSENTIALS Ultra Power Lip Stain, C02 Core Power, 3 ml",https://www.dm.si/p/d/3133291/catrice-crtalo-za-ustnice-my-core-essentials-ultra-power-lip-stain-c02-core-power
"Večnamenski stik MY CORE ESSENTIALS Blushed & Beautiful, C01 Peak Pose, 7,8 g",https://www.dm.si/p/d/3133285/catrice-vecnamenski-stik-my-core-essentials-blushed-beautiful-c01-peak-pose
"Tekoče senčilo za oči The Little Mermaid, 3,6 ml",https://www.dm.si/p/d/3122319/essence-tekoce-sencilo-za-oci-the-little-mermaid
"Tekoče senčilo za veke Vamp! – 11 Mocha, 4 ml",https://www.dm.si/p/d/2283126/pupa-tekoce-sencilo-za-veke-vamp-11-mocha
"Tekoče senčilo za veke Vamp! – 08 Copper, 4 ml",https://www.dm.si/p/d/2283125/pupa-tekoce-sencilo-za-veke-vamp-08-copper
"Večnamenski stik MY CORE ESSENTIALS Blushed & Beautiful, C02 Peak Power, 7,8 g",https://www.dm.si/p/d/3133286/catrice-vecnamenski-stik-my-core-essentials-blushed-beautiful-c02-peak-power
"Paleta senčil za veke Vamp! 001 Natural, 10 g",https://www.dm.si/p/d/2275187/pupa-paleta-sencil-za-veke-vamp-001-natural
"Paleta za oči in lica 2v1 Spring And The City Glow Complex, C02 Cherry Glow & Skyline Views, 6,4 g",https://www.dm.si/p/d/3123310/catrice-paleta-za-oci-in-lica-2v1-spring-and-the-city-glow-complex-c02-cherry-glow-skyline-views
"Holo Glam krema Sunset Stage 030, 3 g",https://www.dm.si/p/d/3136055/trend-t-up-holo-glam-krema-sunset-stage-030
"Holo Glam krema Sunset Stage 020, 3 g",https://www.dm.si/p/d/3136069/trend-t-up-holo-glam-krema-sunset-stage-020
"Holo Glam krema Sunset Stage 010, 3 g",https://www.dm.si/p/d/3136001/trend-t-up-holo-glam-krema-sunset-stage-010
