unique_id,competitor_name,product_name,brand_name,selling_price,currency,image_1,image_2,image_3,rating,pdp_url
4059729367020,dm,"Paleta senčil za veke The Pure Nude, 9 g",CATRICE,6.10,EUR,"https://products.dm-static.com/images/f_auto,q_auto,c_fit,h_320,w_320/v1747463273/assets/pas/images/4dabdc9a-374b-4065-a699-81480c73796f/catrice-paleta-sencil-za-veke-the-pure-nude","https://products.dm-static.com/images/f_auto,q_auto,c_fit,h_320,w_320/v1747463459/assets/pas/images/079abc6d-b9c6-47ac-8af1-5e8296dc820a/catrice-paleta-sencil-za-veke-the-pure-nude","https://products.dm-static.com/images/f_auto,q_auto,c_fit,h_320,w_320/v1747463465/assets/pas/images/1e727eb2-96e5-4eeb-aaa4-eafdfff7389c/catrice-paleta-sencil-za-veke-the-pure-nude",4.83,https://www.dm.si/p/d/1664434/catrice-paleta-sencil-za-veke-the-pure-nude
3616302463893,dm,"Paleta senčil Masterpiece 001 Nude, 6,5 g",MAX FACTOR,19.50,EUR,"https://products.dm-static.com/images/f_auto,q_auto,c_fit,h_320,w_320/v1747424661/assets/pas/images/dfc9ad92-0fc1-4a0f-b147-a9b95951a467/max-factor-paleta-sencil-masterpiece-001-nude","https://products.dm-static.com/images/f_auto,q_auto,c_fit,h_320,w_320/v1747424795/assets/pas/images/67b35817-a58f-4aa2-bc6c-04bb2a545a00/max-factor-paleta-sencil-masterpiece-001-nude","https://products.dm-static.com/images/f_auto,q_auto,c_fit,h_320,w_320/v1747424514/assets/pas/images/9e7b1cb0-db77-44a2-b48a-297e92b48b2c/max-factor-paleta-sencil-masterpiece-001-nude",5.0,https://www.dm.si/p/d/1872376/max-factor-paleta-sencil-masterpiece-001-nude
800897246488,dm,"Paleta senčil Ultimate Shadow - I Know That's Bright, 12,8 g",NYX PROFESSIONAL MAKEUP,20.95,EUR,"https://products.dm-static.com/images/f_auto,q_auto,c_fit,h_320,w_320/v1768342767/assets/pas/images/cc8105cf-2b08-4ac6-99a3-2675c71798fb/nyx-professional-makeup-paleta-sencil-ultimate-shadow-i-know-that-s-bright","https://products.dm-static.com/images/f_auto,q_auto,c_fit,h_320,w_320/v1768342761/assets/pas/images/e4a7a220-3f89-4388-984d-cc8eeb4528e1/nyx-professional-makeup-paleta-sencil-ultimate-shadow-i-know-that-s-bright",,4.6,https://www.dm.si/p/d/1702182/nyx-professional-makeup-paleta-sencil-ultimate-shadow-i-know-that-s-bright
3616302463886,dm,"Paleta senčil Masterpiece 003 Nude, 6,5 g",MAX FACTOR,19.50,EUR,"https://products.dm-static.com/images/f_auto,q_auto,c_fit,h_320,w_320/v1747425168/assets/pas/images/01870ee6-23a7-4a2d-b5d0-713e01fd6c07/max-factor-paleta-sencil-masterpiece-003-nude","https://products.dm-static.com/images/f_auto,q_auto,c_fit,h_320,w_320/v1747425092/assets/pas/images/ce5a23b6-a92b-46fd-b467-ac4038505eb8/max-factor-paleta-sencil-masterpiece-003-nude","https://products.dm-static.com/images/f_auto,q_auto,c_fit,h_320,w_320/v1747425193/assets/pas/images/f2e1d7f6-eded-4782-a0ba-3578c0b70e33/max-factor-paleta-sencil-masterpiece-003-nude",4.54,https://www.dm.si/p/d/1602150/max-factor-paleta-sencil-masterpiece-003-nude
4059729245854,dm,"Paleta senčil the NUDE edition 10 Pretty In Nude, 10 g",essence,4.70,EUR,"https://products.dm-static.com/images/f_auto,q_auto,c_fit,h_320,w_320/v1747459935/assets/pas/images/36572383-53ea-4b62-a689-b87c636e639f/essence-paleta-sencil-the-nude-edition-10-pretty-in-nude","https://products.dm-static.com/images/f_auto,q_auto,c_fit,h_320,w_320/v1747460037/assets/pas/images/df7e273c-a880-40af-92e9-823f755f0e13/essence-paleta-sencil-the-nude-edition-10-pretty-in-nude",,4.59,https://www.dm.si/p/d/1635407/essence-paleta-sencil-the-nude-edition-10-pretty-in-nude
3600531199081,dm,"Paleta senčil THE NUDES, 9,6 g",MAYBELLINE NEW YORK,15.45,EUR,"https://products.dm-static.com/images/f_auto,q_auto,c_fit,h_320,w_320/v1747419366/assets/pas/images/64d6db86-cd27-4cc8-b922-5b3bb2ffea6b/maybelline-new-york-paleta-sencil-the-nudes","https://products.dm-static.com/images/f_auto,q_auto,c_fit,h_320,w_320/v1747419379/assets/pas/images/25d776d2-7338-4d5c-913e-d4231274b79b/maybelline-new-york-paleta-sencil-the-nudes",,4.56,https://www.dm.si/p/d/1432426/maybelline-new-york-paleta-sencil-the-nudes
4059729245861,dm,"Paleta senčil the ROSE edition 20 Lovely In Rose, 10 g",essence,4.70,EUR,"https://products.dm-static.com/images/f_auto,q_auto,c_fit,h_320,w_320/v1747460097/assets/pas/images/a035f21d-11b1-4a0c-9f84-97f59f363fb5/essence-paleta-sencil-the-rose-edition-20-lovely-in-rose","https://products.dm-static.com/images/f_auto,q_auto,c_fit,h_320,w_320/v1747460097/assets/pas/images/609e4f43-cd2c-41f7-8644-63c113dc5f03/essence-paleta-sencil-the-rose-edition-20-lovely-in-rose",,4.48,https://www.dm.si/p/d/1635408/essence-paleta-sencil-the-rose-edition-20-lovely-in-rose
800897246501,dm,"Paleta senčil Ultimate Shadow - Warm Neutrals, 12,8 g",NYX PROFESSIONAL MAKEUP,20.95,EUR,"https://products.dm-static.com/images/f_auto,q_auto,c_fit,h_320,w_320/v1768342723/assets/pas/images/0296cd5c-c997-42e9-87c6-64dc570f4130/nyx-professional-makeup-paleta-sencil-ultimate-shadow-warm-neutrals","https://products.dm-static.com/images/f_auto,q_auto,c_fit,h_320,w_320/v1768342718/assets/pas/images/b378cdad-be3d-4a6b-b594-0f8c9457caf8/nyx-professional-makeup-paleta-sencil-ultimate-shadow-warm-neutrals",,4.88,https://www.dm.si/p/d/1704151/nyx-professional-makeup-paleta-sencil-ultimate-shadow-warm-neutrals
4059729514530,dm,"Paleta senčil za veke The Dark Cocoa, 9 g",CATRICE,6.10,EUR,"https://products.dm-static.com/images/f_auto,q_auto,c_fit,h_320,w_320/v1747473685/assets/pas/images/430c9171-25c7-421b-8035-b777c49b1ef7/catrice-paleta-sencil-za-veke-the-dark-cocoa","https://products.dm-static.com/images/f_auto,q_auto,c_fit,h_320,w_320/v1747473692/assets/pas/images/616f3534-fc06-404a-8267-4ba6b3d279b1/catrice-paleta-sencil-za-veke-the-dark-cocoa",,4.79,https://www.dm.si/p/d/3039209/catrice-paleta-sencil-za-veke-the-dark-cocoa
4066447594034,dm,"Paleta senčil za veke, 50 Nude Glam, 11,2 g",alverde NATURKOSMETIK,5.95,EUR,"https://products.dm-static.com/images/f_auto,q_auto,c_fit,h_320,w_320/v1774598275/assets/pas/images/d1f2ea10-8993-485e-be57-3d81452b0035/alverde-naturkosmetik-paleta-sencil-za-veke-50-nude-glam","https://products.dm-static.com/images/f_auto,q_auto,c_fit,h_320,w_320/v1747483983/assets/pas/images/4347fc83-6eb8-4af2-bd8a-eb8074cfd51e/alverde-naturkosmetik-paleta-sencil-za-veke-50-nude-glam",,4.43,https://www.dm.si/p/d/1453273/alverde-naturkosmetik-paleta-sencil-za-veke-50-nude-glam
4058172012464,dm,"Paleta senčil za veke QUATTRO 37 Chocolate, 4,4 g",alverde NATURKOSMETIK,4.75,EUR,"https://products.dm-static.com/images/f_auto,q_auto,c_fit,h_320,w_320/v1747448806/assets/pas/images/f8836950-a2dd-4af0-a2c6-7bc1dd226b75/alverde-naturkosmetik-paleta-sencil-za-veke-quattro-37-chocolate","https://products.dm-static.com/images/f_auto,q_auto,c_fit,h_320,w_320/v1747449627/assets/pas/images/28805a9b-1191-42c9-bd26-7eedde99f5fc/alverde-naturkosmetik-paleta-sencil-za-veke-quattro-37-chocolate",,4.57,https://www.dm.si/p/d/1361483/alverde-naturkosmetik-paleta-sencil-za-veke-quattro-37-chocolate
3600531293178,dm,"Paleta senčil za veke The Blushed Nudes, 9,6 g",MAYBELLINE NEW YORK,15.45,EUR,"https://products.dm-static.com/images/f_auto,q_auto,c_fit,h_320,w_320/v1747419027/assets/pas/images/24d18bb3-5b2f-4080-a057-efe28e09f688/maybelline-new-york-paleta-sencil-za-veke-the-blushed-nudes","https://products.dm-static.com/images/f_auto,q_auto,c_fit,h_320,w_320/v1747418875/assets/pas/images/9a945531-f7f6-4637-90dd-73c62e2cd8a3/maybelline-new-york-paleta-sencil-za-veke-the-blushed-nudes","https://products.dm-static.com/images/f_auto,q_auto,c_fit,h_320,w_320/v1747418874/assets/pas/images/9b59ec28-1792-4d1e-8b2d-fcedc4ca9a17/maybelline-new-york-paleta-sencil-za-veke-the-blushed-nudes",3.79,https://www.dm.si/p/d/1445501/maybelline-new-york-paleta-sencil-za-veke-the-blushed-nudes
8011607319374,dm,"Paleta senčil za veke Make up stories palette 004 Rose Addicted, 13,3 g",PUPA,27.95,EUR,"https://products.dm-static.com/images/f_auto,q_auto,c_fit,h_320,w_320/v1747523004/assets/pas/images/5af8c279-917e-4c9f-9ebb-ca6a278a4e19/pupa-paleta-sencil-za-veke-make-up-stories-palette-004-rose-addicted","https://products.dm-static.com/images/f_auto,q_auto,c_fit,h_320,w_320/v1764981125/assets/pas/images/45b9e48d-31aa-4f97-87dd-4b6663e753b7/pupa-paleta-sencil-za-veke-make-up-stories-palette-004-rose-addicted",,,https://www.dm.si/p/d/2286126/pupa-paleta-sencil-za-veke-make-up-stories-palette-004-rose-addicted
8011607383504,dm,"Tekoče senčilo za veke Vamp! - 01 Snow, 4 ml",PUPA,9.95,EUR,"https://products.dm-static.com/images/f_auto,q_auto,c_fit,h_320,w_320/v1747522529/assets/pas/images/840b4ced-16d7-4a5c-81cc-1ef5af8a6729/pupa-tekoce-sencilo-za-veke-vamp-01-snow","https://products.dm-static.com/images/f_auto,q_auto,c_fit,h_320,w_320/v1747522805/assets/pas/images/e5058226-be33-4281-8c72-800dc7de5b11/pupa-tekoce-sencilo-za-veke-vamp-01-snow",,,https://www.dm.si/p/d/2291080/pupa-tekoce-sencilo-za-veke-vamp-01-snow
4067796068887,dm,"Senčilo za veke v stiku Cooling Aqua 040, 1,4 g",trend !t up,2.95,EUR,"https://products.dm-static.com/images/f_auto,q_auto,c_fit,h_320,w_320/v1747487169/assets/pas/images/e0ccb4ce-cc37-400e-90f3-13828c3103b7/trend-t-up-sencilo-za-veke-v-stiku-cooling-aqua-040","https://products.dm-static.com/images/f_auto,q_auto,c_fit,h_320,w_320/v1747487406/assets/pas/images/24a16dc0-83e3-4370-9500-a146696d0b4b/trend-t-up-sencilo-za-veke-v-stiku-cooling-aqua-040","https://products.dm-static.com/images/f_auto,q_auto,c_fit,h_320,w_320/v1747487406/assets/pas/images/33881af7-24c3-4197-aa38-77c6a063d635/trend-t-up-sencilo-za-veke-v-stiku-cooling-aqua-040",4.2,https://www.dm.si/p/d/3044102/trend-t-up-sencilo-za-veke-v-stiku-cooling-aqua-040
5903416048480,dm,"Look Up paleta senčil za veke But Why Not?, 11 g",EVELINE COSMETICS,10.30,EUR,"https://products.dm-static.com/images/f_auto,q_auto,c_fit,h_320,w_320/v1747505312/assets/pas/images/4475c1db-1eee-4f74-acb4-18ece12e2972/eveline-cosmetics-look-up-paleta-sencil-za-veke-but-why-not",,,,https://www.dm.si/p/d/2278248/eveline-cosmetics-look-up-paleta-sencil-za-veke-but-why-not
5903416074144,dm,"Senčilo za veke Wonder Match, 05 Golden Glow, 3 g",EVELINE COSMETICS,7.50,EUR,"https://products.dm-static.com/images/f_auto,q_auto,c_fit,h_320,w_320/v1747505592/assets/pas/images/9bf83263-5065-42a9-90a4-5b71f6bd98f1/eveline-cosmetics-sencilo-za-veke-wonder-match-05-golden-glow",,,1.0,https://www.dm.si/p/d/2977916/eveline-cosmetics-sencilo-za-veke-wonder-match-05-golden-glow
4059729608543,dm,"Darilni set za oči the NUDE edition 01 Eye'm So In Love!, 1 kos",essence,10.30,EUR,"https://products.dm-static.com/images/f_auto,q_auto,c_fit,h_320,w_320/v1761654113/assets/pas/images/00b5a6cc-3b6d-47bd-962a-007e38d9e709/essence-darilni-set-za-oci-the-nude-edition-01-eye-m-so-in-love","https://products.dm-static.com/images/f_auto,q_auto,c_fit,h_320,w_320/v1761654139/assets/pas/images/e222e020-40ef-49b6-b7db-7f56bf93861b/essence-darilni-set-za-oci-the-nude-edition-01-eye-m-so-in-love","https://products.dm-static.com/images/f_auto,q_auto,c_fit,h_320,w_320/v1761645886/assets/pas/images/8be9676b-4c32-41b8-b67a-b0cc7b2e1be1/essence-darilni-set-za-oci-the-nude-edition-01-eye-m-so-in-love",4.91,https://www.dm.si/p/d/3103336/essence-darilni-set-za-oci-the-nude-edition-01-eye-m-so-in-love
4067796068856,dm,"Senčilo za veke v stiku Cooling Aqua 030, 1,4 g",trend !t up,2.95,EUR,"https://products.dm-static.com/images/f_auto,q_auto,c_fit,h_320,w_320/v1747487169/assets/pas/images/80b9e3fc-af82-471f-b33f-67c0579393dd/trend-t-up-sencilo-za-veke-v-stiku-cooling-aqua-030","https://products.dm-static.com/images/f_auto,q_auto,c_fit,h_320,w_320/v1747487406/assets/pas/images/c1078f8e-8eb2-4c0e-bf11-42362af3d6d2/trend-t-up-sencilo-za-veke-v-stiku-cooling-aqua-030","https://products.dm-static.com/images/f_auto,q_auto,c_fit,h_320,w_320/v1747487243/assets/pas/images/6466319d-e75e-4cf0-8c73-d90a26cbeb18/trend-t-up-sencilo-za-veke-v-stiku-cooling-aqua-030",4.14,https://www.dm.si/p/d/3044105/trend-t-up-sencilo-za-veke-v-stiku-cooling-aqua-030
4059729587053,dm,"Senčilo za oči v stiku Drunk'n Diamonds Jelly Topper – 030 Sunset Spark, 2,5 g",CATRICE,4.70,EUR,"https://products.dm-static.com/images/f_auto,q_auto,c_fit,h_320,w_320/v1768825983/assets/pas/images/866f02a4-30ea-470e-97ca-1de96b840143/catrice-sencilo-za-oci-v-stiku-drunk-n-diamonds-jelly-topper-030-sunset-spark",,,4.94,https://www.dm.si/p/d/3100387/catrice-sencilo-za-oci-v-stiku-drunk-n-diamonds-jelly-topper-030-sunset-spark
4059729586933,dm,"Senčilo za oči v stiku Drunk'n Diamonds Jelly Topper – 020 Blossom Lights, 2,5 g",CATRICE,4.70,EUR,"https://products.dm-static.com/images/f_auto,q_auto,c_fit,h_320,w_320/v1768825983/assets/pas/images/fe3c03ac-507c-44c6-997e-04c308acee69/catrice-sencilo-za-oci-v-stiku-drunk-n-diamonds-jelly-topper-020-blossom-lights",,,4.83,https://www.dm.si/p/d/3100386/catrice-sencilo-za-oci-v-stiku-drunk-n-diamonds-jelly-topper-020-blossom-lights
4059729586865,dm,"Paleta senčil za veke The Deep Velvet, 9 g",CATRICE,6.10,EUR,"https://products.dm-static.com/images/f_auto,q_auto,c_fit,h_320,w_320/v1768826069/assets/pas/images/a9426d4f-b69b-40bc-bc81-2519ce8ec364/catrice-paleta-sencil-za-veke-the-deep-velvet",,,4.84,https://www.dm.si/p/d/3111511/catrice-paleta-sencil-za-veke-the-deep-velvet
8011607383559,dm,"Tekoče senčilo za veke Vamp! – 06 Bronze, 4 ml",PUPA,9.95,EUR,"https://products.dm-static.com/images/f_auto,q_auto,c_fit,h_320,w_320/v1747522468/assets/pas/images/b8cb837f-5278-4206-aee1-2ef5156af9b6/pupa-tekoce-sencilo-za-veke-vamp-06-bronze","https://products.dm-static.com/images/f_auto,q_auto,c_fit,h_320,w_320/v1747522529/assets/pas/images/b097b3c1-ac9a-4a68-9be2-97a636e3bf85/pupa-tekoce-sencilo-za-veke-vamp-06-bronze",,,https://www.dm.si/p/d/2291082/pupa-tekoce-sencilo-za-veke-vamp-06-bronze
4067796068795,dm,"Senčilo za veke v stiku Cooling Aqua 010, 1,4 g",trend !t up,2.95,EUR,"https://products.dm-static.com/images/f_auto,q_auto,c_fit,h_320,w_320/v1747487169/assets/pas/images/c44f8326-3818-4dd1-8358-3ccba8e9cc0b/trend-t-up-sencilo-za-veke-v-stiku-cooling-aqua-010","https://products.dm-static.com/images/f_auto,q_auto,c_fit,h_320,w_320/v1747487238/assets/pas/images/304f3edd-7bc3-4ed6-9f1c-815f77fce0ca/trend-t-up-sencilo-za-veke-v-stiku-cooling-aqua-010","https://products.dm-static.com/images/f_auto,q_auto,c_fit,h_320,w_320/v1747487237/assets/pas/images/fb511574-721b-4ee0-86f8-59bb5db17931/trend-t-up-sencilo-za-veke-v-stiku-cooling-aqua-010",4.26,https://www.dm.si/p/d/3044103/trend-t-up-sencilo-za-veke-v-stiku-cooling-aqua-010
4058172428159,dm,"Paleta senčil za veke QUATTRO 75 Smokey eyes, 4,4 g",alverde NATURKOSMETIK,4.75,EUR,"https://products.dm-static.com/images/f_auto,q_auto,c_fit,h_320,w_320/v1747451250/assets/pas/images/abd0b00f-5149-4dc3-b5cb-33cd6def0a67/alverde-naturkosmetik-paleta-sencil-za-veke-quattro-75-smokey-eyes",,,4.7,https://www.dm.si/p/d/1561566/alverde-naturkosmetik-paleta-sencil-za-veke-quattro-75-smokey-eyes
4059729586919,dm,"Senčilo za oči v stiku Drunk'n Diamonds Jelly Topper – 010 Moonlight Glow, 2,5 g",CATRICE,4.70,EUR,"https://products.dm-static.com/images/f_auto,q_auto,c_fit,h_320,w_320/v1770707598/assets/pas/images/ef988a5d-1328-4322-a75c-9ba107eaf818/catrice-sencilo-za-oci-v-stiku-drunk-n-diamonds-jelly-topper-010-moonlight-glow",,,4.79,https://www.dm.si/p/d/3100385/catrice-sencilo-za-oci-v-stiku-drunk-n-diamonds-jelly-topper-010-moonlight-glow
4067796068917,dm,"Senčilo za veke v stiku Cooling Aqua 050, 1,4 g",trend !t up,2.95,EUR,"https://products.dm-static.com/images/f_auto,q_auto,c_fit,h_320,w_320/v1747487484/assets/pas/images/a74dcc0b-d75d-4c65-85f6-7ee9bb26c567/trend-t-up-sencilo-za-veke-v-stiku-cooling-aqua-050","https://products.dm-static.com/images/f_auto,q_auto,c_fit,h_320,w_320/v1747487243/assets/pas/images/bd0a7764-672a-4986-aa3e-8479f54b4809/trend-t-up-sencilo-za-veke-v-stiku-cooling-aqua-050","https://products.dm-static.com/images/f_auto,q_auto,c_fit,h_320,w_320/v1747487486/assets/pas/images/c30cfb7f-854e-4e10-8310-8ecf82dfd12d/trend-t-up-sencilo-za-veke-v-stiku-cooling-aqua-050",4.24,https://www.dm.si/p/d/3044106/trend-t-up-sencilo-za-veke-v-stiku-cooling-aqua-050
5903416015871,dm,"Paleta senčil za veke Essential Rose, 9,6 g",EVELINE COSMETICS,8.95,EUR,"https://products.dm-static.com/images/f_auto,q_auto,c_fit,h_320,w_320/v1747504812/assets/pas/images/eb64a9d5-15a9-4144-ae58-3eb3f7af64f2/eveline-cosmetics-paleta-sencil-za-veke-essential-rose",,,,https://www.dm.si/p/d/2285982/eveline-cosmetics-paleta-sencil-za-veke-essential-rose
4058172954467,dm,"Paleta senčil chocoholic 010, 4,8 g",trend !t up,4.95,EUR,"https://products.dm-static.com/images/f_auto,q_auto,c_fit,h_320,w_320/v1747457080/assets/pas/images/77f758f7-f676-4b29-9cfc-d5403b58dde7/trend-t-up-paleta-sencil-chocoholic-010","https://products.dm-static.com/images/f_auto,q_auto,c_fit,h_320,w_320/v1747457080/assets/pas/images/d4bc3478-5328-4f35-baf8-476f9bd9ccb0/trend-t-up-paleta-sencil-chocoholic-010","https://products.dm-static.com/images/f_auto,q_auto,c_fit,h_320,w_320/v1747457288/assets/pas/images/115849b6-6dfe-4a1e-a45f-c32d7ec54939/trend-t-up-paleta-sencil-chocoholic-010",4.65,https://www.dm.si/p/d/1673795/trend-t-up-paleta-sencil-chocoholic-010
8011607376193,dm,"Paleta senčil za veke Vamp! 002 Gold Bronze, 5,2 g",PUPA,21.95,EUR,"https://products.dm-static.com/images/f_auto,q_auto,c_fit,h_320,w_320/v1748654786/assets/pas/images/5cc6a56b-d7b9-44a7-a613-489420db60d3/pupa-paleta-sencil-za-veke-vamp-002-gold-bronze",,,,https://www.dm.si/p/d/2968960/pupa-paleta-sencil-za-veke-vamp-002-gold-bronze
8011607376230,dm,"Paleta senčil za veke Vamp! 006 Deep Nude, 10 g",PUPA,21.95,EUR,"https://products.dm-static.com/images/f_auto,q_auto,c_fit,h_320,w_320/v1747522364/assets/pas/images/b370472a-03cd-4bab-97b8-f5cff00778e8/pupa-paleta-sencil-za-veke-vamp-006-deep-nude",,,,https://www.dm.si/p/d/2275189/pupa-paleta-sencil-za-veke-vamp-006-deep-nude
4067796008326,dm,"Paleta senčil za veke Next Nude, 4,8 g",trend !t up,4.95,EUR,"https://products.dm-static.com/images/f_auto,q_auto,c_fit,h_320,w_320/v1747486872/assets/pas/images/89fe233f-6605-4d70-b1d6-d319808504e6/trend-t-up-paleta-sencil-za-veke-next-nude","https://products.dm-static.com/images/f_auto,q_auto,c_fit,h_320,w_320/v1747487063/assets/pas/images/bb31cd55-91d4-4785-a467-2de01669ed7b/trend-t-up-paleta-sencil-za-veke-next-nude","https://products.dm-static.com/images/f_auto,q_auto,c_fit,h_320,w_320/v1747487062/assets/pas/images/52c1fe84-674c-40fd-98d6-ae71c27f65d2/trend-t-up-paleta-sencil-za-veke-next-nude",4.47,https://www.dm.si/p/d/2476887/trend-t-up-paleta-sencil-za-veke-next-nude
4066447531312,dm,"Senčilo za veke, 01 All In One, 1,5 g",alverde NATURKOSMETIK,2.65,EUR,"https://products.dm-static.com/images/f_auto,q_auto,c_fit,h_320,w_320/v1759097990/assets/pas/images/266d6d83-5997-467d-9a97-c52001e4647f/alverde-naturkosmetik-sencilo-za-veke-01-all-in-one","https://products.dm-static.com/images/f_auto,q_auto,c_fit,h_320,w_320/v1759528045/assets/pas/images/3b4be1ae-2908-41e4-a697-89c5ee53eb2d/alverde-naturkosmetik-sencilo-za-veke-01-all-in-one",,4.68,https://www.dm.si/p/d/1453301/alverde-naturkosmetik-sencilo-za-veke-01-all-in-one
5903416080282,dm,"Paleta za ličenje oči in obraza Wonder Match, 14 g",EVELINE COSMETICS,15.90,EUR,"https://products.dm-static.com/images/f_auto,q_auto,c_fit,h_320,w_320/v1771457610/assets/pas/images/f2dae28e-722d-48b1-bea1-56a01784a2df/eveline-cosmetics-paleta-za-licenje-oci-in-obraza-wonder-match",,,,https://www.dm.si/p/d/3081047/eveline-cosmetics-paleta-za-licenje-oci-in-obraza-wonder-match
4066447594065,dm,"Paleta senčil za veke, 60 Emerald Dreams, 11,2 g",alverde NATURKOSMETIK,5.95,EUR,"https://products.dm-static.com/images/f_auto,q_auto,c_fit,h_320,w_320/v1755055158/assets/pas/images/df4fa8be-af1c-4ecd-b672-e48747f6f604/alverde-naturkosmetik-paleta-sencil-za-veke-60-emerald-dreams","https://products.dm-static.com/images/f_auto,q_auto,c_fit,h_320,w_320/v1747484067/assets/pas/images/541b43fd-6fd6-4163-820e-d9e19ce68285/alverde-naturkosmetik-paleta-sencil-za-veke-60-emerald-dreams",,4.67,https://www.dm.si/p/d/1453274/alverde-naturkosmetik-paleta-sencil-za-veke-60-emerald-dreams
4059729583543,dm,"Senčilo za veke Mono Eyeshadow Glitter, 02 Rosy Sparkle, 2 g",essence,2.40,EUR,"https://products.dm-static.com/images/f_auto,q_auto,c_fit,h_320,w_320/v1773875432/assets/pas/images/f42bc638-a5d1-4f57-b0d9-f0698a4163ec/essence-sencilo-za-veke-mono-eyeshadow-glitter-02-rosy-sparkle",,,4.59,https://www.dm.si/p/d/3116977/essence-sencilo-za-veke-mono-eyeshadow-glitter-02-rosy-sparkle
3830068592219,dm,"Kremno senčilo za oči v stiku Tierra, 1,8 g",INDY BEAUTY,21.95,EUR,"https://products.dm-static.com/images/f_auto,q_auto,c_fit,h_320,w_320/v1747426958/assets/pas/images/5ffa64e2-b6f5-41dd-b169-df2d1557b480/indy-beauty-kremno-sencilo-za-oci-v-stiku-tierra","https://products.dm-static.com/images/f_auto,q_auto,c_fit,h_320,w_320/v1747426958/assets/pas/images/540db473-39f3-48ba-9d78-13b8d7d18ea3/indy-beauty-kremno-sencilo-za-oci-v-stiku-tierra","https://products.dm-static.com/images/f_auto,q_auto,c_fit,h_320,w_320/v1747426959/assets/pas/images/c9d4ec94-9ec9-4af9-b402-cfb5d87efe5d/indy-beauty-kremno-sencilo-za-oci-v-stiku-tierra",,https://www.dm.si/p/d/3049901/indy-beauty-kremno-sencilo-za-oci-v-stiku-tierra
5903416074137,dm,"Senčilo za veke Wonder Match, 04 Brown, 3 g",EVELINE COSMETICS,7.50,EUR,"https://products.dm-static.com/images/f_auto,q_auto,c_fit,h_320,w_320/v1747505519/assets/pas/images/c6f72557-b7d4-4944-a4d4-7644794b83cc/eveline-cosmetics-sencilo-za-veke-wonder-match-04-brown",,,,https://www.dm.si/p/d/2977915/eveline-cosmetics-sencilo-za-veke-wonder-match-04-brown
5903416048497,dm,"Look Up paleta senčil za veke Take Me On ..., 11 g",EVELINE COSMETICS,10.30,EUR,"https://products.dm-static.com/images/f_auto,q_auto,c_fit,h_320,w_320/v1747504956/assets/pas/images/5b77e1ca-9721-4099-8b46-4defcb29e1e7/eveline-cosmetics-look-up-paleta-sencil-za-veke-take-me-on",,,,https://www.dm.si/p/d/2278260/eveline-cosmetics-look-up-paleta-sencil-za-veke-take-me-on
4066447531527,dm,"Senčilo za veke Mono, 23 Pearly Grey, 1,5 g",alverde NATURKOSMETIK,2.65,EUR,"https://products.dm-static.com/images/f_auto,q_auto,c_fit,h_320,w_320/v1759099483/assets/pas/images/de9b2402-ccad-486e-86ee-d7f1cc62c4fc/alverde-naturkosmetik-sencilo-za-veke-mono-23-pearly-grey","https://products.dm-static.com/images/f_auto,q_auto,c_fit,h_320,w_320/v1759527374/assets/pas/images/0d9d8cd3-984c-40cb-a5ed-568f6db0b7b5/alverde-naturkosmetik-sencilo-za-veke-mono-23-pearly-grey",,4.53,https://www.dm.si/p/d/1453308/alverde-naturkosmetik-sencilo-za-veke-mono-23-pearly-grey
4059729583529,dm,"Senčilo za veke Mono Eyeshadow Glitter, 01 Frosted Shine, 2 g",essence,2.40,EUR,"https://products.dm-static.com/images/f_auto,q_auto,c_fit,h_320,w_320/v1773876014/assets/pas/images/39114b58-0980-4549-b758-f1711809929c/essence-sencilo-za-veke-mono-eyeshadow-glitter-01-frosted-shine",,,4.58,https://www.dm.si/p/d/3117003/essence-sencilo-za-veke-mono-eyeshadow-glitter-01-frosted-shine
5903416074151,dm,"Senčilo za veke Wonder Match, 06 Rose Glow, 3 g",EVELINE COSMETICS,7.50,EUR,"https://products.dm-static.com/images/f_auto,q_auto,c_fit,h_320,w_320/v1771457597/assets/pas/images/83197385-2c6c-438e-99f8-725a9f63e287/eveline-cosmetics-sencilo-za-veke-wonder-match-06-rose-glow",,,,https://www.dm.si/p/d/2977917/eveline-cosmetics-sencilo-za-veke-wonder-match-06-rose-glow
5903416048473,dm,"Look Up paleta senčil za veke Let's Try!, 11 g",EVELINE COSMETICS,10.30,EUR,"https://products.dm-static.com/images/f_auto,q_auto,c_fit,h_320,w_320/v1747505516/assets/pas/images/5d2d24f5-8ab5-46f1-b9a8-a207fe27aeb5/eveline-cosmetics-look-up-paleta-sencil-za-veke-let-s-try",,,,https://www.dm.si/p/d/2278259/eveline-cosmetics-look-up-paleta-sencil-za-veke-let-s-try
4059729583574,dm,"Senčilo za veke Mono Eyeshadow Glitter, 03 Blushed Stardust, 2 g",essence,2.40,EUR,"https://products.dm-static.com/images/f_auto,q_auto,c_fit,h_320,w_320/v1773875433/assets/pas/images/5d362594-b543-4347-bb05-f3e4f7559b19/essence-sencilo-za-veke-mono-eyeshadow-glitter-03-blushed-stardust",,,4.89,https://www.dm.si/p/d/3116989/essence-sencilo-za-veke-mono-eyeshadow-glitter-03-blushed-stardust
4059729541840,dm,"Kremno senčilo za veke, 03 Oyster, 5 g",essence,3.70,EUR,"https://products.dm-static.com/images/f_auto,q_auto,c_fit,h_320,w_320/v1755120228/assets/pas/images/0d2ed523-fced-444a-ae0a-f570fb676ad9/essence-kremno-sencilo-za-veke-03-oyster","https://products.dm-static.com/images/f_auto,q_auto,c_fit,h_320,w_320/v1755120219/assets/pas/images/58b844d9-2128-456b-8d3e-bd101e8724d3/essence-kremno-sencilo-za-veke-03-oyster","https://products.dm-static.com/images/f_auto,q_auto,c_fit,h_320,w_320/v1751899598/assets/pas/images/61c0856d-237c-479d-8ce0-fdd5dd26e3bd/essence-kremno-sencilo-za-veke-03-oyster",4.81,https://www.dm.si/p/d/3091042/essence-kremno-sencilo-za-veke-03-oyster
8011607383580,dm,"Tekoče senčilo za veke Vamp! – 09 Cream, 4 ml",PUPA,9.95,EUR,"https://products.dm-static.com/images/f_auto,q_auto,c_fit,h_320,w_320/v1747522531/assets/pas/images/de1c4a6d-95fd-4bae-99cf-191972ab446f/pupa-tekoce-sencilo-za-veke-vamp-09-cream","https://products.dm-static.com/images/f_auto,q_auto,c_fit,h_320,w_320/v1747522529/assets/pas/images/5ccdc071-e864-4553-a92c-b8c02490c3c2/pupa-tekoce-sencilo-za-veke-vamp-09-cream",,,https://www.dm.si/p/d/2291083/pupa-tekoce-sencilo-za-veke-vamp-09-cream
5903416087243,dm,"Večnamenska paleta za konturiranje 4 v 1 Celebrity Skin, 16 g",EVELINE COSMETICS,16.90,EUR,"https://products.dm-static.com/images/f_auto,q_auto,c_fit,h_320,w_320/v1771457702/assets/pas/images/7d2df6e4-e342-43c8-87fb-f936c4d6b206/eveline-cosmetics-vecnamenska-paleta-za-konturiranje-4-v-1-celebrity-skin",,,,https://www.dm.si/p/d/3111286/eveline-cosmetics-vecnamenska-paleta-za-konturiranje-4-v-1-celebrity-skin
4059729541734,dm,"Kremno senčilo za veke, 04 Cocoa, 5 g",essence,3.70,EUR,"https://products.dm-static.com/images/f_auto,q_auto,c_fit,h_320,w_320/v1755118450/assets/pas/images/1b3967ff-60aa-4445-b428-82b07dc67307/essence-kremno-sencilo-za-veke-04-cocoa","https://products.dm-static.com/images/f_auto,q_auto,c_fit,h_320,w_320/v1755118456/assets/pas/images/2c5b804a-64e6-4a26-a6e7-7303032b8af1/essence-kremno-sencilo-za-veke-04-cocoa","https://products.dm-static.com/images/f_auto,q_auto,c_fit,h_320,w_320/v1751899433/assets/pas/images/f1ae0a37-0387-4007-97f6-b29961d466ed/essence-kremno-sencilo-za-veke-04-cocoa",4.94,https://www.dm.si/p/d/3091043/essence-kremno-sencilo-za-veke-04-cocoa
4059729541741,dm,"Kremno senčilo za veke, 02 Pearl, 5 g",essence,3.70,EUR,"https://products.dm-static.com/images/f_auto,q_auto,c_fit,h_320,w_320/v1756818344/assets/pas/images/f982b2eb-4b72-4174-95cc-f6b593db9dd4/essence-kremno-sencilo-za-veke-02-pearl","https://products.dm-static.com/images/f_auto,q_auto,c_fit,h_320,w_320/v1761139450/assets/pas/images/a3c20ec7-f21b-4796-89ce-f9e30313f6b0/essence-kremno-sencilo-za-veke-02-pearl","https://products.dm-static.com/images/f_auto,q_auto,c_fit,h_320,w_320/v1761139481/assets/pas/images/2905a754-be5d-4329-8c11-48a03eafeb5e/essence-kremno-sencilo-za-veke-02-pearl",4.48,https://www.dm.si/p/d/3091041/essence-kremno-sencilo-za-veke-02-pearl
4066447531343,dm,"Senčilo za veke, 02 Nude Gold, 1,5 g",alverde NATURKOSMETIK,2.65,EUR,"https://products.dm-static.com/images/f_auto,q_auto,c_fit,h_320,w_320/v1759098027/assets/pas/images/e069c39a-40fb-4143-80f1-cd90607f06de/alverde-naturkosmetik-sencilo-za-veke-02-nude-gold","https://products.dm-static.com/images/f_auto,q_auto,c_fit,h_320,w_320/v1759529892/assets/pas/images/01374852-19ec-43e5-bfb7-b9686a0321f7/alverde-naturkosmetik-sencilo-za-veke-02-nude-gold",,4.67,https://www.dm.si/p/d/1453302/alverde-naturkosmetik-sencilo-za-veke-02-nude-gold
4067796266405,dm,"Tekoče senčilo za oči 2 v 1 Dream Duo 010, 4,4 ml",trend !t up,3.45,EUR,"https://products.dm-static.com/images/f_auto,q_auto,c_fit,h_320,w_320/v1770163522/assets/pas/images/35cfeb57-8cac-4a29-ba6f-9f75b5cc9f97/trend-t-up-tekoce-sencilo-za-oci-2-v-1-dream-duo-010","https://products.dm-static.com/images/f_auto,q_auto,c_fit,h_320,w_320/v1770163528/assets/pas/images/91108c44-abc9-4d63-80ba-c1a2a37dd0e8/trend-t-up-tekoce-sencilo-za-oci-2-v-1-dream-duo-010","https://products.dm-static.com/images/f_auto,q_auto,c_fit,h_320,w_320/v1770163515/assets/pas/images/e648cc5b-c228-4a39-98b9-61bcfc34205d/trend-t-up-tekoce-sencilo-za-oci-2-v-1-dream-duo-010",4.6,https://www.dm.si/p/d/3112639/trend-t-up-tekoce-sencilo-za-oci-2-v-1-dream-duo-010
4067796266634,dm,"Senčilo za veke in lica Luminous Touch - 010, 4,6 g",trend !t up,3.45,EUR,"https://products.dm-static.com/images/f_auto,q_auto,c_fit,h_320,w_320/v1770163184/assets/pas/images/e85f46b3-e94a-420c-9402-e71dffcefa05/trend-t-up-sencilo-za-veke-in-lica-luminous-touch-010","https://products.dm-static.com/images/f_auto,q_auto,c_fit,h_320,w_320/v1770163178/assets/pas/images/487df096-ad21-4305-a130-b49dbab5f15b/trend-t-up-sencilo-za-veke-in-lica-luminous-touch-010","https://products.dm-static.com/images/f_auto,q_auto,c_fit,h_320,w_320/v1770163192/assets/pas/images/ffaddc55-581a-49c2-91a4-d8256a508094/trend-t-up-sencilo-za-veke-in-lica-luminous-touch-010",3.5,https://www.dm.si/p/d/3112642/trend-t-up-sencilo-za-veke-in-lica-luminous-touch-010
4059729514615,dm,"Kremno senčilo za oči Metallic Spark, 020 Diamond Dust, 4 g",CATRICE,2.99,EUR,"https://products.dm-static.com/images/f_auto,q_auto,c_fit,h_320,w_320/v1747470534/assets/pas/images/4a9cfd56-4cd8-4e86-b2a7-204ed73c2582/catrice-kremno-sencilo-za-oci-metallic-spark-020-diamond-dust","https://products.dm-static.com/images/f_auto,q_auto,c_fit,h_320,w_320/v1747470540/assets/pas/images/5450a60e-034d-45dc-bdf0-aa1992f3988a/catrice-kremno-sencilo-za-oci-metallic-spark-020-diamond-dust","https://products.dm-static.com/images/f_auto,q_auto,c_fit,h_320,w_320/v1747470538/assets/pas/images/1e94dfb9-ab9d-4d98-bd04-dd5d07575d54/catrice-kremno-sencilo-za-oci-metallic-spark-020-diamond-dust",3.52,https://www.dm.si/p/d/3039205/catrice-kremno-sencilo-za-oci-metallic-spark-020-diamond-dust
5903416058939,dm,"Paleta za konturiranje Wonder Match 01, 10,8 g",EVELINE COSMETICS,15.90,EUR,"https://products.dm-static.com/images/f_auto,q_auto,c_fit,h_320,w_320/v1771457622/assets/pas/images/b1b6c5c8-70a3-488a-a445-2842109bfce8/eveline-cosmetics-paleta-za-konturiranje-wonder-match-01",,,,https://www.dm.si/p/d/2561553/eveline-cosmetics-paleta-za-konturiranje-wonder-match-01
3830068592226,dm,"Kremno senčilo za oči v stiku Raven, 1,8 g",INDY BEAUTY,21.95,EUR,"https://products.dm-static.com/images/f_auto,q_auto,c_fit,h_320,w_320/v1747426957/assets/pas/images/f5416da1-ada6-4460-ab0c-3af046bb2ca2/indy-beauty-kremno-sencilo-za-oci-v-stiku-raven","https://products.dm-static.com/images/f_auto,q_auto,c_fit,h_320,w_320/v1747427117/assets/pas/images/1a70254f-e566-4447-887e-f3302a8e7e13/indy-beauty-kremno-sencilo-za-oci-v-stiku-raven","https://products.dm-static.com/images/f_auto,q_auto,c_fit,h_320,w_320/v1747426962/assets/pas/images/34e1155c-121e-4381-b0ce-e70b698dd59b/indy-beauty-kremno-sencilo-za-oci-v-stiku-raven",,https://www.dm.si/p/d/3050100/indy-beauty-kremno-sencilo-za-oci-v-stiku-raven
4058172947674,dm,"Paleta senčil Rocky Rose, 4,8 g",trend !t up,4.95,EUR,"https://products.dm-static.com/images/f_auto,q_auto,c_fit,h_320,w_320/v1747456975/assets/pas/images/7519b9bb-a360-4426-ba65-e507c1e089bd/trend-t-up-paleta-sencil-rocky-rose","https://products.dm-static.com/images/f_auto,q_auto,c_fit,h_320,w_320/v1747456974/assets/pas/images/afff8cfa-9f21-4d12-96ac-2e314e720743/trend-t-up-paleta-sencil-rocky-rose","https://products.dm-static.com/images/f_auto,q_auto,c_fit,h_320,w_320/v1747456941/assets/pas/images/89cac033-ac8f-44fe-aae6-25d7708fd4b1/trend-t-up-paleta-sencil-rocky-rose",4.18,https://www.dm.si/p/d/1606495/trend-t-up-paleta-sencil-rocky-rose
4067796068825,dm,"Senčilo za veke v stiku Cooling Aqua 020, 1,4 g",trend !t up,2.95,EUR,"https://products.dm-static.com/images/f_auto,q_auto,c_fit,h_320,w_320/v1753431140/assets/pas/images/2968c623-53c2-4c57-8cda-b01e88891c5e/trend-t-up-sencilo-za-veke-v-stiku-cooling-aqua-020","https://products.dm-static.com/images/f_auto,q_auto,c_fit,h_320,w_320/v1753431136/assets/pas/images/41c3c1f1-a9b2-45dc-b9c9-d012093b8e35/trend-t-up-sencilo-za-veke-v-stiku-cooling-aqua-020","https://products.dm-static.com/images/f_auto,q_auto,c_fit,h_320,w_320/v1753431131/assets/pas/images/9c5758e6-851f-416a-a7a8-4394a83eaa97/trend-t-up-sencilo-za-veke-v-stiku-cooling-aqua-020",3.68,https://www.dm.si/p/d/3044104/trend-t-up-sencilo-za-veke-v-stiku-cooling-aqua-020
4059729583468,dm,"Senčilo za veke Mono Eyeshadow Pearly, 01 Golden Glow, 2 g",essence,2.10,EUR,"https://products.dm-static.com/images/f_auto,q_auto,c_fit,h_320,w_320/v1773874911/assets/pas/images/8713f936-f84c-44f0-a69e-f49d8fdcac17/essence-sencilo-za-veke-mono-eyeshadow-pearly-01-golden-glow",,,4.67,https://www.dm.si/p/d/3116991/essence-sencilo-za-veke-mono-eyeshadow-pearly-01-golden-glow
4067796266467,dm,"Tekoče senčilo za oči 2 v 1 Dream Duo 020, 4,4 ml",trend !t up,3.45,EUR,"https://products.dm-static.com/images/f_auto,q_auto,c_fit,h_320,w_320/v1770163593/assets/pas/images/358a037b-024f-4d60-bee9-3cbf5122015c/trend-t-up-tekoce-sencilo-za-oci-2-v-1-dream-duo-020","https://products.dm-static.com/images/f_auto,q_auto,c_fit,h_320,w_320/v1770163607/assets/pas/images/fcbfdc35-3a40-45ae-834a-5730db92f914/trend-t-up-tekoce-sencilo-za-oci-2-v-1-dream-duo-020","https://products.dm-static.com/images/f_auto,q_auto,c_fit,h_320,w_320/v1770163599/assets/pas/images/1f644637-0cb2-4807-8059-c9be6add54a8/trend-t-up-tekoce-sencilo-za-oci-2-v-1-dream-duo-020",3.0,https://www.dm.si/p/d/3112640/trend-t-up-tekoce-sencilo-za-oci-2-v-1-dream-duo-020
4059729541871,dm,"Kremno senčilo za veke, 01 Rose, 5 g",essence,3.70,EUR,"https://products.dm-static.com/images/f_auto,q_auto,c_fit,h_320,w_320/v1755049848/assets/pas/images/ef7c16e1-f375-4690-b510-911db4c5a3e4/essence-kremno-sencilo-za-veke-01-rose","https://products.dm-static.com/images/f_auto,q_auto,c_fit,h_320,w_320/v1755049846/assets/pas/images/b93a83b1-5e73-4333-b992-6a5669cb4ebe/essence-kremno-sencilo-za-veke-01-rose","https://products.dm-static.com/images/f_auto,q_auto,c_fit,h_320,w_320/v1755049840/assets/pas/images/cddc80f1-d071-4f5e-aa48-8824d403b7d1/essence-kremno-sencilo-za-veke-01-rose",4.76,https://www.dm.si/p/d/3091040/essence-kremno-sencilo-za-veke-01-rose
4067796266535,dm,"Tekoče senčilo za oči 2 v 1 Dream Duo 030, 4,4 ml",trend !t up,3.45,EUR,"https://products.dm-static.com/images/f_auto,q_auto,c_fit,h_320,w_320/v1770164435/assets/pas/images/9ce22119-3578-4d34-8e19-89d221fdc751/trend-t-up-tekoce-sencilo-za-oci-2-v-1-dream-duo-030","https://products.dm-static.com/images/f_auto,q_auto,c_fit,h_320,w_320/v1770164430/assets/pas/images/e7ba8ed8-3d23-4013-9439-58dd80ca5561/trend-t-up-tekoce-sencilo-za-oci-2-v-1-dream-duo-030","https://products.dm-static.com/images/f_auto,q_auto,c_fit,h_320,w_320/v1770164439/assets/pas/images/fc214b20-6bf5-4c00-9e3b-0773d1dde7d8/trend-t-up-tekoce-sencilo-za-oci-2-v-1-dream-duo-030",5.0,https://www.dm.si/p/d/3112641/trend-t-up-tekoce-sencilo-za-oci-2-v-1-dream-duo-030
5903416074106,dm,"Senčilo za veke Wonder Match, 01 Base, 3 g",EVELINE COSMETICS,7.50,EUR,"https://products.dm-static.com/images/f_auto,q_auto,c_fit,h_320,w_320/v1771457632/assets/pas/images/94b3cfd9-5673-409e-adb7-4d6b460e02ff/eveline-cosmetics-sencilo-za-veke-wonder-match-01-base",,,,https://www.dm.si/p/d/2977872/eveline-cosmetics-sencilo-za-veke-wonder-match-01-base
4059729583451,dm,"Senčilo za veke Mono Eyeshadow Matte, 03 Deep Ink, 2 g",essence,2.10,EUR,"https://products.dm-static.com/images/f_auto,q_auto,c_fit,h_320,w_320/v1773875433/assets/pas/images/b598048b-ffef-4bc8-99e6-5e2b39b6b005/essence-sencilo-za-veke-mono-eyeshadow-matte-03-deep-ink",,,5.0,https://www.dm.si/p/d/3117001/essence-sencilo-za-veke-mono-eyeshadow-matte-03-deep-ink
4067796267785,dm,"Senčilo za oči Puzzle Party Metallic 020, 1,7 g",trend !t up,2.95,EUR,"https://products.dm-static.com/images/f_auto,q_auto,c_fit,h_320,w_320/v1770163367/assets/pas/images/37d19b1f-bccf-4652-94f8-622e09672006/trend-t-up-sencilo-za-oci-puzzle-party-metallic-020","https://products.dm-static.com/images/f_auto,q_auto,c_fit,h_320,w_320/v1770163356/assets/pas/images/d46cfc17-c8d4-459f-8b36-d445c31e1487/trend-t-up-sencilo-za-oci-puzzle-party-metallic-020","https://products.dm-static.com/images/f_auto,q_auto,c_fit,h_320,w_320/v1770163361/assets/pas/images/c087e8bf-93b7-4a23-a4e4-6f7b380accd1/trend-t-up-sencilo-za-oci-puzzle-party-metallic-020",5.0,https://www.dm.si/p/d/3112655/trend-t-up-sencilo-za-oci-puzzle-party-metallic-020
4059729583437,dm,"Senčilo za veke Mono Eyeshadow Matte, 01 Soft Beige, 2 g",essence,2.10,EUR,"https://products.dm-static.com/images/f_auto,q_auto,c_fit,h_320,w_320/v1768896207/assets/pas/images/c7d59299-5188-4c82-a851-097d27855182/essence-sencilo-za-veke-mono-eyeshadow-matte-01-soft-beige",,,4.71,https://www.dm.si/p/d/3117004/essence-sencilo-za-veke-mono-eyeshadow-matte-01-soft-beige
3830068592196,dm,"Kremno senčilo za oči v stiku Cleopatra, 1,8 g",INDY BEAUTY,21.95,EUR,"https://products.dm-static.com/images/f_auto,q_auto,c_fit,h_320,w_320/v1747426833/assets/pas/images/10d40cca-5ab6-46b6-ba03-99a9a0993947/indy-beauty-kremno-sencilo-za-oci-v-stiku-cleopatra","https://products.dm-static.com/images/f_auto,q_auto,c_fit,h_320,w_320/v1747426960/assets/pas/images/c01aaa44-afd7-475a-a4ad-2f45a708a878/indy-beauty-kremno-sencilo-za-oci-v-stiku-cleopatra","https://products.dm-static.com/images/f_auto,q_auto,c_fit,h_320,w_320/v1747427120/assets/pas/images/cdb8dc01-d385-4720-8bfe-7f6a5d116463/indy-beauty-kremno-sencilo-za-oci-v-stiku-cleopatra",1.0,https://www.dm.si/p/d/3050109/indy-beauty-kremno-sencilo-za-oci-v-stiku-cleopatra
4059729583482,dm,"Senčilo za veke Mono Eyeshadow Pearly, 02 Silky Taupe, 2 g",essence,2.10,EUR,"https://products.dm-static.com/images/f_auto,q_auto,c_fit,h_320,w_320/v1773875509/assets/pas/images/34fe17ae-b694-492b-bfbc-b1d973677f52/essence-sencilo-za-veke-mono-eyeshadow-pearly-02-silky-taupe",,,5.0,https://www.dm.si/p/d/3117032/essence-sencilo-za-veke-mono-eyeshadow-pearly-02-silky-taupe
4059729583512,dm,"Senčilo za veke Mono Eyeshadow Pearly, 03 Bronzed Espresso, 2 g",essence,2.10,EUR,"https://products.dm-static.com/images/f_auto,q_auto,c_fit,h_320,w_320/v1774875667/assets/pas/images/a3bd8346-01cd-4b8f-b394-c7a5efd0efe9/essence-sencilo-za-veke-mono-eyeshadow-pearly-03-bronzed-espresso","https://products.dm-static.com/images/f_auto,q_auto,c_fit,h_320,w_320/v1773875805/assets/pas/images/25507595-eb59-4c61-99d1-0478de008370/essence-sencilo-za-veke-mono-eyeshadow-pearly-03-bronzed-espresso",,5.0,https://www.dm.si/p/d/3117014/essence-sencilo-za-veke-mono-eyeshadow-pearly-03-bronzed-espresso
4067796267846,dm,"Senčilo za veke Puzzle Party Metallic 040, 1,7 g",trend !t up,2.95,EUR,"https://products.dm-static.com/images/f_auto,q_auto,c_fit,h_320,w_320/v1770164372/assets/pas/images/08103c8d-0f13-40f8-bdb3-2d3ff42d5f23/trend-t-up-sencilo-za-veke-puzzle-party-metallic-040","https://products.dm-static.com/images/f_auto,q_auto,c_fit,h_320,w_320/v1770164363/assets/pas/images/79835fae-4602-435b-90b7-0b2cebc5bd4c/trend-t-up-sencilo-za-veke-puzzle-party-metallic-040","https://products.dm-static.com/images/f_auto,q_auto,c_fit,h_320,w_320/v1770164368/assets/pas/images/8a0ff5e1-f20e-43cc-852a-a7e7e191cd87/trend-t-up-sencilo-za-veke-puzzle-party-metallic-040",5.0,https://www.dm.si/p/d/3112657/trend-t-up-sencilo-za-veke-puzzle-party-metallic-040
4059729583444,dm,"Senčilo za veke Mono Eyeshadow Matte, 02 Neutral Brown, 2 g",essence,2.10,EUR,"https://products.dm-static.com/images/f_auto,q_auto,c_fit,h_320,w_320/v1768896333/assets/pas/images/d678b919-f820-4531-8651-55f8223c0826/essence-sencilo-za-veke-mono-eyeshadow-matte-02-neutral-brown",,,4.8,https://www.dm.si/p/d/3117005/essence-sencilo-za-veke-mono-eyeshadow-matte-02-neutral-brown
4067796267754,dm,"Senčilo za veke Metallic Puzzle Party 010, 1,7 g",trend !t up,2.95,EUR,"https://products.dm-static.com/images/f_auto,q_auto,c_fit,h_320,w_320/v1770163944/assets/pas/images/3dd67402-28e3-4314-9844-a73f418de925/trend-t-up-sencilo-za-veke-metallic-puzzle-party-010","https://products.dm-static.com/images/f_auto,q_auto,c_fit,h_320,w_320/v1770163950/assets/pas/images/79607dd9-ca16-4cb9-a383-10f71a5d8f8a/trend-t-up-sencilo-za-veke-metallic-puzzle-party-010","https://products.dm-static.com/images/f_auto,q_auto,c_fit,h_320,w_320/v1770163955/assets/pas/images/36b43785-f299-46a0-a243-dfd47f6562e0/trend-t-up-sencilo-za-veke-metallic-puzzle-party-010",4.0,https://www.dm.si/p/d/3112654/trend-t-up-sencilo-za-veke-metallic-puzzle-party-010
4067796267877,dm,"Senčilo za veke Puzzle Party Metallic 050, 1,7 g",trend !t up,2.95,EUR,"https://products.dm-static.com/images/f_auto,q_auto,c_fit,h_320,w_320/v1770164465/assets/pas/images/cea7845b-8894-4d6d-a5d3-ed8ce6ca1c1b/trend-t-up-sencilo-za-veke-puzzle-party-metallic-050","https://products.dm-static.com/images/f_auto,q_auto,c_fit,h_320,w_320/v1770164460/assets/pas/images/abc379b8-052c-4f0a-8637-587aa5f61821/trend-t-up-sencilo-za-veke-puzzle-party-metallic-050","https://products.dm-static.com/images/f_auto,q_auto,c_fit,h_320,w_320/v1770164455/assets/pas/images/025bfb84-c29d-4e38-98f1-e8ad8bd54c25/trend-t-up-sencilo-za-veke-puzzle-party-metallic-050",,https://www.dm.si/p/d/3112658/trend-t-up-sencilo-za-veke-puzzle-party-metallic-050
4067796267815,dm,"Senčilo za veke Puzzle Party Metallic 030, 1,7 g",trend !t up,2.95,EUR,"https://products.dm-static.com/images/f_auto,q_auto,c_fit,h_320,w_320/v1770164381/assets/pas/images/61569cda-7e50-4e0c-8fd1-cd3dddf4dbe3/trend-t-up-sencilo-za-veke-puzzle-party-metallic-030","https://products.dm-static.com/images/f_auto,q_auto,c_fit,h_320,w_320/v1770164393/assets/pas/images/da86a905-01af-47ec-8e36-304db5b38e47/trend-t-up-sencilo-za-veke-puzzle-party-metallic-030","https://products.dm-static.com/images/f_auto,q_auto,c_fit,h_320,w_320/v1770164388/assets/pas/images/b3e02723-6a18-44f5-8493-27d2c9401fdc/trend-t-up-sencilo-za-veke-puzzle-party-metallic-030",4.67,https://www.dm.si/p/d/3112656/trend-t-up-sencilo-za-veke-puzzle-party-metallic-030
4067796266696,dm,"Senčilo za veke in lica Luminous Touch - 030, 4,6 g",trend !t up,3.45,EUR,"https://products.dm-static.com/images/f_auto,q_auto,c_fit,h_320,w_320/v1770163192/assets/pas/images/7100f76b-ea25-4501-aa7f-71cc384caa13/trend-t-up-sencilo-za-veke-in-lica-luminous-touch-030","https://products.dm-static.com/images/f_auto,q_auto,c_fit,h_320,w_320/v1770163185/assets/pas/images/27a6d6d9-eabe-40b3-a859-062d85370a30/trend-t-up-sencilo-za-veke-in-lica-luminous-touch-030","https://products.dm-static.com/images/f_auto,q_auto,c_fit,h_320,w_320/v1770163179/assets/pas/images/c2178f76-9cf0-4e87-9d89-1ae6320e7112/trend-t-up-sencilo-za-veke-in-lica-luminous-touch-030",3.0,https://www.dm.si/p/d/3112644/trend-t-up-sencilo-za-veke-in-lica-luminous-touch-030
4067796267723,dm,"Senčilo za veke Puzzle Party Matte 060, 1,5 g",trend !t up,2.25,EUR,"https://products.dm-static.com/images/f_auto,q_auto,c_fit,h_320,w_320/v1770163514/assets/pas/images/2ef6c2a1-82f9-4fe5-b2e6-5cfa6f1de9ba/trend-t-up-sencilo-za-veke-puzzle-party-matte-060","https://products.dm-static.com/images/f_auto,q_auto,c_fit,h_320,w_320/v1770163509/assets/pas/images/991aeaac-d88f-4710-ae82-751e360c5c2d/trend-t-up-sencilo-za-veke-puzzle-party-matte-060","https://products.dm-static.com/images/f_auto,q_auto,c_fit,h_320,w_320/v1770163505/assets/pas/images/99717c7d-5c29-42e5-a5a7-b7ad2388a834/trend-t-up-sencilo-za-veke-puzzle-party-matte-060",4.0,https://www.dm.si/p/d/3112653/trend-t-up-sencilo-za-veke-puzzle-party-matte-060
4067796267662,dm,"Senčilo za veke Puzzle Party Matte 040, 1,5 g",trend !t up,2.25,EUR,"https://products.dm-static.com/images/f_auto,q_auto,c_fit,h_320,w_320/v1770164762/assets/pas/images/5348ca27-47f3-4ec0-836a-2d413dcaca3b/trend-t-up-sencilo-za-veke-puzzle-party-matte-040","https://products.dm-static.com/images/f_auto,q_auto,c_fit,h_320,w_320/v1770164769/assets/pas/images/871162ee-4005-4821-b214-67691cc2b18c/trend-t-up-sencilo-za-veke-puzzle-party-matte-040","https://products.dm-static.com/images/f_auto,q_auto,c_fit,h_320,w_320/v1770164773/assets/pas/images/a91c34ea-8f4f-4052-85fc-785599831c83/trend-t-up-sencilo-za-veke-puzzle-party-matte-040",5.0,https://www.dm.si/p/d/3112651/trend-t-up-sencilo-za-veke-puzzle-party-matte-040
5903416074113,dm,"Senčilo za veke Wonder Match, 02 Neutral Nude, 3 g",EVELINE COSMETICS,7.50,EUR,"https://products.dm-static.com/images/f_auto,q_auto,c_fit,h_320,w_320/v1747505590/assets/pas/images/c8f22ca5-9939-434e-a0e2-959a0a308403/eveline-cosmetics-sencilo-za-veke-wonder-match-02-neutral-nude",,,,https://www.dm.si/p/d/2977873/eveline-cosmetics-sencilo-za-veke-wonder-match-02-neutral-nude
3830068592202,dm,"Kremno senčilo za oči v stiku Cinderella, 1,8 g",INDY BEAUTY,21.95,EUR,"https://products.dm-static.com/images/f_auto,q_auto,c_fit,h_320,w_320/v1747426995/assets/pas/images/50fe78c1-f78a-491e-9256-c6d1731ba6ae/indy-beauty-kremno-sencilo-za-oci-v-stiku-cinderella","https://products.dm-static.com/images/f_auto,q_auto,c_fit,h_320,w_320/v1747426830/assets/pas/images/67cfa54e-8301-452b-963c-bff1c2c21b53/indy-beauty-kremno-sencilo-za-oci-v-stiku-cinderella","https://products.dm-static.com/images/f_auto,q_auto,c_fit,h_320,w_320/v1747426995/assets/pas/images/bf4de3d4-acb4-401b-a35b-7a707792ec7b/indy-beauty-kremno-sencilo-za-oci-v-stiku-cinderella",,https://www.dm.si/p/d/3050133/indy-beauty-kremno-sencilo-za-oci-v-stiku-cinderella
4067796165500,dm,"Senčilo za veke Glam Addiction, 080, 2,5 g",trend !t up,1.99,EUR,"https://products.dm-static.com/images/f_auto,q_auto,c_fit,h_320,w_320/v1749770928/assets/pas/images/8461542c-421a-44bb-9323-eb838ff5b00d/trend-t-up-sencilo-za-veke-glam-addiction-080","https://products.dm-static.com/images/f_auto,q_auto,c_fit,h_320,w_320/v1749770936/assets/pas/images/6eb110bf-9cfa-40ad-be92-a2c0f0c8ae23/trend-t-up-sencilo-za-veke-glam-addiction-080",,5.0,https://www.dm.si/p/d/3069941/trend-t-up-sencilo-za-veke-glam-addiction-080
800897225391,dm,"Tekoče senčilo za veke Ultimate Glow Shots, 05 Highkey Lychee, 7,5 ml",NYX PROFESSIONAL MAKEUP,11.95,EUR,"https://products.dm-static.com/images/f_auto,q_auto,c_fit,h_320,w_320/v1768342184/assets/pas/images/fe8100e6-c441-4556-976d-6f6df5bc2a4e/nyx-professional-makeup-tekoce-sencilo-za-veke-ultimate-glow-shots-05-highkey-lychee",,,4.5,https://www.dm.si/p/d/1672869/nyx-professional-makeup-tekoce-sencilo-za-veke-ultimate-glow-shots-05-highkey-lychee
800897225407,dm,"Tekoče senčilo za veke Ultimate Glow Shots, 06 Golden Goji, 7,5 ml",NYX PROFESSIONAL MAKEUP,11.95,EUR,"https://products.dm-static.com/images/f_auto,q_auto,c_fit,h_320,w_320/v1768342958/assets/pas/images/f5fde3fa-cf73-4063-9254-b5503d422ce7/nyx-professional-makeup-tekoce-sencilo-za-veke-ultimate-glow-shots-06-golden-goji",,,4.33,https://www.dm.si/p/d/1672271/nyx-professional-makeup-tekoce-sencilo-za-veke-ultimate-glow-shots-06-golden-goji
849953022697,dm,"Paleta senčil za veke Miss Claus Party Girls, Pop Bubbly, 3,7 g",bh cosmetics,5.95,EUR,"https://products.dm-static.com/images/f_auto,q_auto,c_fit,h_320,w_320/v1747525494/assets/pas/images/0ab77e4a-82a8-4fb8-bb9e-1bc0c8aafed3/bh-cosmetics-paleta-sencil-za-veke-miss-claus-party-girls-pop-bubbly","https://products.dm-static.com/images/f_auto,q_auto,c_fit,h_320,w_320/v1747525095/assets/pas/images/c816e725-3eac-490e-9b9e-c6748f49342a/bh-cosmetics-paleta-sencil-za-veke-miss-claus-party-girls-pop-bubbly","https://products.dm-static.com/images/f_auto,q_auto,c_fit,h_320,w_320/v1747525266/assets/pas/images/ab3fa763-2a09-40b9-bd1f-bb8005239535/bh-cosmetics-paleta-sencil-za-veke-miss-claus-party-girls-pop-bubbly",4.0,https://www.dm.si/p/d/1889482/bh-cosmetics-paleta-sencil-za-veke-miss-claus-party-girls-pop-bubbly
4067796267082,dm,"Senčilo za oči Puzzle Party Matte 030, 1,5 g",trend !t up,2.25,EUR,"https://products.dm-static.com/images/f_auto,q_auto,c_fit,h_320,w_320/v1770164252/assets/pas/images/0524553f-f117-4140-9609-41a84eed3657/trend-t-up-sencilo-za-oci-puzzle-party-matte-030","https://products.dm-static.com/images/f_auto,q_auto,c_fit,h_320,w_320/v1770164258/assets/pas/images/8b64c8c2-31b9-407c-809a-2f5d9b8217ad/trend-t-up-sencilo-za-oci-puzzle-party-matte-030","https://products.dm-static.com/images/f_auto,q_auto,c_fit,h_320,w_320/v1770164264/assets/pas/images/9b534480-d487-4a5f-936d-6135530a4d61/trend-t-up-sencilo-za-oci-puzzle-party-matte-030",5.0,https://www.dm.si/p/d/3112650/trend-t-up-sencilo-za-oci-puzzle-party-matte-030
849953022673,dm,"Paleta senčil za veke Miss Claus Party Girls, Sugarplum Princess, 3,7 g",bh cosmetics,5.95,EUR,"https://products.dm-static.com/images/f_auto,q_auto,c_fit,h_320,w_320/v1747525068/assets/pas/images/bf7ef972-243a-49c6-be84-b29541fb70a8/bh-cosmetics-paleta-sencil-za-veke-miss-claus-party-girls-sugarplum-princess","https://products.dm-static.com/images/f_auto,q_auto,c_fit,h_320,w_320/v1747525068/assets/pas/images/3cf10aa7-d527-44da-babe-4d908eed2bf8/bh-cosmetics-paleta-sencil-za-veke-miss-claus-party-girls-sugarplum-princess","https://products.dm-static.com/images/f_auto,q_auto,c_fit,h_320,w_320/v1747525441/assets/pas/images/bb146b0b-fc6e-4511-84fb-b866bc08e36b/bh-cosmetics-paleta-sencil-za-veke-miss-claus-party-girls-sugarplum-princess",,https://www.dm.si/p/d/1889487/bh-cosmetics-paleta-sencil-za-veke-miss-claus-party-girls-sugarplum-princess
849953022659,dm,"Paleta senčil za veke Miss Claus Party Girls, Mistletoe Mischief, 3,7 g",bh cosmetics,5.95,EUR,"https://products.dm-static.com/images/f_auto,q_auto,c_fit,h_320,w_320/v1747525268/assets/pas/images/f2339c27-74e7-41f3-b214-ba6db905781d/bh-cosmetics-paleta-sencil-za-veke-miss-claus-party-girls-mistletoe-mischief","https://products.dm-static.com/images/f_auto,q_auto,c_fit,h_320,w_320/v1747525496/assets/pas/images/34df65d1-da75-4e74-9773-a09e6cdded30/bh-cosmetics-paleta-sencil-za-veke-miss-claus-party-girls-mistletoe-mischief","https://products.dm-static.com/images/f_auto,q_auto,c_fit,h_320,w_320/v1747525268/assets/pas/images/bcf1c502-4968-4893-96ba-90abf45cb373/bh-cosmetics-paleta-sencil-za-veke-miss-claus-party-girls-mistletoe-mischief",5.0,https://www.dm.si/p/d/1889481/bh-cosmetics-paleta-sencil-za-veke-miss-claus-party-girls-mistletoe-mischief
3830068592233,dm,"Kremno senčilo za oči v stiku Ashy, 1,8 g",INDY BEAUTY,21.95,EUR,"https://products.dm-static.com/images/f_auto,q_auto,c_fit,h_320,w_320/v1747426999/assets/pas/images/874cd2df-4211-4550-8d90-b5212f177fd1/indy-beauty-kremno-sencilo-za-oci-v-stiku-ashy","https://products.dm-static.com/images/f_auto,q_auto,c_fit,h_320,w_320/v1747427120/assets/pas/images/f6a3af89-a3de-470e-9359-2ebc3cfdc1e3/indy-beauty-kremno-sencilo-za-oci-v-stiku-ashy","https://products.dm-static.com/images/f_auto,q_auto,c_fit,h_320,w_320/v1747427120/assets/pas/images/ef062dc6-8a39-4d32-ba44-cd10e1fc2355/indy-beauty-kremno-sencilo-za-oci-v-stiku-ashy",1.5,https://www.dm.si/p/d/3050144/indy-beauty-kremno-sencilo-za-oci-v-stiku-ashy
800897225438,dm,"Tekoče senčilo za veke Ultimate Glow Shots, 09 Mango Moment, 7,5 ml",NYX PROFESSIONAL MAKEUP,11.95,EUR,"https://products.dm-static.com/images/f_auto,q_auto,c_fit,h_320,w_320/v1768342242/assets/pas/images/8bad27fd-6b73-4c25-9e35-25adaf701686/nyx-professional-makeup-tekoce-sencilo-za-veke-ultimate-glow-shots-09-mango-moment","https://products.dm-static.com/images/f_auto,q_auto,c_fit,h_320,w_320/v1768342238/assets/pas/images/42dfae86-3d31-409c-9d6c-00f3a0756db9/nyx-professional-makeup-tekoce-sencilo-za-veke-ultimate-glow-shots-09-mango-moment",,4.0,https://www.dm.si/p/d/1672871/nyx-professional-makeup-tekoce-sencilo-za-veke-ultimate-glow-shots-09-mango-moment
4059729593719,dm,"Paleta za oči in lica 2v1 Spring And The City Glow Complex, C01 Rosé & Rooftops, 6,4 g",CATRICE,1.99,EUR,"https://products.dm-static.com/images/f_auto,q_auto,c_fit,h_320,w_320/v1773306820/assets/pas/images/cbbc44f3-d3f1-4339-83da-781bf8d401c2/catrice-paleta-za-oci-in-lica-2v1-spring-and-the-city-glow-complex-c01-rose-rooftops","https://products.dm-static.com/images/f_auto,q_auto,c_fit,h_320,w_320/v1773306802/assets/pas/images/6daa799f-a3c9-4c30-9b43-4c48b0a9a8f8/catrice-paleta-za-oci-in-lica-2v1-spring-and-the-city-glow-complex-c01-rose-rooftops",,4.38,https://www.dm.si/p/d/3123309/catrice-paleta-za-oci-in-lica-2v1-spring-and-the-city-glow-complex-c01-rose-rooftops
4067796267051,dm,"Senčilo za veke Puzzle Party Matte 020, 1,5 g",trend !t up,2.25,EUR,"https://products.dm-static.com/images/f_auto,q_auto,c_fit,h_320,w_320/v1770164555/assets/pas/images/d01685af-ee85-4721-a07d-5b78f7d56e9d/trend-t-up-sencilo-za-veke-puzzle-party-matte-020","https://products.dm-static.com/images/f_auto,q_auto,c_fit,h_320,w_320/v1770164567/assets/pas/images/72c39dfd-d2fe-4739-9153-eb282e487797/trend-t-up-sencilo-za-veke-puzzle-party-matte-020","https://products.dm-static.com/images/f_auto,q_auto,c_fit,h_320,w_320/v1770164562/assets/pas/images/028f283c-9c7e-49f8-903d-99da66c3ee3e/trend-t-up-sencilo-za-veke-puzzle-party-matte-020",4.5,https://www.dm.si/p/d/3112649/trend-t-up-sencilo-za-veke-puzzle-party-matte-020
4067796267907,dm,"Senčilo za veke Puzzle Party Metallic 060, 1,7 g",trend !t up,2.95,EUR,"https://products.dm-static.com/images/f_auto,q_auto,c_fit,h_320,w_320/v1770164704/assets/pas/images/be2bb1f3-101b-4bd1-821b-223fe8936e34/trend-t-up-sencilo-za-veke-puzzle-party-metallic-060","https://products.dm-static.com/images/f_auto,q_auto,c_fit,h_320,w_320/v1770164694/assets/pas/images/a8fbbb7e-6b08-4d29-8ffe-91c5b52f7e5c/trend-t-up-sencilo-za-veke-puzzle-party-metallic-060","https://products.dm-static.com/images/f_auto,q_auto,c_fit,h_320,w_320/v1770164699/assets/pas/images/188bb51b-6ed9-413c-af64-484b01199c7a/trend-t-up-sencilo-za-veke-puzzle-party-metallic-060",5.0,https://www.dm.si/p/d/3112659/trend-t-up-sencilo-za-veke-puzzle-party-metallic-060
4067796266665,dm,"Senčilo za veke in lica Luminous Touch - 020, 4,6 g",trend !t up,3.45,EUR,"https://products.dm-static.com/images/f_auto,q_auto,c_fit,h_320,w_320/v1770159517/assets/pas/images/b7415213-9398-421d-a9b9-bb548ea35e4f/trend-t-up-sencilo-za-veke-in-lica-luminous-touch-020","https://products.dm-static.com/images/f_auto,q_auto,c_fit,h_320,w_320/v1770159525/assets/pas/images/42670b92-1272-4aa8-96cb-8137be257612/trend-t-up-sencilo-za-veke-in-lica-luminous-touch-020","https://products.dm-static.com/images/f_auto,q_auto,c_fit,h_320,w_320/v1770159532/assets/pas/images/0f31dbff-ffd1-47cc-8d06-97b6f22c4362/trend-t-up-sencilo-za-veke-in-lica-luminous-touch-020",5.0,https://www.dm.si/p/d/3112643/trend-t-up-sencilo-za-veke-in-lica-luminous-touch-020
4067796267693,dm,"Senčilo za veke Puzzle Party Matte 050, 1,5 g",trend !t up,2.25,EUR,"https://products.dm-static.com/images/f_auto,q_auto,c_fit,h_320,w_320/v1770163394/assets/pas/images/19eb545a-9aa5-49bc-a5ab-624b27935806/trend-t-up-sencilo-za-veke-puzzle-party-matte-050","https://products.dm-static.com/images/f_auto,q_auto,c_fit,h_320,w_320/v1770163406/assets/pas/images/40dad00d-f11a-4a83-8a04-110d0412708c/trend-t-up-sencilo-za-veke-puzzle-party-matte-050","https://products.dm-static.com/images/f_auto,q_auto,c_fit,h_320,w_320/v1770163389/assets/pas/images/dd3c744f-a94b-49a0-a310-7e52f09ec78c/trend-t-up-sencilo-za-veke-puzzle-party-matte-050",4.0,https://www.dm.si/p/d/3112652/trend-t-up-sencilo-za-veke-puzzle-party-matte-050
4067796267020,dm,"Senčilo za oči Puzzle Party Matte 010, 1,5 g",trend !t up,2.25,EUR,"https://products.dm-static.com/images/f_auto,q_auto,c_fit,h_320,w_320/v1770164027/assets/pas/images/787bcbe5-1bc0-4242-b855-95df8de92660/trend-t-up-sencilo-za-oci-puzzle-party-matte-010","https://products.dm-static.com/images/f_auto,q_auto,c_fit,h_320,w_320/v1770164034/assets/pas/images/30b4ffa5-561c-4d41-b25c-bccc237395ff/trend-t-up-sencilo-za-oci-puzzle-party-matte-010","https://products.dm-static.com/images/f_auto,q_auto,c_fit,h_320,w_320/v1770164023/assets/pas/images/9113ac46-7dab-4257-bb6c-c30ac07299b7/trend-t-up-sencilo-za-oci-puzzle-party-matte-010",4.2,https://www.dm.si/p/d/3112648/trend-t-up-sencilo-za-oci-puzzle-party-matte-010
5903416074120,dm,"Senčilo za veke Wonder Match, 03 Warm Nude, 3 g",EVELINE COSMETICS,7.50,EUR,"https://products.dm-static.com/images/f_auto,q_auto,c_fit,h_320,w_320/v1771457588/assets/pas/images/4bfb2be9-8e1b-465b-888f-de2b8630ae90/eveline-cosmetics-sencilo-za-veke-wonder-match-03-warm-nude",,,,https://www.dm.si/p/d/2977914/eveline-cosmetics-sencilo-za-veke-wonder-match-03-warm-nude
800897225384,dm,"Tekoče senčilo za veke Ultimate Glow Shots, 04 Grapefruit Glow, 7,5 ml",NYX PROFESSIONAL MAKEUP,11.95,EUR,"https://products.dm-static.com/images/f_auto,q_auto,c_fit,h_320,w_320/v1768342965/assets/pas/images/8f3110b7-8f21-4856-a620-5bb5e06c7c22/nyx-professional-makeup-tekoce-sencilo-za-veke-ultimate-glow-shots-04-grapefruit-glow",,,4.0,https://www.dm.si/p/d/1672270/nyx-professional-makeup-tekoce-sencilo-za-veke-ultimate-glow-shots-04-grapefruit-glow
8011607383610,dm,"Tekoče senčilo za veke Vamp! – 12 Anthracite, 4 ml",PUPA,9.95,EUR,"https://products.dm-static.com/images/f_auto,q_auto,c_fit,h_320,w_320/v1747522809/assets/pas/images/6e8b3fef-8fb4-459d-9370-69afd7f49105/pupa-tekoce-sencilo-za-veke-vamp-12-anthracite","https://products.dm-static.com/images/f_auto,q_auto,c_fit,h_320,w_320/v1747522532/assets/pas/images/b54fa1eb-2977-44b1-a871-6caa28c31789/pupa-tekoce-sencilo-za-veke-vamp-12-anthracite",,,https://www.dm.si/p/d/2291085/pupa-tekoce-sencilo-za-veke-vamp-12-anthracite
8011607383528,dm,"Tekoče senčilo za veke Vamp! – 03 Smokey Lilac, 4 ml",PUPA,20.95,EUR,"https://products.dm-static.com/images/f_auto,q_auto,c_fit,h_320,w_320/v1747522531/assets/pas/images/cacf3bb3-81c4-4a50-b6af-05bd2d1fbb39/pupa-tekoce-sencilo-za-veke-vamp-03-smokey-lilac","https://products.dm-static.com/images/f_auto,q_auto,c_fit,h_320,w_320/v1747522808/assets/pas/images/e0847ee3-674e-4180-9a20-852032e60506/pupa-tekoce-sencilo-za-veke-vamp-03-smokey-lilac",,,https://www.dm.si/p/d/2283120/pupa-tekoce-sencilo-za-veke-vamp-03-smokey-lilac
3616306088238,dm,"Paleta senčil za veke Glamour, 01 Gold Glamour, 6,8 g",BOURJOIS PARIS,19.95,EUR,"https://products.dm-static.com/images/f_auto,q_auto,c_fit,h_320,w_320/v1747426240/assets/pas/images/61c9b69b-bc02-47f1-b806-54231b84e48b/bourjois-paris-paleta-sencil-za-veke-glamour-01-gold-glamour","https://products.dm-static.com/images/f_auto,q_auto,c_fit,h_320,w_320/v1747426434/assets/pas/images/2d312f21-dd39-492f-b966-79f15172c022/bourjois-paris-paleta-sencil-za-veke-glamour-01-gold-glamour",,5.0,https://www.dm.si/p/d/3050466/bourjois-paris-paleta-sencil-za-veke-glamour-01-gold-glamour
8011607319367,dm,"Paleta senčil za veke Make up stories palette 003 Matt Attitude, 13,3 g",PUPA,27.95,EUR,"https://products.dm-static.com/images/f_auto,q_auto,c_fit,h_320,w_320/v1747522476/assets/pas/images/c03ffafc-d342-404b-8b88-3995c4a4991d/pupa-paleta-sencil-za-veke-make-up-stories-palette-003-matt-attitude","https://products.dm-static.com/images/f_auto,q_auto,c_fit,h_320,w_320/v1747522476/assets/pas/images/8b643213-fe30-4fec-af0d-fff8a769e280/pupa-paleta-sencil-za-veke-make-up-stories-palette-003-matt-attitude",,,https://www.dm.si/p/d/2286125/pupa-paleta-sencil-za-veke-make-up-stories-palette-003-matt-attitude
4059729366993,dm,"Paleta senčil za veke The Dusty Matte, 9 g",CATRICE,6.10,EUR,"https://products.dm-static.com/images/f_auto,q_auto,c_fit,h_320,w_320/v1747463459/assets/pas/images/72714b4b-7204-4762-8925-c2735e13a8db/catrice-paleta-sencil-za-veke-the-dusty-matte","https://products.dm-static.com/images/f_auto,q_auto,c_fit,h_320,w_320/v1747463221/assets/pas/images/1590a8f7-d34d-40b7-92dd-0e94d8c0988b/catrice-paleta-sencil-za-veke-the-dusty-matte","https://products.dm-static.com/images/f_auto,q_auto,c_fit,h_320,w_320/v1747463463/assets/pas/images/14d234b6-0889-4c0b-a507-ee1403ab26d1/catrice-paleta-sencil-za-veke-the-dusty-matte",4.6,https://www.dm.si/p/d/1671444/catrice-paleta-sencil-za-veke-the-dusty-matte
8011607376209,dm,"Paleta senčil za veke Vamp! 003 Pinkish Bronze, 10 g",PUPA,21.95,EUR,"https://products.dm-static.com/images/f_auto,q_auto,c_fit,h_320,w_320/v1757401999/assets/pas/images/779b6717-7fc1-4a58-9316-e87bbf1f2680/pupa-paleta-sencil-za-veke-vamp-003-pinkish-bronze",,,,https://www.dm.si/p/d/2275188/pupa-paleta-sencil-za-veke-vamp-003-pinkish-bronze
3616306088245,dm,"Paleta senčil za veke Glamour, 03 Cherry Glamour, 6,8 g",BOURJOIS PARIS,19.95,EUR,"https://products.dm-static.com/images/f_auto,q_auto,c_fit,h_320,w_320/v1747426145/assets/pas/images/1147884b-d4cd-442a-8b1b-dab09db4f52d/bourjois-paris-paleta-sencil-za-veke-glamour-03-cherry-glamour","https://products.dm-static.com/images/f_auto,q_auto,c_fit,h_320,w_320/v1747426145/assets/pas/images/999686c8-2def-4a7e-8a2e-33df8c835774/bourjois-paris-paleta-sencil-za-veke-glamour-03-cherry-glamour",,,https://www.dm.si/p/d/3061150/bourjois-paris-paleta-sencil-za-veke-glamour-03-cherry-glamour
8011607383566,dm,"Tekoče senčilo za veke Vamp! – 07 Hazel, 4 ml",PUPA,20.95,EUR,"https://products.dm-static.com/images/f_auto,q_auto,c_fit,h_320,w_320/v1747522809/assets/pas/images/c22cb051-8b86-4ad2-86c4-93f35c54327a/pupa-tekoce-sencilo-za-veke-vamp-07-hazel","https://products.dm-static.com/images/f_auto,q_auto,c_fit,h_320,w_320/v1747522532/assets/pas/images/0a4f98bf-4868-47a2-87fa-445f09e91abc/pupa-tekoce-sencilo-za-veke-vamp-07-hazel",,,https://www.dm.si/p/d/2283124/pupa-tekoce-sencilo-za-veke-vamp-07-hazel
8011607383535,dm,"Tekoče senčilo za veke Vamp! – 04 Rose, 4 ml",PUPA,20.95,EUR,"https://products.dm-static.com/images/f_auto,q_auto,c_fit,h_320,w_320/v1747523153/assets/pas/images/ad403281-b70e-4388-8423-383a0fc509b1/pupa-tekoce-sencilo-za-veke-vamp-04-rose","https://products.dm-static.com/images/f_auto,q_auto,c_fit,h_320,w_320/v1747522467/assets/pas/images/a9289c36-bc36-48fd-b02c-f01e2a0405dd/pupa-tekoce-sencilo-za-veke-vamp-04-rose",,,https://www.dm.si/p/d/2283121/pupa-tekoce-sencilo-za-veke-vamp-04-rose
3616306088252,dm,"Paleta senčil za veke Glamour, 02 Rose Glamour, 6,8 g",BOURJOIS PARIS,19.95,EUR,"https://products.dm-static.com/images/f_auto,q_auto,c_fit,h_320,w_320/v1747426242/assets/pas/images/1e2b7d34-baea-4a22-b22d-96fb314cc869/bourjois-paris-paleta-sencil-za-veke-glamour-02-rose-glamour","https://products.dm-static.com/images/f_auto,q_auto,c_fit,h_320,w_320/v1747426433/assets/pas/images/a4a266f6-9e19-4a64-90d1-700fb661fcde/bourjois-paris-paleta-sencil-za-veke-glamour-02-rose-glamour",,,https://www.dm.si/p/d/3050677/bourjois-paris-paleta-sencil-za-veke-glamour-02-rose-glamour
8011607383542,dm,"Tekoče senčilo za veke Vamp! – 05 Champagne, 4 ml",PUPA,20.95,EUR,"https://products.dm-static.com/images/f_auto,q_auto,c_fit,h_320,w_320/v1747522807/assets/pas/images/3172179f-44dd-491f-9be9-621ab7726eb1/pupa-tekoce-sencilo-za-veke-vamp-05-champagne","https://products.dm-static.com/images/f_auto,q_auto,c_fit,h_320,w_320/v1747522473/assets/pas/images/f32baa6f-b8bd-4663-91b1-ba32af1c9470/pupa-tekoce-sencilo-za-veke-vamp-05-champagne",,,https://www.dm.si/p/d/2283122/pupa-tekoce-sencilo-za-veke-vamp-05-champagne
4059729595027,dm,"Paleta senčil The Little Mermaid, 8,8 g",essence,2.99,EUR,"https://products.dm-static.com/images/f_auto,q_auto,c_fit,h_320,w_320/v1773308041/assets/pas/images/f0c9fb9d-09bb-4450-b9b7-3001a9217282/essence-paleta-sencil-the-little-mermaid","https://products.dm-static.com/images/f_auto,q_auto,c_fit,h_320,w_320/v1773308028/assets/pas/images/0fca8a8d-e47b-436b-9b62-369c04ba5a04/essence-paleta-sencil-the-little-mermaid",,3.6,https://www.dm.si/p/d/3122322/essence-paleta-sencil-the-little-mermaid
4059729599308,dm,"Črtalo za ustnice MY CORE ESSENTIALS Ultra Power Lip Stain, C02 Core Power, 3 ml",CATRICE,3.80,EUR,"https://products.dm-static.com/images/f_auto,q_auto,c_fit,h_320,w_320/v1778499968/assets/pas/images/7d56b303-fab3-4377-bb7d-b1265bb28f5f/catrice-crtalo-za-ustnice-my-core-essentials-ultra-power-lip-stain-c02-core-power","https://products.dm-static.com/images/f_auto,q_auto,c_fit,h_320,w_320/v1778499973/assets/pas/images/c94e5e13-22fb-41bd-b76d-24178eab555f/catrice-crtalo-za-ustnice-my-core-essentials-ultra-power-lip-stain-c02-core-power","https://products.dm-static.com/images/f_auto,q_auto,c_fit,h_320,w_320/v1778539652/assets/pas/images/0765d47d-e06c-44c6-8543-ca9dd46fb64c/catrice-crtalo-za-ustnice-my-core-essentials-ultra-power-lip-stain-c02-core-power",4.11,https://www.dm.si/p/d/3133291/catrice-crtalo-za-ustnice-my-core-essentials-ultra-power-lip-stain-c02-core-power
4059729598967,dm,"Večnamenski stik MY CORE ESSENTIALS Blushed & Beautiful, C01 Peak Pose, 7,8 g",CATRICE,4.70,EUR,"https://products.dm-static.com/images/f_auto,q_auto,c_fit,h_320,w_320/v1778500049/assets/pas/images/14fdf253-f563-46ff-872c-9bc9259a7edd/catrice-vecnamenski-stik-my-core-essentials-blushed-beautiful-c01-peak-pose","https://products.dm-static.com/images/f_auto,q_auto,c_fit,h_320,w_320/v1778500037/assets/pas/images/d57512a5-922a-4633-b432-15fd7dbfae49/catrice-vecnamenski-stik-my-core-essentials-blushed-beautiful-c01-peak-pose","https://products.dm-static.com/images/f_auto,q_auto,c_fit,h_320,w_320/v1778540635/assets/pas/images/ebc73980-75fa-45bc-9e27-7292c78aed78/catrice-vecnamenski-stik-my-core-essentials-blushed-beautiful-c01-peak-pose",5.0,https://www.dm.si/p/d/3133285/catrice-vecnamenski-stik-my-core-essentials-blushed-beautiful-c01-peak-pose
4059729595188,dm,"Tekoče senčilo za oči The Little Mermaid, 3,6 ml",essence,0.99,EUR,"https://products.dm-static.com/images/f_auto,q_auto,c_fit,h_320,w_320/v1773308055/assets/pas/images/38606a35-8d75-47c4-8962-87c353ea77dc/essence-tekoce-sencilo-za-oci-the-little-mermaid","https://products.dm-static.com/images/f_auto,q_auto,c_fit,h_320,w_320/v1773308064/assets/pas/images/c3f87f05-d9e0-4067-9ee2-23d544963fd9/essence-tekoce-sencilo-za-oci-the-little-mermaid",,4.75,https://www.dm.si/p/d/3122319/essence-tekoce-sencilo-za-oci-the-little-mermaid
8011607383603,dm,"Tekoče senčilo za veke Vamp! – 11 Mocha, 4 ml",PUPA,20.95,EUR,"https://products.dm-static.com/images/f_auto,q_auto,c_fit,h_320,w_320/v1747522811/assets/pas/images/ed5f77d4-f76f-4a8d-9cad-b57b67a82e7f/pupa-tekoce-sencilo-za-veke-vamp-11-mocha","https://products.dm-static.com/images/f_auto,q_auto,c_fit,h_320,w_320/v1747522533/assets/pas/images/6fb98b3a-8264-49dd-b630-365bd3285198/pupa-tekoce-sencilo-za-veke-vamp-11-mocha",,,https://www.dm.si/p/d/2283126/pupa-tekoce-sencilo-za-veke-vamp-11-mocha
8011607383573,dm,"Tekoče senčilo za veke Vamp! – 08 Copper, 4 ml",PUPA,20.95,EUR,"https://products.dm-static.com/images/f_auto,q_auto,c_fit,h_320,w_320/v1747522533/assets/pas/images/fb3a7a5a-5790-454d-a0b9-c966fd032891/pupa-tekoce-sencilo-za-veke-vamp-08-copper",,,,https://www.dm.si/p/d/2283125/pupa-tekoce-sencilo-za-veke-vamp-08-copper
4059729599001,dm,"Večnamenski stik MY CORE ESSENTIALS Blushed & Beautiful, C02 Peak Power, 7,8 g",CATRICE,4.70,EUR,"https://products.dm-static.com/images/f_auto,q_auto,c_fit,h_320,w_320/v1778499923/assets/pas/images/f52d112f-63d7-42cc-9e12-49eb44085e8b/catrice-vecnamenski-stik-my-core-essentials-blushed-beautiful-c02-peak-power","https://products.dm-static.com/images/f_auto,q_auto,c_fit,h_320,w_320/v1778499934/assets/pas/images/a7904397-caa5-4b4c-8a91-d679438cc08c/catrice-vecnamenski-stik-my-core-essentials-blushed-beautiful-c02-peak-power","https://products.dm-static.com/images/f_auto,q_auto,c_fit,h_320,w_320/v1778540837/assets/pas/images/d4945768-6c80-42d7-aae8-0f66d609e81a/catrice-vecnamenski-stik-my-core-essentials-blushed-beautiful-c02-peak-power",5.0,https://www.dm.si/p/d/3133286/catrice-vecnamenski-stik-my-core-essentials-blushed-beautiful-c02-peak-power
8011607376186,dm,"Paleta senčil za veke Vamp! 001 Natural, 10 g",PUPA,21.95,EUR,"https://products.dm-static.com/images/f_auto,q_auto,c_fit,h_320,w_320/v1757402065/assets/pas/images/d9b5d144-199a-44f3-bc6a-7e05f97970ff/pupa-paleta-sencil-za-veke-vamp-001-natural",,,,https://www.dm.si/p/d/2275187/pupa-paleta-sencil-za-veke-vamp-001-natural
4059729599360,dm,"Paleta za oči in lica 2v1 Spring And The City Glow Complex, C02 Cherry Glow & Skyline Views, 6,4 g",CATRICE,1.99,EUR,"https://products.dm-static.com/images/f_auto,q_auto,c_fit,h_320,w_320/v1773306825/assets/pas/images/588031d0-4325-435e-a78b-d15156934f83/catrice-paleta-za-oci-in-lica-2v1-spring-and-the-city-glow-complex-c02-cherry-glow-skyline-views","https://products.dm-static.com/images/f_auto,q_auto,c_fit,h_320,w_320/v1773306807/assets/pas/images/054e113b-d08a-47fa-9d3d-3712daa0c143/catrice-paleta-za-oci-in-lica-2v1-spring-and-the-city-glow-complex-c02-cherry-glow-skyline-views",,5.0,https://www.dm.si/p/d/3123310/catrice-paleta-za-oci-in-lica-2v1-spring-and-the-city-glow-complex-c02-cherry-glow-skyline-views
4070765027365,dm,"Holo Glam krema Sunset Stage 030, 3 g",trend !t up,3.95,EUR,"https://products.dm-static.com/images/f_auto,q_auto,c_fit,h_320,w_320/v1779318471/assets/pas/images/6c869002-8cae-47da-aa1a-05e350b46e1f/trend-t-up-holo-glam-krema-sunset-stage-030","https://products.dm-static.com/images/f_auto,q_auto,c_fit,h_320,w_320/v1779318476/assets/pas/images/e3534b1e-6754-4007-819e-ece3bfc84695/trend-t-up-holo-glam-krema-sunset-stage-030","https://products.dm-static.com/images/f_auto,q_auto,c_fit,h_320,w_320/v1779318481/assets/pas/images/6c785668-c991-44f3-9e2a-9386cf42f3d2/trend-t-up-holo-glam-krema-sunset-stage-030",5.0,https://www.dm.si/p/d/3136055/trend-t-up-holo-glam-krema-sunset-stage-030
4070765027358,dm,"Holo Glam krema Sunset Stage 020, 3 g",trend !t up,3.95,EUR,"https://products.dm-static.com/images/f_auto,q_auto,c_fit,h_320,w_320/v1779317037/assets/pas/images/8d1b5833-cc86-4d6a-9aff-c88c720d18fe/trend-t-up-holo-glam-krema-sunset-stage-020","https://products.dm-static.com/images/f_auto,q_auto,c_fit,h_320,w_320/v1779317032/assets/pas/images/2bae2794-209e-40f0-8afe-dc758643a170/trend-t-up-holo-glam-krema-sunset-stage-020","https://products.dm-static.com/images/f_auto,q_auto,c_fit,h_320,w_320/v1779317027/assets/pas/images/7a24f7ae-34fb-4367-ad75-f5386e40e8d9/trend-t-up-holo-glam-krema-sunset-stage-020",5.0,https://www.dm.si/p/d/3136069/trend-t-up-holo-glam-krema-sunset-stage-020
4070765027341,dm,"Holo Glam krema Sunset Stage 010, 3 g",trend !t up,3.95,EUR,"https://products.dm-static.com/images/f_auto,q_auto,c_fit,h_320,w_320/v1779317781/assets/pas/images/3fb8141f-cdf8-4802-ba05-654304910dba/trend-t-up-holo-glam-krema-sunset-stage-010","https://products.dm-static.com/images/f_auto,q_auto,c_fit,h_320,w_320/v1779317785/assets/pas/images/9f4ba2f9-d593-46ed-92df-97a55facbccc/trend-t-up-holo-glam-krema-sunset-stage-010","https://products.dm-static.com/images/f_auto,q_auto,c_fit,h_320,w_320/v1779317776/assets/pas/images/9e826042-f927-4bc7-93a0-4bb0df59f729/trend-t-up-holo-glam-krema-sunset-stage-010",5.0,https://www.dm.si/p/d/3136001/trend-t-up-holo-glam-krema-sunset-stage-010
