parent_url,name,link
https://www.webstaurantstore.com/restaurant-equipment.html,Gas Fryers,https://www.webstaurantstore.com/14399/gas-fryers.html
https://www.webstaurantstore.com/restaurant-equipment.html,Commercial Gas Ranges,https://www.webstaurantstore.com/25887/commercial-gas-ranges.html
https://www.webstaurantstore.com/restaurant-equipment.html,Griddles,https://www.webstaurantstore.com/50439/griddles.html
https://www.webstaurantstore.com/restaurant-equipment.html,Charbroilers,https://www.webstaurantstore.com/50437/charbroilers.html
https://www.webstaurantstore.com/restaurant-equipment.html,Reach-In Refrigerators and Freezers,https://www.webstaurantstore.com/13421/reach-in-refrigerators-and-freezers.html
https://www.webstaurantstore.com/restaurant-equipment.html,Refrigerated Prep Tables,https://www.webstaurantstore.com/47649/refrigerated-prep-tables.html
https://www.webstaurantstore.com/categories.html,Merchandising and Display Refrigeration,https://www.webstaurantstore.com/13387/merchandising-and-display-refrigeration.html
https://www.webstaurantstore.com/restaurant-equipment.html,Bar Refrigeration,https://www.webstaurantstore.com/47651/bar-refrigeration.html
https://www.webstaurantstore.com/restaurant-equipment.html,Ice Machines,https://www.webstaurantstore.com/47499/ice-machines.html
https://www.webstaurantstore.com/restaurant-equipment.html,Stainless Steel Work Tables with Undershelf,https://www.webstaurantstore.com/13729/stainless-steel-work-tables-with-undershelf.html
https://www.webstaurantstore.com/restaurant-equipment.html,Stainless Steel Open Base Work Tables,https://www.webstaurantstore.com/13733/stainless-steel-open-base-work-tables.html
https://www.webstaurantstore.com/restaurant-equipment.html,Equipment Stands and Mixer Tables,https://www.webstaurantstore.com/14451/equipment-stands.html
https://www.webstaurantstore.com/restaurant-equipment.html,Stainless Steel Enclosed Base Commercial Work Tables,https://www.webstaurantstore.com/43755/stainless-steel-enclosed-base-commercial-work-tables.html
https://www.webstaurantstore.com/restaurant-equipment.html,Meat Choppers and Meat Grinders,https://www.webstaurantstore.com/36675/meat-choppers-and-meat-grinders.html
https://www.webstaurantstore.com/restaurant-equipment.html,Commercial Immersion Blenders,https://www.webstaurantstore.com/14253/commercial-immersion-blenders.html
https://www.webstaurantstore.com/restaurant-equipment.html,"Dough Sheeters, Rounders & Dividers",https://www.webstaurantstore.com/14263/dough-sheeters-rounders-dividers.html
https://www.webstaurantstore.com/restaurant-equipment.html,Cutters and Slicers,https://www.webstaurantstore.com/50131/cutters-and-slicers.html
https://www.webstaurantstore.com/restaurant-equipment.html,3 Compartment Sinks,https://www.webstaurantstore.com/14927/3-compartment-sinks.html
https://www.webstaurantstore.com/industrial-supplies.html,Hand Sinks and Accessories,https://www.webstaurantstore.com/14943/hand-sinks-and-accessories.html
https://www.webstaurantstore.com/restaurant-equipment.html,Utility Sinks,https://www.webstaurantstore.com/43759/utility-sinks.html
https://www.webstaurantstore.com/restaurant-equipment.html,Underbar Sinks,https://www.webstaurantstore.com/38779/3-bowl-underbar-sinks.html
https://www.webstaurantstore.com/restaurant-equipment.html,Commercial Convection Ovens,https://www.webstaurantstore.com/14181/commercial-convection-ovens.html
https://www.webstaurantstore.com/restaurant-equipment.html,Commercial Microwaves,https://www.webstaurantstore.com/14351/commercial-microwaves.html
https://www.webstaurantstore.com/restaurant-equipment.html,Rapid Cook / High Speed Hybrid Ovens,https://www.webstaurantstore.com/22267/rapid-cook-high-speed-hybrid-ovens.html
https://www.webstaurantstore.com/restaurant-equipment.html,Conveyor Ovens and Impinger Ovens,https://www.webstaurantstore.com/14185/conveyor-ovens-and-impinger-ovens.html
https://www.webstaurantstore.com/restaurant-equipment.html,Commercial Steam Tables,https://www.webstaurantstore.com/14141/commercial-steam-tables.html
https://www.webstaurantstore.com/restaurant-equipment.html,Countertop Food Warmers,https://www.webstaurantstore.com/14121/countertop-food-warmers.html
https://www.webstaurantstore.com/restaurant-equipment.html,Cold Food Tables,https://www.webstaurantstore.com/13647/cold-food-tables.html
https://www.webstaurantstore.com/restaurant-storage-transport.html,Sheet Pan Racks,https://www.webstaurantstore.com/45131/sheet-pan-racks.html
https://www.webstaurantstore.com/restaurant-storage-transport.html,Plastic Utility Carts and Bus Carts,https://www.webstaurantstore.com/25985/plastic-bussing-carts-and-transport-carts.html
https://www.webstaurantstore.com/restaurant-equipment.html,Dunnage Racks,https://www.webstaurantstore.com/14877/dunnage-racks.html
https://www.webstaurantstore.com/restaurant-equipment.html,Commercial Coffee Makers / Brewers,https://www.webstaurantstore.com/13953/commercial-coffee-makers-brewers.html
https://www.webstaurantstore.com/restaurant-equipment.html,Granita / Slushy Machines,https://www.webstaurantstore.com/14061/granita-slushy-machines.html
https://www.webstaurantstore.com/restaurant-equipment.html,Underbar Equipment,https://www.webstaurantstore.com/49113/underbar-equipment.html
https://www.webstaurantstore.com/refrigeration-equipment.html,Beer Dispensers,https://www.webstaurantstore.com/42399/beer-dispensers.html
https://www.webstaurantstore.com/restaurant-equipment.html,Portable Beer Dispensers and Accessories,https://www.webstaurantstore.com/15099/event-beer-keg-dispensers.html
https://www.webstaurantstore.com/restaurant-equipment.html,Popcorn Equipment,https://www.webstaurantstore.com/13363/popcorn-equipment.html
https://www.webstaurantstore.com/restaurant-equipment.html,Hot Food Display Cases,https://www.webstaurantstore.com/13327/countertop-hot-food-display-warmers.html
https://www.webstaurantstore.com/restaurant-equipment.html,Outdoor Coolers,https://www.webstaurantstore.com/51191/outdoor-heavy-duty-merchandising-coolers.html
https://www.webstaurantstore.com/restaurant-equipment.html,Refrigerated Countertop Condiment Holders,https://www.webstaurantstore.com/48595/refrigerated-countertop-condiment-holders.html
https://www.webstaurantstore.com/restaurant-equipment.html,Hot Dog Equipment,https://www.webstaurantstore.com/13353/hot-dog-equipment.html
https://www.webstaurantstore.com/restaurant-equipment.html,"Condiment, Topping & Sauce Warmers",https://www.webstaurantstore.com/17113/condiment-topping-sauce-warmers.html
https://www.webstaurantstore.com/restaurant-equipment.html,"Funnel Cake, Donut, and Specialty Fryers",https://www.webstaurantstore.com/14411/funnel-cake-donut-and-specialty-fryers.html
https://www.webstaurantstore.com/restaurant-equipment.html,Cotton Candy Machines,https://www.webstaurantstore.com/13369/cotton-candy-machines.html
https://www.webstaurantstore.com/restaurant-equipment.html,Commercial Waffle Makers,https://www.webstaurantstore.com/36731/commercial-waffle-makers.html
https://www.webstaurantstore.com/restaurant-equipment.html,Snow Cone Machines and Commercial Ice Shavers,https://www.webstaurantstore.com/13371/snow-cone-machines-and-commercial-ice-shavers.html
https://www.webstaurantstore.com/restaurant-equipment.html,Gas Connectors and Gas Hoses,https://www.webstaurantstore.com/14821/gas-connectors-and-gas-hoses.html
https://www.webstaurantstore.com/restaurant-equipment.html,Commercial Blender Parts and Accessories,https://www.webstaurantstore.com/35099/commercial-blender-parts-and-accessories.html
https://www.webstaurantstore.com/restaurant-equipment.html,Casters,https://www.webstaurantstore.com/49099/casters.html
https://www.webstaurantstore.com/restaurant-equipment.html,Range Parts and Accessories,https://www.webstaurantstore.com/15053/range-parts-and-accessories.html
https://www.webstaurantstore.com/restaurant-disposable-supplies.html,Plastic Disposable Plates,https://www.webstaurantstore.com/45835/plastic-disposable-plates.html
https://www.webstaurantstore.com/restaurant-disposable-supplies.html,Plastic Cutlery / Utensils,https://www.webstaurantstore.com/54139/plastic-cutlery-utensils.html
https://www.webstaurantstore.com/restaurant-disposable-supplies.html,Plastic Cups and Lids,https://www.webstaurantstore.com/639/plastic-cups-and-lids.html
https://www.webstaurantstore.com/restaurant-disposable-supplies.html,Disposable Plastic Barware and Cups,https://www.webstaurantstore.com/649/disposable-plastic-barware-and-cups.html
https://www.webstaurantstore.com/restaurant-disposable-supplies.html,Straws & Stirrers,https://www.webstaurantstore.com/753/straws.html
https://www.webstaurantstore.com/restaurant-disposable-supplies.html,Paper Cups and Lids,https://www.webstaurantstore.com/573/paper-cups-and-lids.html
https://www.webstaurantstore.com/restaurant-disposable-supplies.html,Paper Napkins,https://www.webstaurantstore.com/547/paper-napkins.html
https://www.webstaurantstore.com/restaurant-disposable-supplies.html,Disposable Soup Containers,https://www.webstaurantstore.com/11985/disposable-soup-containers.html
https://www.webstaurantstore.com/restaurant-disposable-supplies.html,Paper Food Trays,https://www.webstaurantstore.com/251/paper-food-trays.html
https://www.webstaurantstore.com/restaurant-disposable-supplies.html,Plastic Microwaveable Take-Out Containers,https://www.webstaurantstore.com/803/plastic-microwaveable-take-out-containers.html
https://www.webstaurantstore.com/restaurant-disposable-supplies.html,Paper Take-Out Boxes,https://www.webstaurantstore.com/11987/paper-take-out-boxes.html
https://www.webstaurantstore.com/restaurant-disposable-supplies.html,Deli Containers,https://www.webstaurantstore.com/779/deli-take-out-containers.html
https://www.webstaurantstore.com/restaurant-disposable-supplies.html,Foil Take-Out Containers & Lids,https://www.webstaurantstore.com/791/foil-take-out-containers-lids.html
https://www.webstaurantstore.com/restaurant-disposable-supplies.html,Souffle and Portion Cups & Lids,https://www.webstaurantstore.com/715/souffle-portion-cups-lids.html
https://www.webstaurantstore.com/restaurant-disposable-supplies.html,Eco-Friendly Dinnerware,https://www.webstaurantstore.com/599/eco-friendly-dinnerware-.html
https://www.webstaurantstore.com/restaurant-disposable-supplies.html,Eco-Friendly To-Go Containers,https://www.webstaurantstore.com/795/eco-friendly-to-go-containers.html
https://www.webstaurantstore.com/restaurant-disposable-supplies.html,Eco-Friendly Disposable Cutlery,https://www.webstaurantstore.com/53575/eco-friendly-disposable-cutlery.html
https://www.webstaurantstore.com/restaurant-disposable-supplies.html,Eco-Friendly Straws,https://www.webstaurantstore.com/9449/eco-friendly-straws.html
https://www.webstaurantstore.com/restaurant-disposable-supplies.html,Paper Bags,https://www.webstaurantstore.com/15969/paper-bags.html
https://www.webstaurantstore.com/restaurant-disposable-supplies.html,Plastic Bags,https://www.webstaurantstore.com/323/plastic-bags.html
https://www.webstaurantstore.com/categories.html,Food Packaging Wrap,https://www.webstaurantstore.com/425/food-packaging-wrap.html
https://www.webstaurantstore.com/restaurant-disposable-supplies.html,Vacuum Packaging Machine Bags,https://www.webstaurantstore.com/14281/vacuum-packaging-machine-bags.html
https://www.webstaurantstore.com/restaurant-disposable-supplies.html,"Disposable Tablecloths, Runners & Skirts",https://www.webstaurantstore.com/755/disposable-table-covers-skirting.html
https://www.webstaurantstore.com/restaurant-disposable-supplies.html,Plastic Serving Utensils,https://www.webstaurantstore.com/673/plastic-serving-utensils.html
https://www.webstaurantstore.com/restaurant-disposable-supplies.html,Disposable Serving and Catering Trays,https://www.webstaurantstore.com/51387/disposable-serving-and-catering-trays.html
https://www.webstaurantstore.com/restaurant-disposable-supplies.html,Aluminum Foil Steam Table Pans & Lids,https://www.webstaurantstore.com/215/aluminum-foil-steam-table-pans-lids.html
https://www.webstaurantstore.com/restaurant-disposable-supplies.html,Catering and To Go Bowls,https://www.webstaurantstore.com/685/plastic-take-out-deli-catering-bowls-and-lids.html
https://www.webstaurantstore.com/restaurant-disposable-supplies.html,Cake Boxes and Bakery Boxes,https://www.webstaurantstore.com/353/cake-boxes-and-bakery-boxes.html
https://www.webstaurantstore.com/restaurant-disposable-supplies.html,Plastic Cake Containers,https://www.webstaurantstore.com/12945/cake-take-out-containers.html
https://www.webstaurantstore.com/restaurant-disposable-supplies.html,Pie Containers,https://www.webstaurantstore.com/12963/pie-take-out-containers.html
https://www.webstaurantstore.com/restaurant-disposable-supplies.html,Aluminum Foil Pans,https://www.webstaurantstore.com/197/aluminum-foil-pans.html
https://www.webstaurantstore.com/restaurant-disposable-supplies.html,"Cake Circles, Cake Pads, and Cake Boards",https://www.webstaurantstore.com/227/cake-circles-cake-pads-and-cake-boards.html
https://www.webstaurantstore.com/restaurant-disposable-supplies.html,Baking Cups and Cupcake Liners,https://www.webstaurantstore.com/221/baking-cups.html
https://www.webstaurantstore.com/restaurant-disposable-supplies.html,Parchment Paper and Pan Liners,https://www.webstaurantstore.com/229/parchment-paper-and-pan-liners.html
https://www.webstaurantstore.com/restaurant-disposable-supplies.html,Concession Food Bags,https://www.webstaurantstore.com/283/concession-food-bags.html
https://www.webstaurantstore.com/restaurant-disposable-supplies.html,Paper French Fry Bags and Cups,https://www.webstaurantstore.com/593/paper-french-fry-bags-and-cups.html
https://www.webstaurantstore.com/restaurant-disposable-supplies.html,Disposable Ice Cream and Frozen Yogurt Cups,https://www.webstaurantstore.com/52615/disposable-ice-cream-and-frozen-yogurt-cups.html
https://www.webstaurantstore.com/restaurant-disposable-supplies.html,Disposable Popcorn Supplies,https://www.webstaurantstore.com/16207/disposable-popcorn-supplies.html
https://www.webstaurantstore.com/restaurant-storage-transport.html,Regency Shelving,https://www.webstaurantstore.com/48403/regency-shelving.html
https://www.webstaurantstore.com/restaurant-storage-transport.html,Wire Shelving,https://www.webstaurantstore.com/47477/wire-shelving.html
https://www.webstaurantstore.com/restaurant-storage-transport.html,Wall Mount Shelving,https://www.webstaurantstore.com/48407/wall-mount-shelving.html
https://www.webstaurantstore.com/restaurant-storage-transport.html,Merchandiser Racks  / Slant Racks,https://www.webstaurantstore.com/24865/merchandiser-racks-slant-racks.html
https://www.webstaurantstore.com/restaurant-storage-transport.html,"Glass Racks, Cup Racks, and Extenders",https://www.webstaurantstore.com/39727/glass-racks-cup-racks-and-extenders.html
https://www.webstaurantstore.com/restaurant-storage-transport.html,Boltless Shelving,https://www.webstaurantstore.com/64573/boltless-shelving.html
https://www.webstaurantstore.com/restaurant-storage-transport.html,Plastic Shelving,https://www.webstaurantstore.com/66975/plastic-shelving.html
https://www.webstaurantstore.com/restaurant-storage-transport.html,Metal Bussing / Utility / Transport Carts,https://www.webstaurantstore.com/14369/metal-bussing-utility-transport-carts.html
https://www.webstaurantstore.com/restaurant-storage-transport.html,Industrial Carts and Maintenance Carts,https://www.webstaurantstore.com/37745/industrial-carts-and-maintenance-carts.html
https://www.webstaurantstore.com/industrial-supplies.html,Hand Trucks,https://www.webstaurantstore.com/24885/hand-trucks.html
https://www.webstaurantstore.com/restaurant-storage-transport.html,Utility Dollies,https://www.webstaurantstore.com/24881/utility-dollies.html
https://www.webstaurantstore.com/commercial-furniture.html,Grocery Store Displays,https://www.webstaurantstore.com/48493/supermarket-and-retail-supplies.html
https://www.webstaurantstore.com/commercial-furniture.html,Gondola Shelving,https://www.webstaurantstore.com/68097/gondola-shelving.html
https://www.webstaurantstore.com/restaurant-storage-transport.html,Beer Shelving,https://www.webstaurantstore.com/68095/beer-shelving.html
https://www.webstaurantstore.com/restaurant-smallwares.html,Food Storage Containers,https://www.webstaurantstore.com/3087/food-storage-containers.html
https://www.webstaurantstore.com/restaurant-storage-transport.html,Insulated Food Carriers and Beverage Dispensers,https://www.webstaurantstore.com/3513/insulated-food-carriers-and-beverage-carriers.html
https://www.webstaurantstore.com/restaurant-smallwares.html,Ingredient Bins,https://www.webstaurantstore.com/2457/ingredient-bins.html
https://www.webstaurantstore.com/restaurant-storage-transport.html,Food Storage Boxes and Covers,https://www.webstaurantstore.com/37515/food-storage-boxes-and-covers.html
https://www.webstaurantstore.com/categories.html,Insulated Food Delivery Bags and Catering Bags,https://www.webstaurantstore.com/19177/insulated-food-delivery-bags.html
https://www.webstaurantstore.com/restaurant-storage-transport.html,Outdoor Storage,https://www.webstaurantstore.com/54109/outdoor-storage.html
https://www.webstaurantstore.com/industrial-supplies.html,Lockers,https://www.webstaurantstore.com/21921/lockers.html
https://www.webstaurantstore.com/restaurant-storage-transport.html,Industrial Storage Cabinets,https://www.webstaurantstore.com/65881/industrial-storage-cabinets.html
https://www.webstaurantstore.com/industrial-supplies.html,Loading Dock Equipment,https://www.webstaurantstore.com/58101/loading-dock-equipment.html
https://www.webstaurantstore.com/industrial-supplies.html,Strapping Supplies,https://www.webstaurantstore.com/64151/strapping-supplies.html
https://www.webstaurantstore.com/industrial-supplies.html,Pallet Trucks,https://www.webstaurantstore.com/58099/pallet-trucks.html
https://www.webstaurantstore.com/industrial-supplies.html,Maintenance Tools,https://www.webstaurantstore.com/56483/maintenance-tools.html
https://www.webstaurantstore.com/industrial-supplies.html,Industrial Lighting & Electrical,https://www.webstaurantstore.com/57771/industrial-lighting.html
https://www.webstaurantstore.com/industrial-supplies.html,Industrial Vacuums,https://www.webstaurantstore.com/65217/industrial-vacuums.html
https://www.webstaurantstore.com/industrial-supplies.html,Trash Carts with Wheels,https://www.webstaurantstore.com/24887/wheeled-trash-cans-and-tilt-trucks.html
https://www.webstaurantstore.com/industrial-supplies.html,Industrial Packaging Supplies,https://www.webstaurantstore.com/57767/industrial-packaging-supplies.html
https://www.webstaurantstore.com/industrial-supplies.html,Tape and Tape Dispensers,https://www.webstaurantstore.com/43507/tape-tape-dispensers.html
https://www.webstaurantstore.com/industrial-supplies.html,Cardboard Shipping & Moving Boxes,https://www.webstaurantstore.com/52149/shipping-boxes.html
https://www.webstaurantstore.com/industrial-supplies.html,Receiving Scales,https://www.webstaurantstore.com/3571/receiving-scales.html
https://www.webstaurantstore.com/industrial-supplies.html,"Stretch Wrap, Stretch Film, and Pallet Wrap",https://www.webstaurantstore.com/3577/stretch-wrap-stretch-film-and-pallet-wrap.html
https://www.webstaurantstore.com/industrial-supplies.html,Industrial Shelving,https://www.webstaurantstore.com/57761/industrial-shelving-and-storage.html
https://www.webstaurantstore.com/industrial-supplies.html,Industrial Workbenches,https://www.webstaurantstore.com/65049/industrial-workbenches.html
https://www.webstaurantstore.com/industrial-supplies.html,Lug Racks and Bulk Movers,https://www.webstaurantstore.com/24853/lug-racks-and-bulk-movers.html
https://www.webstaurantstore.com/industrial-supplies.html,Eye Wash Stations & Emergency Showers,https://www.webstaurantstore.com/977/eye-wash-stations.html
https://www.webstaurantstore.com/industrial-supplies.html,Hose Reels,https://www.webstaurantstore.com/9035/hose-reels-and-hose-reel-accessories.html
https://www.webstaurantstore.com/industrial-supplies.html,Washdown Stations,https://www.webstaurantstore.com/899/washdown-stations.html
https://www.webstaurantstore.com/industrial-supplies.html,Commercial Toilets & Urinals,https://www.webstaurantstore.com/64567/commercial-toilets-urinals.html
https://www.webstaurantstore.com/industrial-supplies.html,Commercial Faucets,https://www.webstaurantstore.com/plumbing-and-faucets.html
https://www.webstaurantstore.com/industrial-supplies.html,Tilt & Lift Tables,https://www.webstaurantstore.com/58097/lift-tables.html
https://www.webstaurantstore.com/industrial-supplies.html,Drum Handling Equipment,https://www.webstaurantstore.com/58095/drum-handling-equipment.html
https://www.webstaurantstore.com/industrial-supplies.html,Warehouse Stackers,https://www.webstaurantstore.com/58043/warehouse-stackers.html
https://www.webstaurantstore.com/industrial-supplies.html,Self Dumping Hoppers,https://www.webstaurantstore.com/43471/self-dumping-hoppers.html
https://www.webstaurantstore.com/industrial-supplies.html,Industrial Hoists and Cranes,https://www.webstaurantstore.com/64569/industrial-hoists-and-cranes.html
https://www.webstaurantstore.com/industrial-supplies.html,Mini Splits,https://www.webstaurantstore.com/64719/mini-splits.html
https://www.webstaurantstore.com/industrial-supplies.html,Industrial Fans,https://www.webstaurantstore.com/59513/industrial-fans.html
https://www.webstaurantstore.com/industrial-supplies.html,Commercial Air Conditioners,https://www.webstaurantstore.com/13711/spot-air-conditioners-and-heat-pumps.html
https://www.webstaurantstore.com/industrial-supplies.html,Commercial Thermostats,https://www.webstaurantstore.com/62875/commercial-thermostats.html
https://www.webstaurantstore.com/industrial-supplies.html,Building Insulation Rolls,https://www.webstaurantstore.com/68893/building-insulation-rolls.html
https://www.webstaurantstore.com/categories.html,Office Furniture,https://www.webstaurantstore.com/51959/office-furniture.html
https://www.webstaurantstore.com/industrial-supplies.html,Labels and Stickers,https://www.webstaurantstore.com/52053/labels-and-stickers.html
https://www.webstaurantstore.com/industrial-supplies.html,Sticky Notes,https://www.webstaurantstore.com/52099/sticky-notes.html
https://www.webstaurantstore.com/industrial-supplies.html,Janitorial Disposables,https://www.webstaurantstore.com/497/janitorial-disposables.html
https://www.webstaurantstore.com/industrial-supplies.html,Cleaning Chemicals,https://www.webstaurantstore.com/48569/cleaning-chemicals.html
https://www.webstaurantstore.com/industrial-supplies.html,Trash Cans and Recycling Bins,https://www.webstaurantstore.com/48573/trash-cans-and-recycling-bins.html
https://www.webstaurantstore.com/industrial-supplies.html,Traffic Safety Supplies,https://www.webstaurantstore.com/65087/traffic-safety-supplies.html
https://www.webstaurantstore.com/industrial-supplies.html,Heavy Duty Work Gloves,https://www.webstaurantstore.com/54791/heavy-duty-work-gloves.html
https://www.webstaurantstore.com/industrial-supplies.html,Hard Hats and Head Protection,https://www.webstaurantstore.com/68303/safety-face-head-coverings.html
https://www.webstaurantstore.com/industrial-supplies.html,Face Masks and Respirators,https://www.webstaurantstore.com/1163/respirators-dust-masks.html
https://www.webstaurantstore.com/industrial-supplies.html,Safety Mirrors,https://www.webstaurantstore.com/57365/safety-mirrors.html
https://www.webstaurantstore.com/restaurant-smallwares.html,Plastic Food Pans,https://www.webstaurantstore.com/51167/plastic-food-pans.html
https://www.webstaurantstore.com/restaurant-smallwares.html,Kitchen Utensils,https://www.webstaurantstore.com/53123/cooking-utensils.html
https://www.webstaurantstore.com/restaurant-smallwares.html,Turners,https://www.webstaurantstore.com/40765/turners.html
https://www.webstaurantstore.com/restaurant-smallwares.html,Kitchen Spoons,https://www.webstaurantstore.com/2921/kitchen-spoons.html
https://www.webstaurantstore.com/restaurant-smallwares.html,Measuring Cups and Spoons,https://www.webstaurantstore.com/2925/measuring-cups-spoons.html
https://www.webstaurantstore.com/restaurant-smallwares.html,Sauce Pans,https://www.webstaurantstore.com/32263/sauce-pans.html?filter=type:sauce-pans
https://www.webstaurantstore.com/restaurant-smallwares.html,Sauce Pots,https://www.webstaurantstore.com/32263/sauce-pans.html?filter=type:sauce-pots
https://www.webstaurantstore.com/restaurant-smallwares.html,Stock Pots & Accessories,https://www.webstaurantstore.com/2733/stock-pots-accessories.html
https://www.webstaurantstore.com/restaurant-smallwares.html,Cast Iron Cookware,https://www.webstaurantstore.com/47869/cast-iron-cookware.html
https://www.webstaurantstore.com/restaurant-smallwares.html,Cookware Sets,https://www.webstaurantstore.com/41549/cookware-sets.html
https://www.webstaurantstore.com/restaurant-smallwares.html,Induction Ready Cookware,https://www.webstaurantstore.com/40799/induction-ready-cookware.html
https://www.webstaurantstore.com/restaurant-smallwares.html,Baking Pans,https://www.webstaurantstore.com/2415/bakery-pans-and-cake-molds.html
https://www.webstaurantstore.com/restaurant-smallwares.html,Cake Decorating Supplies,https://www.webstaurantstore.com/44029/cake-decorating-supplies.html
https://www.webstaurantstore.com/restaurant-smallwares.html,Baking Tools and Utensils,https://www.webstaurantstore.com/44027/baking-tools-and-utensils.html
https://www.webstaurantstore.com/restaurant-smallwares.html,Silicone Baking Molds,https://www.webstaurantstore.com/54115/silicone-baking-molds.html
https://www.webstaurantstore.com/restaurant-smallwares.html,Mixing Bowls,https://www.webstaurantstore.com/3113/mixing-bowls.html
https://www.webstaurantstore.com/restaurant-smallwares.html,Strainers,https://www.webstaurantstore.com/2975/strainers.html
https://www.webstaurantstore.com/restaurant-smallwares.html,Kitchen Gloves,https://www.webstaurantstore.com/3073/kitchen-gloves.html
https://www.webstaurantstore.com/restaurant-smallwares.html,Cooling Racks,https://www.webstaurantstore.com/3065/cooling-racks.html
https://www.webstaurantstore.com/restaurant-smallwares.html,Colanders,https://www.webstaurantstore.com/3051/colanders.html
https://www.webstaurantstore.com/restaurant-smallwares.html,Chef Knives,https://www.webstaurantstore.com/2835/chef-knives.html
https://www.webstaurantstore.com/restaurant-smallwares.html,Paring Knives,https://www.webstaurantstore.com/2859/paring-knives.html
https://www.webstaurantstore.com/restaurant-smallwares.html,Cleavers,https://www.webstaurantstore.com/10849/cleavers.html
https://www.webstaurantstore.com/restaurant-smallwares.html,Butcher Knives,https://www.webstaurantstore.com/2829/butcher-knives.html
https://www.webstaurantstore.com/restaurant-smallwares.html,Knife Sets,https://www.webstaurantstore.com/2855/knife-sets.html
https://www.webstaurantstore.com/restaurant-smallwares.html,Cocktail Shakers,https://www.webstaurantstore.com/2521/cocktail-shakers.html
https://www.webstaurantstore.com/restaurant-smallwares.html,Liquor Pourers,https://www.webstaurantstore.com/2547/liquor-pourers.html
https://www.webstaurantstore.com/restaurant-smallwares.html,Corkscrews and Bottle Openers,https://www.webstaurantstore.com/2523/corkscrews.html
https://www.webstaurantstore.com/restaurant-smallwares.html,Jiggers,https://www.webstaurantstore.com/2557/jiggers.html
https://www.webstaurantstore.com/restaurant-smallwares.html,Bar Utensils,https://www.webstaurantstore.com/2559/bar-utensils.html
https://www.webstaurantstore.com/restaurant-smallwares.html,Insulated Beverage Dispensers,https://www.webstaurantstore.com/2587/insulated-beverage-dispensers.html
https://www.webstaurantstore.com/restaurant-tabletop-supplies.html,Cup Dispensers and Lid Organizers,https://www.webstaurantstore.com/2751/cup-dispensers-and-lid-organizers.html
https://www.webstaurantstore.com/restaurant-tabletop-supplies.html,Glass Beverage Dispensers,https://www.webstaurantstore.com/46617/glass-beverage-dispensers.html
https://www.webstaurantstore.com/restaurant-smallwares.html,Coffee Service,https://www.webstaurantstore.com/2657/coffee-service.html
https://www.webstaurantstore.com/restaurant-smallwares.html,Napkin Dispensers,https://www.webstaurantstore.com/4081/napkin-dispensers.html
https://www.webstaurantstore.com/restaurant-smallwares.html,Chef Whites and Apparel,https://www.webstaurantstore.com/3335/chef-whites-and-apparel.html
https://www.webstaurantstore.com/restaurant-smallwares.html,Cloth Napkins,https://www.webstaurantstore.com/33753/cloth-napkins.html
https://www.webstaurantstore.com/restaurant-smallwares.html,Cloth & Spandex Table Covers,https://www.webstaurantstore.com/33707/cloth-table-covers.html
https://www.webstaurantstore.com/restaurant-smallwares.html,Restaurant Aprons,https://www.webstaurantstore.com/3323/restaurant-aprons.html
https://www.webstaurantstore.com/restaurant-smallwares.html,Vinyl Table Covers,https://www.webstaurantstore.com/3947/vinyl-table-covers.html
https://www.webstaurantstore.com/restaurant-tabletop-supplies.html,Coffee Condiment Organizers,https://www.webstaurantstore.com/2671/coffee-condiment-organizers.html
https://www.webstaurantstore.com/restaurant-smallwares.html,Pump Condiment Dispensers,https://www.webstaurantstore.com/13531/pump-condiment-dispensers.html
https://www.webstaurantstore.com/restaurant-smallwares.html,Condiment Stands & Displays,https://www.webstaurantstore.com/3469/condiment-bins.html
https://www.webstaurantstore.com/restaurant-smallwares.html,Probe Thermometers & Pocket Thermometers,https://www.webstaurantstore.com/56251/probe-thermometers-pocket-thermometers.html
https://www.webstaurantstore.com/restaurant-smallwares.html,Infrared Thermometers,https://www.webstaurantstore.com/56249/infrared-thermometers.html
https://www.webstaurantstore.com/restaurant-smallwares.html,Refrigerator / Freezer Thermometers,https://www.webstaurantstore.com/2997/refrigerator-freezer-thermometers.html
https://www.webstaurantstore.com/restaurant-smallwares.html,Thermocouple Thermometers and Probes,https://www.webstaurantstore.com/56253/thermocouple-thermometers-and-probes.html
https://www.webstaurantstore.com/restaurant-smallwares.html,Kitchen Timers,https://www.webstaurantstore.com/2881/kitchen-timers.html
https://www.webstaurantstore.com/restaurant-smallwares.html,Restaurant Check Presenters and Server Books,https://www.webstaurantstore.com/15535/restaurant-check-presenters.html
https://www.webstaurantstore.com/restaurant-smallwares.html,Guest Checks,https://www.webstaurantstore.com/41893/guest-checks.html
https://www.webstaurantstore.com/restaurant-smallwares.html,Tray Stands,https://www.webstaurantstore.com/3359/tray-stands.html
https://www.webstaurantstore.com/restaurant-smallwares.html,Restaurant Pagers and Accessories,https://www.webstaurantstore.com/53979/restaurant-pagers-and-accessories.html
https://www.webstaurantstore.com/restaurant-smallwares.html,Non-Skid Trays,https://www.webstaurantstore.com/3391/non-skid-trays.html
https://www.webstaurantstore.com/commercial-furniture.html,Restaurant Tables,https://www.webstaurantstore.com/45775/restaurant-tables.html
https://www.webstaurantstore.com/commercial-furniture.html,Restaurant Seating,https://www.webstaurantstore.com/45771/restaurant-seating.html
https://www.webstaurantstore.com/commercial-furniture.html,Restaurant Chairs,https://www.webstaurantstore.com/42529/restaurant-chairs.html
https://www.webstaurantstore.com/commercial-furniture.html,Table Tops,https://www.webstaurantstore.com/42545/table-tops.html
https://www.webstaurantstore.com/commercial-furniture.html,Outdoor Patio Fencing,https://www.webstaurantstore.com/42627/outdoor-patio-fencing.html
https://www.webstaurantstore.com/commercial-furniture.html,Commercial Pool Furniture,https://www.webstaurantstore.com/57421/commercial-pool-furniture.html
https://www.webstaurantstore.com/commercial-furniture.html,Outdoor Seating,https://www.webstaurantstore.com/57419/outdoor-seating.html
https://www.webstaurantstore.com/commercial-furniture.html,Outdoor Restaurant Tables,https://www.webstaurantstore.com/42561/outdoor-restaurant-tables.html
https://www.webstaurantstore.com/commercial-furniture.html,Lobby Furniture,https://www.webstaurantstore.com/56329/lobby-furniture.html
https://www.webstaurantstore.com/commercial-furniture.html,Office Storage Solutions,https://www.webstaurantstore.com/52233/office-storage-and-safes.html
https://www.webstaurantstore.com/commercial-furniture.html,Early Learning Furniture and Supplies,https://www.webstaurantstore.com/56837/early-learning-furniture-and-supplies.html
https://www.webstaurantstore.com/commercial-furniture.html,Seminar Tables,https://www.webstaurantstore.com/42555/seminar-tables.html
https://www.webstaurantstore.com/commercial-furniture.html,Cafeteria Tables,https://www.webstaurantstore.com/45907/cafeteria-tables.html
https://www.webstaurantstore.com/commercial-furniture.html,Activity Tables,https://www.webstaurantstore.com/42551/activity-tables.html
https://www.webstaurantstore.com/commercial-furniture.html,Sofas,https://www.webstaurantstore.com/52493/lobby-reception-and-lounge-seating.html?filter=type:sofas
https://www.webstaurantstore.com/commercial-furniture.html,Benches,https://www.webstaurantstore.com/52493/lobby-reception-and-lounge-seating.html?filter=type:benches
https://www.webstaurantstore.com/commercial-furniture.html,Hotel Bed Frames and Mattresses,https://www.webstaurantstore.com/66655/hotel-bed-frames.html
https://www.webstaurantstore.com/commercial-furniture.html,Folding Table & Chair Sets,https://www.webstaurantstore.com/45773/folding-tables.html?filter=type:folding-table-chair-sets
https://www.webstaurantstore.com/commercial-furniture.html,"Table Carts, Trucks, and Dollies",https://www.webstaurantstore.com/42557/table-carts-trucks-and-dollies.html
https://www.webstaurantstore.com/commercial-furniture.html,Decorative Accents,https://www.webstaurantstore.com/67577/decorative-accents.html
https://www.webstaurantstore.com/commercial-furniture.html,Artificial Plants,https://www.webstaurantstore.com/67659/artificial-plants.html
https://www.webstaurantstore.com/commercial-furniture.html,Area Rugs,https://www.webstaurantstore.com/66123/area-rugs.html
https://www.webstaurantstore.com/commercial-furniture.html,LED & Neon Restaurant Signs,https://www.webstaurantstore.com/3309/window-door-led-signs.html
https://www.webstaurantstore.com/commercial-furniture.html,Banquet Chairs,https://www.webstaurantstore.com/42535/banquet-chairs-and-stackable-chairs.html
https://www.webstaurantstore.com/commercial-furniture.html,Canopies and Canopy Accessories,https://www.webstaurantstore.com/54605/canopies-and-canopy-accessories.html
https://www.webstaurantstore.com/commercial-furniture.html,Portable Dance Floors,https://www.webstaurantstore.com/58739/portable-dance-floors.html
https://www.webstaurantstore.com/commercial-furniture.html,"Chair Carts, Trucks, and Dollies",https://www.webstaurantstore.com/42541/chair-carts-trucks-and-dollies.html
https://www.webstaurantstore.com/commercial-furniture.html,Restaurant Lighting,https://www.webstaurantstore.com/63693/restaurant-lighting.html
https://www.webstaurantstore.com/commercial-furniture.html,Commercial Light Bulbs,https://www.webstaurantstore.com/911/commercial-light-bulbs.html
https://www.webstaurantstore.com/commercial-furniture.html,Outdoor Lighting,https://www.webstaurantstore.com/67209/outdoor-lighting.html
https://www.webstaurantstore.com/commercial-furniture.html,Commercial Bike Racks,https://www.webstaurantstore.com/67015/commercial-bike-racks.html
https://www.webstaurantstore.com/commercial-furniture.html,Decorative Outdoor Trash Cans,https://www.webstaurantstore.com/943/decorative-trash-cans.html?filter=usage:outdoor
https://www.webstaurantstore.com/commercial-furniture.html,Pet Waste Stations,https://www.webstaurantstore.com/1069/outdoor-trash-cans.html?filter=type:pet-waste-station
https://www.webstaurantstore.com/commercial-furniture.html,Commercial Picnic Tables,https://www.webstaurantstore.com/68151/commercial-picnic-tables.html
https://www.webstaurantstore.com/commercial-furniture.html,Commercial Park Benches,https://www.webstaurantstore.com/68153/commercial-park-benches.html
https://www.webstaurantstore.com/categories.html,Convenience Store Shelving,https://www.webstaurantstore.com/68107/convenience-store-shelving.html
https://www.webstaurantstore.com/commercial-furniture.html,Slatwall Displays,https://www.webstaurantstore.com/67345/retails-display-racks.html?filter=type:slatwall-displays
https://www.webstaurantstore.com/refrigeration-equipment.html,Reach-In Refrigerators,https://www.webstaurantstore.com/52705/reach-in-refrigerators.html
https://www.webstaurantstore.com/refrigeration-equipment.html,Reach-In Freezers,https://www.webstaurantstore.com/52711/reach-in-freezers.html
https://www.webstaurantstore.com/refrigeration-equipment.html,Combination Refrigerators / Freezers,https://www.webstaurantstore.com/13447/commercial-combination-refrigerators-freezers.html
https://www.webstaurantstore.com/refrigeration-equipment.html,Solid Door Refrigerators,https://www.webstaurantstore.com/52705/reach-in-refrigerators.html?filter=door-type:solid
https://www.webstaurantstore.com/refrigeration-equipment.html,VersaHub Smart Refrigerators,https://www.webstaurantstore.com/52705/reach-in-refrigerators.html?filter=features:versahub-compatible
https://www.webstaurantstore.com/refrigeration-equipment.html,Merchandising Glass Door Refrigerators / Coolers,https://www.webstaurantstore.com/21387/merchandising-glass-door-refrigerators-coolers.html
https://www.webstaurantstore.com/refrigeration-equipment.html,Countertop Glass Door Refrigerators and Freezers,https://www.webstaurantstore.com/13393/countertop-glass-door-refrigerators-and-freezers.html
https://www.webstaurantstore.com/refrigeration-equipment.html,Horizontal & Vertical Air Curtain Merchandisers,https://www.webstaurantstore.com/54811/horizontal-vertical-air-curtain-merchandisers.html
https://www.webstaurantstore.com/refrigeration-equipment.html,Ice Merchandisers,https://www.webstaurantstore.com/47503/ice-merchandisers.html
https://www.webstaurantstore.com/refrigeration-equipment.html,Commercial Sandwich and Salad Preparation Refrigerators,https://www.webstaurantstore.com/13415/commercial-sandwich-salad-preparation-refrigerators.html
https://www.webstaurantstore.com/refrigeration-equipment.html,Commercial Pizza Preparation Refrigerators,https://www.webstaurantstore.com/13623/commercial-pizza-preparation-refrigerators.html
https://www.webstaurantstore.com/refrigeration-equipment.html,Back Bar Coolers,https://www.webstaurantstore.com/42397/back-bar-coolers.html
https://www.webstaurantstore.com/refrigeration-equipment.html,Wine Refrigeration,https://www.webstaurantstore.com/42401/commercial-wine-coolers.html
https://www.webstaurantstore.com/refrigeration-equipment.html,Glass Chillers and Frosters,https://www.webstaurantstore.com/13503/glass-chillers-and-frosters.html
https://www.webstaurantstore.com/refrigeration-equipment.html,Bottle Coolers,https://www.webstaurantstore.com/13501/bottle-coolers.html
https://www.webstaurantstore.com/refrigeration-equipment.html,Low Profile Refrigerators,https://www.webstaurantstore.com/26885/undercounter-refrigerators.html?filter=style:low-profile
https://www.webstaurantstore.com/refrigeration-equipment.html,Shallow Depth Refrigerators,https://www.webstaurantstore.com/26885/undercounter-refrigerators.html?filter=features:shallow-depth
https://www.webstaurantstore.com/refrigeration-equipment.html,Air Cooled Ice Machines,https://www.webstaurantstore.com/13241/air-cooled-ice-machines.html
https://www.webstaurantstore.com/refrigeration-equipment.html,Water Cooled Ice Machines,https://www.webstaurantstore.com/13253/water-cooled-ice-machines.html
https://www.webstaurantstore.com/refrigeration-equipment.html,Undercounter Ice Machines,https://www.webstaurantstore.com/13283/undercounter-ice-machines.html
https://www.webstaurantstore.com/refrigeration-equipment.html,Combination Ice and Water Dispensers and Machines,https://www.webstaurantstore.com/13291/combination-ice-and-water-dispensers-machines.html
https://www.webstaurantstore.com/refrigeration-equipment.html,Ice Dispensers,https://www.webstaurantstore.com/13293/ice-dispensers.html
https://www.webstaurantstore.com/refrigeration-equipment.html,Ice Cream Dipping Cabinets,https://www.webstaurantstore.com/42387/ice-cream-dipping-cabinets.html
https://www.webstaurantstore.com/refrigeration-equipment.html,Commercial Ice Cream Makers,https://www.webstaurantstore.com/47343/soft-serve-machines.html
https://www.webstaurantstore.com/refrigeration-equipment.html,Gelato Dipping Cabinets,https://www.webstaurantstore.com/48971/gelato-dipping-cabinets.html
https://www.webstaurantstore.com/refrigeration-equipment.html,Glass Top Display Freezers,https://www.webstaurantstore.com/42389/glass-top-display-freezers.html
https://www.webstaurantstore.com/refrigeration-equipment.html,Walk-In Coolers / Refrigerators,https://www.webstaurantstore.com/13703/walk-in-coolers-refrigerators.html
https://www.webstaurantstore.com/refrigeration-equipment.html,Walk-In Cooler Freezer Combos,https://www.webstaurantstore.com/65719/walk-in-cooler-freezer-combos.html
https://www.webstaurantstore.com/refrigeration-equipment.html,Walk-In Freezers,https://www.webstaurantstore.com/13411/walk-in-freezers.html
https://www.webstaurantstore.com/refrigeration-equipment.html,Double Bowls,https://www.webstaurantstore.com/14061/granita-slushy-machines.html?filter=number-of-bowls:double
https://www.webstaurantstore.com/refrigeration-equipment.html,Cocktail Machines,https://www.webstaurantstore.com/14061/granita-slushy-machines.html?filter=type:cocktail-machines
https://www.webstaurantstore.com/categories.html,Food Display and Merchandising,https://www.webstaurantstore.com/food-display-and-merchandising.html
https://www.webstaurantstore.com/categories.html,Prepared Foods,https://www.webstaurantstore.com/54671/prepared-foods.html
https://www.webstaurantstore.com/categories.html,Beverage Equipment,https://www.webstaurantstore.com/beverage-equipment.html
https://www.webstaurantstore.com/categories.html,Hotel Toiletries,https://www.webstaurantstore.com/12813/disposable-hotel-bath-amenities.html
https://www.webstaurantstore.com/categories.html,Towels,https://www.webstaurantstore.com/11185/towels.html
https://www.webstaurantstore.com/categories.html,Hotel Furniture,https://www.webstaurantstore.com/64111/hotel-furniture.html
https://www.webstaurantstore.com/categories.html,Hotel Bedding,https://www.webstaurantstore.com/66555/hotel-bedding.html
https://www.webstaurantstore.com/categories.html,Money Handling and Bookkeeping Supplies,https://www.webstaurantstore.com/53633/money-handling-and-bookkeeping.html
https://www.webstaurantstore.com/categories.html,Paper,https://www.webstaurantstore.com/51957/paper.html
https://www.webstaurantstore.com/categories.html,Office Electronics,https://www.webstaurantstore.com/51967/office-electronics.html
https://www.webstaurantstore.com/categories.html,Vending Machines,https://www.webstaurantstore.com/64095/vending-machines.html
https://www.webstaurantstore.com/categories.html,Individually Wrapped Snacks,https://www.webstaurantstore.com/55541/individually-wrapped-snacks.html
https://www.webstaurantstore.com/categories.html,Bottled Drinks,https://www.webstaurantstore.com/63991/bottled-drinks.html
https://www.webstaurantstore.com/categories.html,Individually Wrapped Candy,https://www.webstaurantstore.com/48767/individually-wrapped-candy.html
https://www.webstaurantstore.com/categories.html,Point of Sale Equipment,https://www.webstaurantstore.com/63949/point-of-sale-equipment.html
https://www.webstaurantstore.com/categories.html,Disposable Bags,https://www.webstaurantstore.com/279/disposable-bags.html
https://www.webstaurantstore.com/categories.html,Shopping Baskets,https://www.webstaurantstore.com/3531/shopping-baskets.html
https://www.webstaurantstore.com/categories.html,Produce Displays,https://www.webstaurantstore.com/15663/merchandiser-stands.html
https://www.webstaurantstore.com/categories.html,Disposable Bakery Supplies,https://www.webstaurantstore.com/11697/disposable-bakery-supplies.html
https://www.webstaurantstore.com/categories.html,Produce Containers and Packaging,https://www.webstaurantstore.com/11477/produce-containers.html
https://www.webstaurantstore.com/categories.html,Canning Jars and Accessories,https://www.webstaurantstore.com/57319/canning-jars-and-accessories.html
https://www.webstaurantstore.com/categories.html,Take-Out Containers and To-Go Boxes,https://www.webstaurantstore.com/47255/disposable-take-out-containers.html
https://www.webstaurantstore.com/categories.html,To-Go Bags and Take-Out Bags,https://www.webstaurantstore.com/15111/to-go-bags-and-take-out-bags.html
https://www.webstaurantstore.com/restaurant-tabletop-supplies.html,China Dinnerware,https://www.webstaurantstore.com/16103/china-dinnerware.html
https://www.webstaurantstore.com/restaurant-tabletop-supplies.html,Melamine Dinnerware and Displayware,https://www.webstaurantstore.com/melamine-dinnerware.html
https://www.webstaurantstore.com/restaurant-tabletop-supplies.html,Stoneware Dinnerware,https://www.webstaurantstore.com/50883/stoneware-dinnerware.html
https://www.webstaurantstore.com/restaurant-tabletop-supplies.html,Porcelain Dinnerware,https://www.webstaurantstore.com/23001/porcelain-dinnerware.html
https://www.webstaurantstore.com/restaurant-tabletop-supplies.html,Metal Dinnerware,https://www.webstaurantstore.com/50925/metal-dinnerware.html
https://www.webstaurantstore.com/restaurant-tabletop-supplies.html,Forks,https://www.webstaurantstore.com/51005/forks.html
https://www.webstaurantstore.com/restaurant-tabletop-supplies.html,Spoons,https://www.webstaurantstore.com/51001/spoons.html
https://www.webstaurantstore.com/restaurant-tabletop-supplies.html,Knives,https://www.webstaurantstore.com/51003/knives.html
https://www.webstaurantstore.com/restaurant-tabletop-supplies.html,Steak Knives,https://www.webstaurantstore.com/2877/steak-knives.html
https://www.webstaurantstore.com/restaurant-tabletop-supplies.html,Glassware & Crystal,https://www.webstaurantstore.com/3683/glassware.html
https://www.webstaurantstore.com/restaurant-tabletop-supplies.html,"Coffee Mugs, Tea Cups, Cappuccino Cups, and Saucers",https://www.webstaurantstore.com/3793/coffee-mugs-tea-cups-cappuccino-cups-and-saucers.html
https://www.webstaurantstore.com/restaurant-tabletop-supplies.html,Beer Glasses,https://www.webstaurantstore.com/3685/beer-glasses.html
https://www.webstaurantstore.com/restaurant-tabletop-supplies.html,Custom Glassware,https://www.webstaurantstore.com/69809/custom-glassware.html
https://www.webstaurantstore.com/restaurant-tabletop-supplies.html,Reusable Plastic Beverageware,https://www.webstaurantstore.com/3753/reusable-plastic-beverageware.html
https://www.webstaurantstore.com/restaurant-tabletop-supplies.html,Table Card Holders and Number Stands,https://www.webstaurantstore.com/4141/table-card-holders-and-number-stands.html
https://www.webstaurantstore.com/restaurant-tabletop-supplies.html,Candle Holders,https://www.webstaurantstore.com/4117/candelabras-and-restaurant-candle-holders.html
https://www.webstaurantstore.com/restaurant-tabletop-supplies.html,Bulk Candles,https://www.webstaurantstore.com/50321/bulk-candles.html
https://www.webstaurantstore.com/restaurant-tabletop-supplies.html,Table Numbers,https://www.webstaurantstore.com/4139/table-numbers.html
https://www.webstaurantstore.com/restaurant-tabletop-supplies.html,Bud Vases and Accent Vases,https://www.webstaurantstore.com/4021/bud-vases-and-accent-vases.html
https://www.webstaurantstore.com/restaurant-tabletop-supplies.html,Serving and Display Bowls,https://www.webstaurantstore.com/41969/serving-and-display-bowls.html
https://www.webstaurantstore.com/restaurant-tabletop-supplies.html,Au Gratin Dishes / Rarebit Dishes,https://www.webstaurantstore.com/20313/au-gratin-dishes-platters.html
https://www.webstaurantstore.com/restaurant-tabletop-supplies.html,Dessert Dishes,https://www.webstaurantstore.com/4105/dessert-dishes.html
https://www.webstaurantstore.com/restaurant-tabletop-supplies.html,Charger Plates,https://www.webstaurantstore.com/3791/charger-plates.html
https://www.webstaurantstore.com/restaurant-tabletop-supplies.html,Pitchers,https://www.webstaurantstore.com/4085/pitchers.html
https://www.webstaurantstore.com/restaurant-tabletop-supplies.html,Coffee Carafes and Decanters,https://www.webstaurantstore.com/2673/coffee-carafes-and-decanters.html
https://www.webstaurantstore.com/restaurant-tabletop-supplies.html,Custom Napkins,https://www.webstaurantstore.com/69803/custom-napkins.html
https://www.webstaurantstore.com/restaurant-tabletop-supplies.html,Drink and Bottle Coasters,https://www.webstaurantstore.com/56493/drink-coasters.html
https://www.webstaurantstore.com/restaurant-tabletop-supplies.html,Reusable Placemats,https://www.webstaurantstore.com/49065/reusable-placemats.html
https://www.webstaurantstore.com/restaurant-tabletop-supplies.html,Table Skirting,https://www.webstaurantstore.com/3939/table-skirting.html
https://www.webstaurantstore.com/restaurant-tabletop-supplies.html,Custom Menu Covers and Holders,https://www.webstaurantstore.com/69821/custom-menu-covers-and-holders.html
https://www.webstaurantstore.com/restaurant-tabletop-supplies.html,Wine List and Drink Menu Holders,https://www.webstaurantstore.com/353342/wine-list-and-drink-menu-holders.html
https://www.webstaurantstore.com/restaurant-tabletop-supplies.html,Menu Boards,https://www.webstaurantstore.com/353344/menu-boards.html
https://www.webstaurantstore.com/restaurant-tabletop-supplies.html,Tabletop Menu Holders and Tents,https://www.webstaurantstore.com/4143/menu-tents-and-tabletop-displayettes.html
https://www.webstaurantstore.com/restaurant-tabletop-supplies.html,Condiment Caddies and Racks,https://www.webstaurantstore.com/4035/condiment-caddies-and-racks.html
https://www.webstaurantstore.com/restaurant-tabletop-supplies.html,Condiment Jars,https://www.webstaurantstore.com/4037/condiment-jars-and-jar-holders.html
https://www.webstaurantstore.com/restaurant-tabletop-supplies.html,Oil & Vinegar Cruets,https://www.webstaurantstore.com/4043/oil-vinegar-cruets.html
https://www.webstaurantstore.com/restaurant-tabletop-supplies.html,Appetizer and Tasting Spoons,https://www.webstaurantstore.com/42805/appetizer-and-tasting-spoons.html
https://www.webstaurantstore.com/restaurant-tabletop-supplies.html,Appetizer and Tasting Bowls,https://www.webstaurantstore.com/42795/appetizer-and-tasting-bowls.html
https://www.webstaurantstore.com/restaurant-tabletop-supplies.html,"Appetizer Plates, Trays and Platters",https://www.webstaurantstore.com/42799/appetizer-and-tasting-plates.html
https://www.webstaurantstore.com/restaurant-tabletop-supplies.html,Rocks Glasses,https://www.webstaurantstore.com/47095/cocktail-glasses.html?filter=type:rocks-glasses
https://www.webstaurantstore.com/restaurant-tabletop-supplies.html,Martini Glasses,https://www.webstaurantstore.com/47095/cocktail-glasses.html?filter=type:martini-glasses
https://www.webstaurantstore.com/restaurant-tabletop-supplies.html,Collins Glasses,https://www.webstaurantstore.com/47095/cocktail-glasses.html?filter=type:collins-glasses
https://www.webstaurantstore.com/restaurant-tabletop-supplies.html,Margarita Glasses,https://www.webstaurantstore.com/47095/cocktail-glasses.html?filter=type:margarita-glasses
https://www.webstaurantstore.com/restaurant-tabletop-supplies.html,Beverageware Samples,https://www.webstaurantstore.com/68721/beverageware-samples.html
https://www.webstaurantstore.com/restaurant-tabletop-supplies.html,Flatware Samples,https://www.webstaurantstore.com/68719/flatware-samples.html
https://www.webstaurantstore.com/restaurant-tabletop-supplies.html,Tabletop Accessories Samples,https://www.webstaurantstore.com/68725/tabletop-accessories-samples.html
https://www.webstaurantstore.com/restaurant-tabletop-supplies.html,Dinnerware Samples,https://www.webstaurantstore.com/68723/dinnerware-samples.html
https://www.webstaurantstore.com/restaurant-janitorial-supplies.html,Disposable Gloves,https://www.webstaurantstore.com/261/disposable-gloves.html
https://www.webstaurantstore.com/restaurant-janitorial-supplies.html,Commercial Paper Towels,https://www.webstaurantstore.com/46163/commercial-paper-towels.html
https://www.webstaurantstore.com/restaurant-janitorial-supplies.html,Trash Can Liners / Garbage Bags,https://www.webstaurantstore.com/537/trash-can-liners-garbage-bags.html
https://www.webstaurantstore.com/restaurant-janitorial-supplies.html,Toilet Paper and Toilet Tissue,https://www.webstaurantstore.com/46167/commercial-toilet-paper-and-toilet-tissue.html
https://www.webstaurantstore.com/restaurant-janitorial-supplies.html,Pre-Moistened Sanitizing / Disinfectant Surface Wipes,https://www.webstaurantstore.com/45551/pre-moistened-sanitizing-disinfectant-surface-wipes.html
https://www.webstaurantstore.com/restaurant-janitorial-supplies.html,Food Service Chemicals,https://www.webstaurantstore.com/989/food-service-chemicals.html
https://www.webstaurantstore.com/restaurant-janitorial-supplies.html,Housekeeping Chemicals,https://www.webstaurantstore.com/1017/housekeeping-chemicals.html
https://www.webstaurantstore.com/restaurant-janitorial-supplies.html,Floor Care Chemicals,https://www.webstaurantstore.com/983/floor-care-chemicals.html
https://www.webstaurantstore.com/restaurant-janitorial-supplies.html,Vacuum Cleaners,https://www.webstaurantstore.com/1241/vacuum-cleaners.html
https://www.webstaurantstore.com/restaurant-janitorial-supplies.html,Commercial Floor Scrubbers and Cleaning Machines,https://www.webstaurantstore.com/43615/floor-scrubbers-auto-scrubbers-and-accessories.html
https://www.webstaurantstore.com/restaurant-janitorial-supplies.html,Air Blowers / Carpet Dryers,https://www.webstaurantstore.com/877/air-blowers-carpet-dryers.html
https://www.webstaurantstore.com/restaurant-janitorial-supplies.html,"Carpet Shampooers, Extractors, & Steamers",https://www.webstaurantstore.com/46043/carpet-shampooers-extraction-machines.html
https://www.webstaurantstore.com/restaurant-janitorial-supplies.html,Plastic Utility Trash Cans,https://www.webstaurantstore.com/69145/plastic-utility-trash-cans.html
https://www.webstaurantstore.com/restaurant-janitorial-supplies.html,Space Saving Trash Cans,https://www.webstaurantstore.com/1183/space-saving-trash-cans.html
https://www.webstaurantstore.com/restaurant-janitorial-supplies.html,Recycling Bins,https://www.webstaurantstore.com/1099/recycling-containers.html
https://www.webstaurantstore.com/restaurant-janitorial-supplies.html,Outdoor Trash Cans,https://www.webstaurantstore.com/1069/outdoor-trash-cans.html
https://www.webstaurantstore.com/restaurant-janitorial-supplies.html,Decorative Trash Cans,https://www.webstaurantstore.com/943/decorative-trash-cans.html
https://www.webstaurantstore.com/restaurant-janitorial-supplies.html,Commercial Dishwashers,https://www.webstaurantstore.com/49791/commercial-dishwashers.html
https://www.webstaurantstore.com/restaurant-janitorial-supplies.html,Laundry Supplies,https://www.webstaurantstore.com/48459/laundry-supplies.html
https://www.webstaurantstore.com/restaurant-janitorial-supplies.html,Warewashing Chemicals,https://www.webstaurantstore.com/48457/warewashing-chemicals.html
https://www.webstaurantstore.com/restaurant-janitorial-supplies.html,Commercial Laundry Detergent and Supplies,https://www.webstaurantstore.com/4293/commercial-laundry-detergent-and-supplies.html
https://www.webstaurantstore.com/restaurant-janitorial-supplies.html,Window Cleaning Tools and Accessories,https://www.webstaurantstore.com/1267/window-cleaning-tools-and-accessories.html
https://www.webstaurantstore.com/restaurant-janitorial-supplies.html,Microfiber Cloths & Mitts,https://www.webstaurantstore.com/3351/microfiber-cloths-mitts.html
https://www.webstaurantstore.com/restaurant-janitorial-supplies.html,Scrubbers and Sponges,https://www.webstaurantstore.com/1175/scrubbers-sponges-and-wipers.html
https://www.webstaurantstore.com/restaurant-janitorial-supplies.html,Janitorial Brushes,https://www.webstaurantstore.com/1037/janitorial-brushes.html
https://www.webstaurantstore.com/restaurant-janitorial-supplies.html,Wet Floor Signs,https://www.webstaurantstore.com/1057/wet-floor-signs.html
https://www.webstaurantstore.com/restaurant-janitorial-supplies.html,Floor Squeegees,https://www.webstaurantstore.com/1191/floor-squeegees.html
https://www.webstaurantstore.com/restaurant-janitorial-supplies.html,Commercial Brooms,https://www.webstaurantstore.com/909/lobby-brooms-and-warehouse-brooms.html
https://www.webstaurantstore.com/restaurant-janitorial-supplies.html,Dustpans,https://www.webstaurantstore.com/907/dustpans.html
https://www.webstaurantstore.com/restaurant-janitorial-supplies.html,Broom Handles and Accessories,https://www.webstaurantstore.com/67801/broom-handle-and-accessories.html
https://www.webstaurantstore.com/restaurant-janitorial-supplies.html,Commercial Toilet Paper Dispensers and Holders,https://www.webstaurantstore.com/1127/commercial-toilet-paper-dispensers-and-holders.html
https://www.webstaurantstore.com/restaurant-janitorial-supplies.html,Urinal Cakes and Urinal Screens,https://www.webstaurantstore.com/1219/urinal-cakes-and-urinal-screens.html
https://www.webstaurantstore.com/restaurant-janitorial-supplies.html,Commercial Paper Towel Dispensers,https://www.webstaurantstore.com/46165/commercial-paper-towel-dispensers.html
https://www.webstaurantstore.com/restaurant-janitorial-supplies.html,Deodorizers / Air Fresheners & Dispensers,https://www.webstaurantstore.com/1119/deodorizers-air-fresheners-dispensers.html
https://www.webstaurantstore.com/restaurant-janitorial-supplies.html,Foaming,https://www.webstaurantstore.com/48577/hand-soap-and-sanitizer.html?filter=style:foaming
https://www.webstaurantstore.com/restaurant-janitorial-supplies.html,Bags,https://www.webstaurantstore.com/48577/hand-soap-and-sanitizer.html?filter=package-type:bags
https://www.webstaurantstore.com/restaurant-janitorial-supplies.html,Refills,https://www.webstaurantstore.com/48577/hand-soap-and-sanitizer.html?filter=package-type:refills
https://www.webstaurantstore.com/restaurant-janitorial-supplies.html,Personal Sizes,https://www.webstaurantstore.com/48577/hand-soap-and-sanitizer.html?filter=package-type:personal-sizes
https://www.webstaurantstore.com/restaurant-janitorial-supplies.html,Portable Restroom Parts,https://www.webstaurantstore.com/69713/portable-toilets-parts-and-accessories.html
https://www.webstaurantstore.com/restaurant-consumables.html,Bar Beverages and Ingredients,https://www.webstaurantstore.com/56285/bar-beverages-and-ingredients.html
https://www.webstaurantstore.com/restaurant-consumables.html,Iced and Frozen Beverages,https://www.webstaurantstore.com/56287/iced-and-frozen-beverages.html
https://www.webstaurantstore.com/restaurant-consumables.html,Soda,https://www.webstaurantstore.com/45143/soda.html
https://www.webstaurantstore.com/restaurant-consumables.html,Beverage Flavoring Syrups,https://www.webstaurantstore.com/51/flavoring-syrups.html
https://www.webstaurantstore.com/restaurant-consumables.html,Juice & Lemonade,https://www.webstaurantstore.com/45147/juice.html
https://www.webstaurantstore.com/restaurant-consumables.html,Bulk Chocolate,https://www.webstaurantstore.com/51125/bulk-chocolate.html
https://www.webstaurantstore.com/restaurant-consumables.html,Bakery Decorating Ingredients,https://www.webstaurantstore.com/57099/cake-decorating-ingredients.html
https://www.webstaurantstore.com/restaurant-consumables.html,"Extracts, Pastes, & Imitation Flavorings",https://www.webstaurantstore.com/47721/extracts-and-imitation-flavoring.html
https://www.webstaurantstore.com/restaurant-consumables.html,Condiment Portion Control,https://www.webstaurantstore.com/85/condiment-portion-control-packs.html
https://www.webstaurantstore.com/restaurant-consumables.html,BBQ and Steak Sauces,https://www.webstaurantstore.com/48933/bbq-and-steak-sauces.html
https://www.webstaurantstore.com/restaurant-consumables.html,Hot Sauces,https://www.webstaurantstore.com/48931/hot-sauces.html
https://www.webstaurantstore.com/restaurant-consumables.html,Asian Sauces & Condiments,https://www.webstaurantstore.com/48937/asian-sauces-and-glazes.html
https://www.webstaurantstore.com/restaurant-consumables.html,Pizza Sauce and Tomato Sauce,https://www.webstaurantstore.com/39/canned-pizza-sauce-and-canned-tomato-sauce.html
https://www.webstaurantstore.com/restaurant-consumables.html,Salad Dressing and Toppings,https://www.webstaurantstore.com/129/salad-dressing.html
https://www.webstaurantstore.com/restaurant-consumables.html,Bread,https://www.webstaurantstore.com/54653/bread.html
https://www.webstaurantstore.com/restaurant-consumables.html,Tortillas and Wraps,https://www.webstaurantstore.com/55403/tortillas-and-wraps.html
https://www.webstaurantstore.com/restaurant-consumables.html,Pizza Crusts & Flatbreads,https://www.webstaurantstore.com/62993/pizza-crusts-flatbreads.html
https://www.webstaurantstore.com/restaurant-consumables.html,Vegan Desserts & Baked Goods,https://www.webstaurantstore.com/64183/vegan-baked-goods.html
https://www.webstaurantstore.com/restaurant-consumables.html,Bulk Flour,https://www.webstaurantstore.com/8935/bulk-flour.html
https://www.webstaurantstore.com/restaurant-consumables.html,Bulk Sugar,https://www.webstaurantstore.com/23/bulk-sugar.html
https://www.webstaurantstore.com/restaurant-consumables.html,Bulk Grains,https://www.webstaurantstore.com/57403/bulk-grains.html
https://www.webstaurantstore.com/restaurant-consumables.html,Pasta,https://www.webstaurantstore.com/139/couscous-and-pasta.html
https://www.webstaurantstore.com/restaurant-consumables.html,Spice Blends,https://www.webstaurantstore.com/38511/spice-blends.html
https://www.webstaurantstore.com/restaurant-consumables.html,Baking Spices,https://www.webstaurantstore.com/38519/bulk-spices.html?filter=flavor-profile:baking-spices
https://www.webstaurantstore.com/restaurant-consumables.html,Ground Spices,https://www.webstaurantstore.com/38519/bulk-spices.html?filter=style:ground
https://www.webstaurantstore.com/restaurant-consumables.html,Whole Spices,https://www.webstaurantstore.com/38519/bulk-spices.html?filter=style:whole
https://www.webstaurantstore.com/restaurant-consumables.html,Frozen Fruit,https://www.webstaurantstore.com/56679/frozen-fruit.html
https://www.webstaurantstore.com/restaurant-consumables.html,Canned Fruit,https://www.webstaurantstore.com/25/canned-fruit.html
https://www.webstaurantstore.com/restaurant-consumables.html,Canned Vegetables,https://www.webstaurantstore.com/41/canned-vegetables.html
https://www.webstaurantstore.com/restaurant-consumables.html,Fresh Fruit,https://www.webstaurantstore.com/55103/fresh-fruit.html
https://www.webstaurantstore.com/restaurant-consumables.html,Asian Noodles,https://www.webstaurantstore.com/64921/asian-noodles.html
https://www.webstaurantstore.com/restaurant-consumables.html,Asian Appetizers,https://www.webstaurantstore.com/67603/asian-appetizers.html
