subcategory,name,pdp_url
New In-1068532,The Set 3 Pack Sheer Slash Neck Jumpers Cream/Camel/Chocolate Brown (G81934) | £33,https://www.next.co.uk/style/su998038/g81934#g81934
New In-1068532,Oatmeal Hamish The Highland Cow Rib Vest Short Pyjamas Set (G92373) | £16,https://www.next.co.uk/style/su796587/g92373#g92373
New In-1068532,Blue/White Polka Dot Twist Front Bandeau Playsuit (G87180) | £25,https://www.next.co.uk/style/sv008041/g87180#g87180
New In-1068532,Pink Floral Short Pyjamas Set (G92376) | £14,https://www.next.co.uk/style/su796582/g92376#g92376
New In-1068532,Pink/Cream Ditsy Floral Cotton Rib Lace Cami and Short Pyjamas (V58498) | £20,https://www.next.co.uk/style/sv017777/v58498#v58498
New In-1068532,Love & Roses Black Crochet Notch Neck Top (V53668) | £24,https://www.next.co.uk/style/sv020520/v53668#v53668
New In-1068532,Love & Roses Navy Broderie Short Sleeve T-Shirt (Y64622) | £26,https://www.next.co.uk/style/sv099612/y64622#y64622
New In-1068532,Ecru Wide Leg Wrap Trousers with Linen (V47942) | £56,https://www.next.co.uk/style/su996690/v47942#v47942
New In-1068532,Pink Embroidered Paisley Tie-Neck Blouse (G80107) | £42,https://www.next.co.uk/style/su993670/g80107#g80107
New In-1068532,White Fish Graphic Short Sleeve Crew Neck Heavyweight T-Shirt (V49404) | £22,https://www.next.co.uk/style/sv051754/v49404#v49404
New In-1068532,Love & Roses Chocolate Brown Starfish Trim Moulded Cup Bikini Top (G28465) | £26,https://www.next.co.uk/style/su845914/g28465#g28465
New In-1068532,FatFace Fiona Navy Flippy Shells Shorts (Y44894) | £35,https://www.next.co.uk/style/sv041644/y44894#y44894
New In-1068532,White Short Sleeved Crew Neck Button Through Top (V50762) | £18,https://www.next.co.uk/style/sv018491/v50762#v50762
New In-1068532,The Set 3 Pack Scallop Scoop Short Sleeve Tops Black/White/Chocolate Brown (V89492) | £19.50,https://www.next.co.uk/style/sv112435/v89492#v89492
New In-1068532,The Set 8 Pack Strappy Vest Tops Khaki Green/Pink/Red/Neutral/Brown/Stripe (G99523) | £24,https://www.next.co.uk/style/sv038866/g99523#g99523
New In-1068532,Red Tropical Bandeau Skort Playsuit (V95904) | £36,https://www.next.co.uk/style/sv125272/v95904#v95904
New In-1068532,Love & Roses Chocolate Brown Starfish Trim High Waist Tummy Control Bikini Bottoms (G28468) | £22,https://www.next.co.uk/style/su845981/g28468#g28468
New In-1068532,The Set 5 Pack Heavyweight Relaxed Short Sleeve T-Shirts Navy/Brown/Stripe/White (Y42956) | £32.50,https://www.next.co.uk/style/su949111/y42956#y42956
New In-1068532,Chocolate Brown Longline Cami Top with Linen (Y70984) | £24,https://www.next.co.uk/style/sv216442/y70984#y70984
New In-1068532,Sage Green Lightweight Denim Patch Pocket Shorts (Y41964) | £32,https://www.next.co.uk/style/sv033481/y41964#y41964
New In-1068532,adidas Originals Brown Gazelle Indoor Trainers (G71104) | £95,https://www.next.co.uk/style/su977537/g71104#g71104
New In-1068532,Pink Crochet Short Sleeve Shirt (G75509) | £48,https://www.next.co.uk/style/su788307/g75509#g75509
New In-1068532,Love & Roses Blue Stripe Embroidered Tulip Yoke Detail Blouse (V96513) | £38,https://www.next.co.uk/style/sv126872/v96513#v96513
New In-1068532,Neutral Longline Cami Top with Linen (V94224) | £24,https://www.next.co.uk/style/sv216442/v94224#v94224
New In-1068532,Love & Roses Vintage Rose Short Sleeve Button Through Lace Trim Shirt (V75034) | £36,https://www.next.co.uk/style/sv064603/v75034#v75034
New In-1068532,Red Ribbed Thick Strap Vest (G24420) | £11,https://www.next.co.uk/style/sv068821/g24420#g24420
New In-1068532,Neutral Stripe Cotton Short Pyjamas Set (V58500) | £14,https://www.next.co.uk/style/su796584/v58500#v58500
New In-1068532,Pink/Red Stripe Relaxed Long Sleeve Shirt With Linen (G80108) | £29,https://www.next.co.uk/style/su923580/g80108#g80108
New In-1068532,The Set 2 Pack Cotton Cami and Culotte Pyjama Sets Dark Navy Blue / White (Y43810) | £34,https://www.next.co.uk/style/sv038899/y43810#y43810
New In-1068532,Brand Threads Red England Football T-Shirt (438169) | £18,https://www.next.co.uk/style/sv261854/438169#438169
New In-1068532,Love & Roses Black Lace Floral Trim Blouse (Y56848) | £40,https://www.next.co.uk/style/sv077804/y56848#y56848
New In-1068532,Yellow/Blue Stripe Seminal x Lindsey Cherek Waller Short Sleeve Tie Waist Shirt Dress (V46444) | £46,https://www.next.co.uk/style/su884917/v46444#v46444
New In-1068532,Pink Short Sleeve Notch Neck Shirred Bubblehem Top (Y88365) | £16.50,https://www.next.co.uk/style/su878088/y88365#y88365
New In-1068532,Navy 100% Linen N. Premium Long Sleeve Shirt (H08233) | £44,https://www.next.co.uk/style/su829324/h08233#h08233
New In-1068532,Hot Pink Denim Shorts (V64995) | £25,https://www.next.co.uk/style/su862805/v64995#v64995
New In-1068532,Sage Green/Yellow Polka Dot Print Short Sleeve Boxy T-Shirt With Linen 2 Pack (W14181) | £38,https://www.next.co.uk/style/su959028/w14181#w14181
New In-1068532,Love & Roses Black Woodblock Embroidered Mini Kaftan Cover-Up (V88678) | £46,https://www.next.co.uk/style/su845959/v88678#v88678
New In-1068532,Lipsy Navy Blue Tipped Detail Short Sleeve Polo Shirt (U85817) | £34,https://www.next.co.uk/style/su910588/u85817#u85817
New In-1068532,Bleach Tint Bermuda Denim Jort Shorts (G98874) | £26,https://www.next.co.uk/style/su809460/g98874#g98874
New In-1068532,Ecru Pleated Midi Skirt (V46278) | £54,https://www.next.co.uk/style/su948888/v46278#v46278
New In-1068532,Chocolate Brown Polka Dot Kimono Sleeve Waisted Mini Dress (G80291) | £35,https://www.next.co.uk/style/su994242/g80291#g80291
New In-1068532,Love & Roses Ivory Dobby Flutter Sleeve Shell Top (Y56150) | £35,https://www.next.co.uk/style/sv088676/y56150#y56150
New In-1068532,Dark Blue Bandeau Shirred Denim Jumpsuit (G54546) | £52,https://www.next.co.uk/style/su944039/g54546#g54546
New In-1068532,Ecru Wrap Maxi Skirt with Linen (G82873) | £48,https://www.next.co.uk/style/su999181/g82873#g82873
New In-1068532,Friends Like These Pink Floral Short Sleeve Tie Detail Blouse (G92810) | £34,https://www.next.co.uk/style/sv016162/g92810#g92810
New In-1068532,adidas Brown Leopard Print Breaknet Sleek Trainers (V47603) | £50,https://www.next.co.uk/style/su452966/v47603#v47603
New In-1068532,Love & Roses x RHS Red Floral Print Scallop T-Shirt (Y75037) | £24,https://www.next.co.uk/style/su885219/y75037#y75037
New In-1068532,Multi Stripe Print Sleeveless High Neck Asymmetrical Occassion Dress (G80307) | £52,https://www.next.co.uk/style/su994258/g80307#g80307
New In-1068532,Ecru/Yellow Stripe Relaxed Button Down Shirt with Linen (G44986) | £26,https://www.next.co.uk/style/sv125270/g44986#g44986
New In-1068532,Love & Roses Black V-Neck Striped Scalloped Detail Tie Waist Knitted Midi Dress (V50499) | £62,https://www.next.co.uk/style/sv001614/v50499#v50499
New In-1068532,Lipsy Cobalt Blue Crochet Trim Detail Vest (K98364) | £25,https://www.next.co.uk/style/sv201406/k98364#k98364
New In-1068532,Friends Like These Palm Print Cowl Neck Satin Halter Top (G30267) | £35,https://www.next.co.uk/style/sv086196/g30267#g30267
New In-1068532,Lipsy Chocolate Brown Cotton With A Touch Of Linen Broderie Cutwork Maxi Dress (H05739) | £58,https://www.next.co.uk/style/sv046609/h05739#h05739
New In-1068532,Lipsy White Placement Print Cotton Viscose Strappy Tiered Skirt Maxi Dress (Y20802) | £68,https://www.next.co.uk/style/su877822/y20802#y20802
New In-1068532,Love & Roses Cobalt Blue 3D Heart Short Sleeve Button Through Shirt (V78816) | £39,https://www.next.co.uk/style/sv060833/v78816#v78816
New In-1068532,Love & Roses Multi Stripe Ric Rac Trim Cami (Y56834) | £32,https://www.next.co.uk/style/sv077914/y56834#y56834
New In-1068532,Navy Floral Rib Vest Short Pyjamas Set (G92381) | £18,https://www.next.co.uk/style/su796587/g92381#g92381
New In-1068532,Kew Collection Red/Orange Palm Print Rich Square Neck Cami Midi Dress (Y95387) | £55,https://www.next.co.uk/style/su830864/y95387#y95387
New In-1068532,Love & Roses Yellow Crew Neck Crochet Insert Embroidered 3/4 Sleeve Blouse (V79520) | £39,https://www.next.co.uk/style/sv077905/v79520#v79520
New In-1068532,Chocolate Brown Hardware Tummy Control Bandeau Swimsuit (V51767) | £40,https://www.next.co.uk/style/sv002863/v51767#v51767
New In-1068532,Pink Floral Short Sleeve Pyjamas (G92383) | £16,https://www.next.co.uk/style/su651052/g92383#g92383
New In-1068532,Burgundy Red/ Pink Wobbly Stripe Short Sleeve Pyjamas (G67740) | £16,https://www.next.co.uk/style/st792499/g67740#g67740
New In-1068532,Natural Forever Comfort® Round Toe Mesh Ballerina Flats (Q51695) | £28,https://www.next.co.uk/style/su866341/q51695#q51695
New In-1068532,Love & Roses Khaki Green Broderie Shell Top (G97243) | £38,https://www.next.co.uk/style/sv000353/g97243#g97243
New In-1068532,Never Fully Dressed Chocolate Brown Cotton Sarong Wrap Skirt (V94931) | £39,https://www.next.co.uk/style/sv123243/v94931#v94931
New In-1068532,Love & Roses Red Broderie Yoke Jersey Midi Dress (G19557) | £42,https://www.next.co.uk/style/su918768/g19557#g19557
New In-1068532,Lipsy Blue Asymmetric Cowl Neck Drape Midi Dress (Y59141) | £69,https://www.next.co.uk/style/sv084155/y59141#y59141
New In-1068532,Lipsy Green & Pink Tropical Printed Shirt (G73319) | £42,https://www.next.co.uk/style/su981807/g73319#g73319
New In-1068532,Lipsy Purple Paisley Print V-Neck Tie Back Pleat Hem Sleeveless Crinkle Mini Dress (G12449) | £48,https://www.next.co.uk/style/su901591/g12449#g12449
New In-1068532,Pink Lace Detail Short Sleeve Blouse (G78004) | £30,https://www.next.co.uk/style/sv000522/g78004#g78004
New In-1068532,Khaki Green Long Sleeve Doublecloth Shirt (V62803) | £32,https://www.next.co.uk/style/sv027800/v62803#v62803
New In-1068532,Mint Green Mosaic Conversational Square Neck Bandeau Tummy Control Swimsuit (Y59366) | £35,https://www.next.co.uk/style/sv084516/y59366#y59366
New In-1068532,Rainmore Khaki Green Waterproof Button Through Raincoat (V73253) | £89,https://www.next.co.uk/style/sv059444/v73253#v73253
New In-1068532,Mint Green Mosaic Conversational Shaping Padded Wired Bikini Top (Y89169) | £25,https://www.next.co.uk/style/st302014/y89169#y89169
New In-1068532,Mid Blue Frill Flippy Denim Mini Skirt (G94651) | £35,https://www.next.co.uk/style/sv023321/g94651#g94651
New In-1068532,Khaki Jersey Balloon Leg Jumpsuit (Y39419) | £32,https://www.next.co.uk/style/su958003/y39419#y39419
New In-1068532,Love & Roses Khaki Green Animal Print Crew Neck Jersey T-Shirt (V53663) | £26,https://www.next.co.uk/style/su974327/v53663#v53663
New In-1068532,Love & Roses x RHS Black Tailored Embroidered Short Sleeve Skater Mini Dress (V63349) | £66,https://www.next.co.uk/style/sv029275/v63349#v63349
New In-1068532,Lipsy Navy Blue Touch Of Linen V-Neck Top (Y72756) | £32,https://www.next.co.uk/style/su878501/y72756#y72756
New In-1068532,Mint Green/Cream Beaded Embellished Triangle Bikini Top (Y64567) | £32,https://www.next.co.uk/style/su766719/y64567#y64567
New In-1068532,Oatmeal Neutral Thick Strap Vest Top (V49361) | £7.50,https://www.next.co.uk/style/su999533/v49361#v49361
New In-1068532,The Set 2 Pack Heavyweight Skirt and T-Shirt Co-Ord Set Chocolate Brown (V84871) | £22,https://www.next.co.uk/style/su910424/v84871#v84871
New In-1068532,Friends Like These Black Short Sleeve Textured Belted Midi Dress (V59731) | £42,https://www.next.co.uk/style/sv018852/v59731#v59731
New In-1068532,Apricot Green Irregular Spot Bardot Mini Dress (291551) | £40,https://www.next.co.uk/style/sv208616/291551#291551
New In-1068532,Black Forever Comfort® Chunky Sole Bow Ballet Flats (V59846) | £32,https://www.next.co.uk/style/su992670/v59846#v59846
New In-1068532,Love & Roses Navy Contrast Tipping Detail Sleeveless Blouse (G22735) | £34,https://www.next.co.uk/style/sv073396/g22735#g22735
New In-1068532,Mosaic Conversational Print Linen Blend Bandeau Jumpsuit With Detachable Straps (V82559) | £39,https://www.next.co.uk/style/su769510/v82559#v82559
New In-1068532,Yellow Halter Bow Mini Dress (V46442) | £42,https://www.next.co.uk/style/su994275/v46442#v46442
New In-1068532,Love & Roses Burgundy Red Lace Trim Ribbed Jersey Vest (V76037) | £18,https://www.next.co.uk/style/sv068787/v76037#v76037
New In-1068532,Blue Geo Short Pyjamas Set (V58499) | £14,https://www.next.co.uk/style/su796582/v58499#v58499
New In-1068532,Love & Roses Navy Animal Print Crew Neck Ric Rac Sleeve Scallop T-Shirt (G10484) | £26,https://www.next.co.uk/style/su894808/g10484#g10484
New In-1068532,Love & Roses Blush Floral Print Broderie Yoke Short Sleeve Blouse (G67774) | £39,https://www.next.co.uk/style/su994408/g67774#g67774
New In-1068532,Pour Moi Black/Orange/Blue Santa Monica Removable Straps Tummy Control Swimsuit (Y71089) | £49,https://www.next.co.uk/style/su251641/y71089#y71089
New In-1068532,Apricot Voluminous Beach Shirt (V53288) | £28,https://www.next.co.uk/style/su957948/v53288#v53288
New In-1068532,Chocolate Brown Hamish The Highland Cow Short Sleeve Pyjamas (G92388) | £25,https://www.next.co.uk/style/sv020894/g92388#g92388
New In-1068532,Love & Roses Ochre Yellow Lace Trim Ribbed Jersey Vest (H10344) | £18,https://www.next.co.uk/style/sv068787/h10344#h10344
New In-1068532,FatFace Pink Wild Meadow Graphic T Shirt (W14780) | £32,https://www.next.co.uk/style/su960495/w14780#w14780
New In-1068532,Chocolate Brown Tie Waist Wide Leg Trousers (G71135) | £29,https://www.next.co.uk/style/sv021662/g71135#g71135
New In-1068532,Khaki Green Doublecloth Shorts (Y40092) | £22,https://www.next.co.uk/style/sv027802/y40092#y40092
New In-1068532,Love & Roses Black 3D Heart Short Sleeve Button Through Shirt (V67743) | £39,https://www.next.co.uk/style/sv060833/v67743#v67743
New In-1068532,Pink Floral Cotton Rich Crochet Long Sleeve Off The Shoulder Jumper (G74274) | £48,https://www.next.co.uk/style/su983253/g74274#g74274
New In-1068532,White Boxy Short Sleeve Crew Neck T-Shirt (V56112) | £12,https://www.next.co.uk/style/sv011357/v56112#v56112
New In-1068532,Pale Yellow Embroidered Paisley Tie-Neck Blouse (Y78681) | £42,https://www.next.co.uk/style/su993670/y78681#y78681
New In-1068532,Love & Roses Pink Broderie Yoke Jersey T-Shirt (G94013) | £26,https://www.next.co.uk/style/sv020509/g94013#g94013
New In-1068532,Friends Like These Mono Spot Angel Sleeve Ruffle Blouse (Y18168) | £27,https://www.next.co.uk/style/su872379/y18168#y18168
New In-1068532,Love & Roses Ivory Tropical Print Linen Blend Shell Top (G82826) | £32,https://www.next.co.uk/style/su998888/g82826#g82826
New In-1068532,Pink Raw Hem Denim Shorts (Y70262) | £25,https://www.next.co.uk/style/su862814/y70262#y70262
New In-1068532,Cream/Red Map Print Wired Bandeau Bikini Top (V51766) | £30,https://www.next.co.uk/style/st191749/v51766#v51766
New In-1068532,Khaki Green 100% Linen N. Premium Long Sleeve Shirt (V71029) | £44,https://www.next.co.uk/style/su829324/v71029#v71029
New In-1068532,White/Brown Grown On Cap Sleeve T-Shirt 2 Pack (G83288) | £13,https://www.next.co.uk/style/su999592/g83288#g83288
New In-1068532,Pink Crochet Tie Waist Shorts (V41676) | £38,https://www.next.co.uk/style/su788308/v41676#v41676
New In-1068532,The Set Tie Shirt and Trouser Co-Ord Set Navy Blue Stripe (V47873) | £29,https://www.next.co.uk/style/su996665/v47873#v47873
New In-1068532,Dark Blue High Rise City Wide Leg Jeans (G98707) | £34,https://www.next.co.uk/style/sv100720/g98707#g98707
New In-1068532,Love & Roses White Viscose/Linen Stripe Ric Rac Trim Shell Top (Y62433) | £34,https://www.next.co.uk/style/sv101963/y62433#y62433
New In-1068532,Lipsy Cream Tipped Detail Short Sleeve Polo Shirt (U85815) | £34,https://www.next.co.uk/style/su910588/u85815#u85815
New In-1068532,Black Boxy Short Sleeve Crew Neck T-Shirt (V49410) | £12,https://www.next.co.uk/style/sv011357/v49410#v49410
New In-1068532,Lipsy Green & Pink Tropical Printed Shorts (G61521) | £34,https://www.next.co.uk/style/su958963/g61521#g61521
New In-1068532,Love & Roses Red Lace Trim Flutter Sleeve V-Neck Top (G31028) | £24,https://www.next.co.uk/style/sv080405/g31028#g31028
New In-1068532,Love & Roses Ivory Broderie Yoke T-Shirt (G87550) | £29,https://www.next.co.uk/style/sv007183/g87550#g87550
New In-1068532,Blue Geometric Short Sleeve Pyjamas (V58525) | £16,https://www.next.co.uk/style/su651052/v58525#v58525
New In-1068532,Mosaic Conversational Print Summer Beach Shorts (G23109) | £20,https://www.next.co.uk/style/su769455/g23109#g23109
New In-1068532,The Set 2 Pack Lace Trim Vest Tops White/Chocolate Brown (V47869) | £31,https://www.next.co.uk/style/su996662/v47869#v47869
New In-1068532,B by Ted Baker Cotton Shorts Set (H04628) | £39,https://www.next.co.uk/style/sv044298/h04628#h04628
New In-1068532,Bone Forever Comfort® Round Toe Ballet Flats (V59849) | £22,https://www.next.co.uk/style/sv020726/v59849#v59849
New In-1068532,Grey/Red Striped Knit Look Short Sleeve Polo Top (G80953) | £28,https://www.next.co.uk/style/su997224/g80953#g80953
New In-1068532,Friends Like These Red V-Neck Plunge Sleeveless Maxi Dress (Y72274) | £42,https://www.next.co.uk/style/sv122828/y72274#y72274
New In-1068532,Sage Green Slogan Dogs Seminal x Lauren Emmet Stripe Short Pyjamas Set (V58495) | £24,https://www.next.co.uk/style/sv017775/v58495#v58495
New In-1068532,Friends Like These Navy Split Sleeve Ruched Midi Dress (G30503) | £49,https://www.next.co.uk/style/sv086836/g30503#g30503
New In-1068532,Blue/Pink Palm Print Square Neck Cami Midi Dress (V46427) | £46,https://www.next.co.uk/style/sv050021/v46427#v46427
New In-1068532,Ecru Sleeveless Brooch Top with Linen (G80483) | £42,https://www.next.co.uk/style/su994545/g80483#g80483
New In-1068532,Love & Roses Ivory Broderie Yoke Jersey Mini Dress (Y45028) | £42,https://www.next.co.uk/style/sv042241/y45028#y45028
New In-1068532,Lipsy Pink Printed Tropical Stripe Cotton Linen V-Neck Puff Sleeve Belted Midi Dress (V23609) | £55,https://www.next.co.uk/style/su897654/v23609#v23609
New In-1068532,Reiss Ivory Evie Half-Belt Gathered Maxi Dress (V82501) | £230,https://www.next.co.uk/style/sv086110/v82501#v82501
New In-1068532,The Set 5 Pack Scoop Ribbed Strappy Vests Navy Blue/Blue/Stripe/Red/White (Y42953) | £21.50,https://www.next.co.uk/style/sv038895/y42953#y42953
New In-1068532,White Soft Touch Slinky V-Neck Ruched Short Sleeve Top (V73558) | £22,https://www.next.co.uk/style/sv002502/v73558#v73558
New In-1068532,Love & Roses Blue and White Stripe 3/4 Sleeve Broderie Jersey Shirt (G23738) | £30,https://www.next.co.uk/style/sv068667/g23738#g23738
New In-1068532,Girl In Mind Green Betty Asymmetric Neckline Skater Midi Dress (E48774) | £52,https://www.next.co.uk/style/sv214863/e48774#e48774
New In-1068532,Lipsy Blue 3D Textured Sleeveless Shirt (Y88129) | £40,https://www.next.co.uk/style/su955344/y88129#y88129
New In-1068532,Sosandar Cream Polka Dot Funnel Neck Denim Jacket (AC2858) | £75,https://www.next.co.uk/style/sv221668/ac2858#ac2858
New In-1068532,Chocolate Brown Boxy Short Sleeve Crew Neck T-Shirt (V56113) | £12,https://www.next.co.uk/style/sv011357/v56113#v56113
New In-1068532,Lipsy Red Touch of Linen Shorts (G30371) | £30,https://www.next.co.uk/style/su892501/g30371#g30371
New In-1068532,Friends Like These Blue Shirred Sleeveless Top (V94622) | £24,https://www.next.co.uk/style/su996919/v94622#v94622
New In-1068532,Eleanor Bowmer Light Blue Denim Check Embroidered Pocket Denim Shorts (V73904) | £49,https://www.next.co.uk/style/sv061801/v73904#v73904
New In-1068532,Love & Roses Black Scallop V-Neck Flute Sleeve Blouse (Y43099) | £29,https://www.next.co.uk/style/sv036170/y43099#y43099
New In-1068532,Pink/Brown Geometric Print Short Sleeve Overhead V-Neck Blouse (G77922) | £24,https://www.next.co.uk/style/su773136/g77922#g77922
New In-1068532,Friends Like These Black Split Sleeve Ruched Midi Dress (V59732) | £49,https://www.next.co.uk/style/sv086836/v59732#v59732
New In-1068532,Love & Roses Mint Green Floral Print Lace Trim Top (G82806) | £32,https://www.next.co.uk/style/su998882/g82806#g82806
New In-1068532,Love & Roses Navy Lace Satin Mini Tea Dress (V48967) | £59,https://www.next.co.uk/style/su998077/v48967#v48967
New In-1068532,Mid Blue Denim Shell Top (V63390) | £24,https://www.next.co.uk/style/sv180725/v63390#v63390
New In-1068532,Blue Short Sleeve Overhead V-Neck Blouse (V44088) | £20,https://www.next.co.uk/style/su773136/v44088#v44088
New In-1068532,Navy Forever Comfort® Round Toe Ballerina Shoes (Y37100) | £24,https://www.next.co.uk/style/sv020730/y37100#y37100
New In-1068532,Love & Roses x RHS Lime Green Floral Satin Cowl Neck Midi Dress (V48979) | £79,https://www.next.co.uk/style/su998840/v48979#v48979
New In-1068532,White Thick Strap Vest Top (V49358) | £7.50,https://www.next.co.uk/style/su999533/v49358#v49358
New In-1068532,Joules Multi Striped Wide Leg Pull On Trousers with Linen (G79464) | £69,https://www.next.co.uk/style/su992350/g79464#g79464
New In-1068532,Chocolate Brown Sweatshirt and Short Loungewear Set (G63655) | £42,https://www.next.co.uk/style/su963216/g63655#g63655
New In-1068532,Friends Like These Neutral Lightweight Funnel Neck Jacket (G72804) | £58,https://www.next.co.uk/style/su980998/g72804#g72804
New In-1068532,Chocolate Brown/Blue Striped Knit Look Short Sleeve Polo Top (G80952) | £28,https://www.next.co.uk/style/su997224/g80952#g80952
New In-1068532,Love & Roses Red Broderie Shell Top (V49906) | £38,https://www.next.co.uk/style/sv000353/v49906#v49906
New In-1068532,Friends Like These Brown Spot Print Satin Short Sleeve Lace Blouse (V60471) | £34,https://www.next.co.uk/style/sv021544/v60471#v60471
New In-1068532,Pour Moi Green/Pink Roll Top Free Spirit Bikini Bottoms (G42801) | £24,https://www.next.co.uk/style/su706621/g42801#g42801
New In-1068532,Cream/Pink Floral Voluminous Beach Shirt (V53283) | £32,https://www.next.co.uk/style/su957948/v53283#v53283
New In-1068532,Love & Roses Ivory 3D Heart Short Sleeve Button Through Shirt (Y45033) | £39,https://www.next.co.uk/style/sv060833/y45033#y45033
New In-1068532,White/Blue/Green Abstract Border Print Satin Twill Trousers (G78007) | £34,https://www.next.co.uk/style/su989841/g78007#g78007
New In-1068532,Joules Sunseeker Navy Platform Double Buckle Sliders (G64661) | £20,https://www.next.co.uk/style/su913329/g64661#g64661
New In-1068532,Cream/Pink Floral Padded Wired Halter Neck Bikini Top (V51745) | £28,https://www.next.co.uk/style/sv003064/v51745#v51745
New In-1068532,Chocolate Brown Hareem Balloon Leg Loungewear Trousers (W16269) | £28,https://www.next.co.uk/style/su963209/w16269#w16269
New In-1068532,Lipsy Rust Satin Ruched Short Sleeve Fit And Flare Maxi Dress (Y35753) | £100,https://www.next.co.uk/style/su918872/y35753#y35753
New In-1068532,Lipsy Premium Chocolate Brown Cutwork Lace Halter Neck Midi Shirt Dress (G18681) | £175,https://www.next.co.uk/style/su916790/g18681#g18681
New In-1068532,Lemon Yellow Washed Jersey Layered Vest (V49362) | £12,https://www.next.co.uk/style/su945999/v49362#v49362
New In-1068532,Map Print Tie Strap Balloon Jumpsuit (G87177) | £59,https://www.next.co.uk/style/sv008078/g87177#g87177
New In-1068532,White Crochet Long Sleeve Top (G75528) | £24,https://www.next.co.uk/style/su909807/g75528#g75528
New In-1068532,Friends Like These Chocolate Brown Satin Lace Trim Batwing Midi Dress (V54691) | £49,https://www.next.co.uk/style/sv008271/v54691#v54691
New In-1068532,adidas Burgundy Red/Pink Breaknet Sleek Trainers (G79702) | £45,https://www.next.co.uk/style/su452966/g79702#g79702
New In-1068532,Black Forever Comfort® Satin Weave Ballet Flats (V94709) | £45,https://www.next.co.uk/style/su888450/v94709#v94709
New In-1068532,Floral Satin Wrap Blazer (V36293) | £68,https://www.next.co.uk/style/su947808/v36293#v36293
New In-1068532,adidas Originals Khaki Camo Cargo Trousers (V83175) | £80,https://www.next.co.uk/style/sv088121/v83175#v83175
New In-1068532,Friends Like These Berry Red Flutter Sleeve Midi Dress (G88573) | £59,https://www.next.co.uk/style/su870619/g88573#g88573
New In-1068532,The Set Toe Thong Heel Sandals Black (G31308) | £24,https://www.next.co.uk/style/sv089738/g31308#g31308
New In-1068532,Ecru/Black Spot Sheer Layer Cape Sleeve Top with Cami (H10777) | £38,https://www.next.co.uk/style/su979482/h10777#h10777
New In-1068532,Orange Floral Print Puff Sleeve Midi Dress (V46465) | £42,https://www.next.co.uk/style/su542753/v46465#v46465
New In-1068532,Threadbare Brown Relaxed Fit Knot Detail Top & Barrel Leg Trousers Set (Y90259) | £45,https://www.next.co.uk/style/sv155186/y90259#y90259
New In-1068532,Cream/Red Map Print Twist Front Bandeau Playsuit (Y40639) | £25,https://www.next.co.uk/style/sv008041/y40639#y40639
New In-1068532,Mint Velvet Chocolate Brown Tipped Bikini Briefs (G33563) | £32,https://www.next.co.uk/style/sv092109/g33563#g33563
New In-1068532,The Set Toe Thong Heel Sandals Camel (G31310) | £24,https://www.next.co.uk/style/sv089738/g31310#g31310
New In-1068532,Mint Green Mosaic Conversational Halterneck Tummy Control Swimsuit (G29760) | £35,https://www.next.co.uk/style/su766573/g29760#g29760
New In-1068532,Mint Green/Cream Tie Side Bikini Bottoms (V87236) | £18,https://www.next.co.uk/style/su766909/v87236#v87236
New In-1068532,Never Fully Dressed Blue Blue Mystical Cardigan (V93661) | £99,https://www.next.co.uk/style/sv117691/v93661#v93661
New In-1068532,Mint Green Mosaic Conversational Adjustable Ruched Side Bandeau Tankini Top (Y84633) | £28,https://www.next.co.uk/style/sv144369/y84633#y84633
New In-1068532,Lime Green Frill One Shoulder Dress (V53281) | £54,https://www.next.co.uk/style/sv007626/v53281#v53281
New In-1068532,Love & Roses Pink Paisley Hanky Hem Tie Neck Midi Dress (G82836) | £59,https://www.next.co.uk/style/su998068/g82836#g82836
New In-1068532,Chocolate Brown Polka Dot Ruched Bandeau Midi Dress (G80301) | £47,https://www.next.co.uk/style/sv236386/g80301#g80301
New In-1068532,Love & Roses Berry Red Cotton / Linen Lace Insert Trim Cami (V49188) | £32,https://www.next.co.uk/style/su999043/v49188#v49188
New In-1068532,Love & Roses Pale Blue Floral Lace Trim Flutter Sleeve Blouse (G82814) | £39,https://www.next.co.uk/style/su999003/g82814#g82814
New In-1068532,Friends Like These Black Hardware Detail Workwear Midi Dress (G93608) | £49,https://www.next.co.uk/style/sv116076/g93608#g93608
New In-1068532,Mint Velvet Chocolate Brown Tipped Bandeau Bikini Top (V84666) | £35,https://www.next.co.uk/style/sv092111/v84666#v84666
New In-1068532,Friends Like These Green/Pink Chiffon Short Sleeve Midi Dress (Y17037) | £59,https://www.next.co.uk/style/su824111/y17037#y17037
New In-1068532,Black Sleeveless Cutwork Detail Top (G84064) | £38,https://www.next.co.uk/style/sv000634/g84064#g84064
New In-1068532,Love & Roses Orange Short Sleeve Button Through Lace Trim Shirt (Y56145) | £36,https://www.next.co.uk/style/sv064603/y56145#y56145
New In-1068532,Love & Roses Burgundy Red Tailored Linen Look Midi Shirt Look Tie Waist Dress (V35397) | £66,https://www.next.co.uk/style/su976494/v35397#v35397
New In-1068532,Navy Pink Floral Print Knot Front Cami Top (Y59862) | £28,https://www.next.co.uk/style/sv086230/y59862#y59862
New In-1068532,Burgundy Satin Scoop Neck Cami Top (Y61920) | £22,https://www.next.co.uk/style/sv117977/y61920#y61920
New In-1068532,Lipsy Brown Floral Mirrored Print Halter Neck Maxi Dress (H10852) | £85,https://www.next.co.uk/style/sv061285/h10852#h10852
New In-1068532,Brown/Blue Animal High Leg Bikini Bottoms (V51751) | £15,https://www.next.co.uk/style/st253117/v51751#v51751
New In-1068532,Never Fully Dressed Fruit 100% Viscose Shorts Set (W14553) | £55,https://www.next.co.uk/style/su960000/w14553#w14553
New In-1068532,Black Hidden Support Boat Neck Vest Top (G89880) | £25,https://www.next.co.uk/style/sv011223/g89880#g89880
New In-1068532,Berry Red Hardware Cutout Tummy Control Swimsuit (V51735) | £36,https://www.next.co.uk/style/sv003087/v51735#v51735
New In-1068532,Cream/Pink Stripe Snooze Club Back Graphic Short Set Pyjamas (V75259) | £24,https://www.next.co.uk/style/sv064822/v75259#v75259
New In-1068532,Reiss Taupe Brown Jackie Linen Belted Pleated Maxi Skirt (W03172) | £198,https://www.next.co.uk/style/sv139040/w03172#w03172
New In-1068532,Lipsy Navy Blue Linen Blend Short Sleeve Shirt (V95402) | £34,https://www.next.co.uk/style/su878498/v95402#v95402
New In-1068532,Ecru/Yellow Stripe Column Skirt with Linen (V95903) | £32,https://www.next.co.uk/style/sv125271/v95903#v95903
New In-1068532,Joules Sunseeker Sage Green Platform Double Buckle Sliders (V27028) | £20,https://www.next.co.uk/style/su913329/v27028#v27028
New In-1068532,Navy Floral Print Printed High Neck Tiered Occasion Maxi Dress (G80306) | £44,https://www.next.co.uk/style/su542734/g80306#g80306
New In-1068532,Love & Roses Ochre Yellow Lace Trim Flutter Sleeve V-Neck Top (V83329) | £24,https://www.next.co.uk/style/sv080405/v83329#v83329
New In-1068532,Love & Roses Cobalt Blue Metallic Dropped Waist Midi Dress (Y61949) | £79,https://www.next.co.uk/style/su987558/y61949#y61949
New In-1068532,FatFace Remi White Petite Linen Dress (616772) | £75,https://www.next.co.uk/style/sv173222/616772#616772
New In-1068532,White/Blue/Green Abstract Border Print Satin Twill Short Sleeve Shirt (V44128) | £36,https://www.next.co.uk/style/su989855/v44128#v44128
New In-1068532,Little Bird by Jools Oliver Rainbow Applique Oversized Crew Neck Sweatshirt (V99781) | £38,https://www.next.co.uk/style/su964559/v99781#v99781
New In-1068532,adidas Terrex Purple Anylander Hiking Shoes (159715) | £65,https://www.next.co.uk/style/sv217154/159715#159715
New In-1068532,Lipsy Green Tropical Print V-Neck Draped Shoulder Balloon Leg Jumpsuit (Y33095) | £62,https://www.next.co.uk/style/su911657/y33095#y33095
New In-1068532,Friends Like These Cream Sequin Cami Top (Y40521) | £38,https://www.next.co.uk/style/sv028927/y40521#y40521
New In-1068532,Neutral Dogtooth Slim Tailored Trousers (G71123) | £34,https://www.next.co.uk/style/su977554/g71123#g71123
New In-1068532,B by Ted Baker Cotton Shorts Set (H04622) | £39,https://www.next.co.uk/style/sv044298/h04622#h04622
New In-1068532,Love & Roses Cobalt Blue Satin Front Jersey T-Shirt (V67856) | £20,https://www.next.co.uk/style/sv048897/v67856#v67856
New In-1068532,Love & Roses Black Beaded Trim V-Neck Blouse (G82798) | £36,https://www.next.co.uk/style/su998874/g82798#g82798
New In-1068532,Pink Lace Trim Cami Top (V44140) | £28,https://www.next.co.uk/style/su984321/v44140#v44140
New In-1068532,Love & Roses Red Printed Bandana Print T-Shirt (G87547) | £25,https://www.next.co.uk/style/sv007180/g87547#g87547
New In-1068532,Chocolate Brown Short Sleeved Crew Neck Button Through Top (V50766) | £18,https://www.next.co.uk/style/sv018491/v50766#v50766
New In-1068532,White Fitted Stretch Essential Long Sleeve Shirt (G84999) | £18.50,https://www.next.co.uk/style/sv002534/g84999#g84999
New In-1068532,Love & Roses Navy Embroidered Crew Neck Flutter Sleeve Blouse (W16504) | £39,https://www.next.co.uk/style/su966474/w16504#w16504
New In-1068532,Lipsy Olive Green Spot Short Flutter Sleeve Midi Dress (475919) | £74,https://www.next.co.uk/style/sv000572/475919#475919
New In-1068532,Lemon Pleat Front Strappy Maxi Volume Dress (G87168) | £42,https://www.next.co.uk/style/sv006967/g87168#g87168
New In-1068532,Brand Threads Grey England Football T-Shirt (438112) | £18,https://www.next.co.uk/style/sv261853/438112#438112
New In-1068532,Lipsy Green Floral Print Stripe Fringe Scarf Halter Maxi Dress (G19468) | £100,https://www.next.co.uk/style/su918839/g19468#g19468
New In-1068532,Love & Roses Pink Geo Jersey Ruched Shoulder Belted Midi Dress (G25229) | £56,https://www.next.co.uk/style/sv011764/g25229#g25229
New In-1068532,White Voluminous Beach Shirt (Y30117) | £28,https://www.next.co.uk/style/su957948/y30117#y30117
New In-1068532,Love & Roses Red Broderie Yoke T-Shirt (V53666) | £29,https://www.next.co.uk/style/sv007183/v53666#v53666
New In-1068532,Cream/Red Map High Waist Print Bikini Bottoms (G28303) | £18,https://www.next.co.uk/style/su033584/g28303#g28303
New In-1068532,Love & Roses Blue And White Stripe Wide Crop Jeans (V57045) | £54,https://www.next.co.uk/style/sv013224/v57045#v57045
New In-1068532,Friends Like These Amber Orange Strappy Shirred Waist Button Detail Sheer Midi Dress (Y03322) | £42,https://www.next.co.uk/style/su843143/y03322#y03322
New In-1068532,Blue Grown On Cap Sleeve T-Shirt (V50545) | £7.50,https://www.next.co.uk/style/sv001431/v50545#v50545
New In-1068532,Bleach Blue Denim Embroidered V-Neck Cami Top (G54583) | £32,https://www.next.co.uk/style/su944067/g54583#g54583
New In-1068532,Lipsy Ivory Knitted Scallop Detail Cardigan (G28934) | £36,https://www.next.co.uk/style/sv061166/g28934#g28934
New In-1068532,Yellow Bandeau Jersey Woven Mix Mini Summer Dress (V46440) | £30,https://www.next.co.uk/style/su867196/v46440#v46440
New In-1068532,Lipsy Khaki Green Crochet Trim V-Neck Strappy Sparkle Metallic Maxi Dress (V92159) | £60,https://www.next.co.uk/style/sv111721/v92159#v92159
New In-1068532,adidas Originals Beige Firebird Shorts (V37346) | £35,https://www.next.co.uk/style/su778996/v37346#v37346
New In-1068532,Eleanor Bowmer Blue/Green Plunge Tummy Control Swimsuit (V85147) | £39,https://www.next.co.uk/style/sv093607/v85147#v85147
New In-1068532,Mint Velvet Chocolate Brown Tipped Tummy Control Bandeau Swimsuit (Y67248) | £55,https://www.next.co.uk/style/sv104672/y67248#y67248
New In-1068532,Chocolate Brown Towelling Shorts (Y31987) | £24,https://www.next.co.uk/style/su906635/y31987#y31987
New In-1068532,White/Blue Scarf Print Lace Trim Satin Cami Top (G89854) | £22,https://www.next.co.uk/style/sv033632/g89854#g89854
New In-1068532,FatFace Blue Summer Snoopy Reversible Tote Bag (Y63197) | £17.50,https://www.next.co.uk/style/sv095547/y63197#y63197
New In-1068532,Love & Roses Khaki Green Broderie Midi Skirt (Y42645) | £49,https://www.next.co.uk/style/su938042/y42645#y42645
New In-1068532,Laura Ashley Green/Black Alcombe Floral Chiffon V-Neck Dress (G81534) | £55,https://www.next.co.uk/style/su995967/g81534#g81534
New In-1068532,Eleanor Bowmer Blue/Brown Wave Plunge Tummy Control Swimsuit (G34053) | £39,https://www.next.co.uk/style/sv093612/g34053#g34053
New In-1068532,White Broderie Tie Front Mini Dress (V46448) | £46,https://www.next.co.uk/style/su994280/v46448#v46448
New In-1068532,Love & Roses Beige Stripe Ruffle Trim Short Sleeve Blouse (Y56851) | £39,https://www.next.co.uk/style/sv077918/y56851#y56851
New In-1068532,Love & Roses Purple Animal Print V-Neck Jersey Vest (G87559) | £22,https://www.next.co.uk/style/su892462/g87559#g87559
New In-1068532,Burgundy Cinched Single Breasted Blazer (G71133) | £50,https://www.next.co.uk/style/su977564/g71133#g71133
New In-1068532,Love & Roses Navy Broderie Yoke Jersey T-Shirt (G94014) | £26,https://www.next.co.uk/style/sv020509/g94014#g94014
New In-1068532,Friends Like These Black Button Through Belted Shirt Midi Dress (Y36984) | £50,https://www.next.co.uk/style/sv018841/y36984#y36984
New In-1068532,Grey Cotton Rib Lace Cami and Short Pyjamas (G92379) | £20,https://www.next.co.uk/style/sv017777/g92379#g92379
New In-1068532,adidas Silver Breaknet Sleek Trainers (V45802) | £50,https://www.next.co.uk/style/su452966/v45802#v45802
New In-1068532,"Nike Black Pro 365 8"" Shorts (W81508) | £35",https://www.next.co.uk/style/sv243938/w81508#w81508
New In-1068532,Love & Roses Ivory Lace T-Shirt (G80566) | £29,https://www.next.co.uk/style/sv006954/g80566#g80566
New In-1068532,Ecru Bermuda Denim Jort Shorts (V64560) | £40,https://www.next.co.uk/style/su809460/v64560#v64560
New In-1068532,Love & Roses Green Sleeveless Lace Midi Dress (G58918) | £89,https://www.next.co.uk/style/su953935/g58918#g58918
New In-1068532,River Island Cream Satin Angel Sleeve Twist Front Top (B82821) | £30,https://www.next.co.uk/style/sv227498/b82821#b82821
New In-1068532,Dark Blue Side Stripe Pull On Lightweight Denim Skirt (V92070) | £32,https://www.next.co.uk/style/su893577/v92070#v92070
New In-1068532,Lipsy Red Off The Shoulder Gathered Waist Maxi Dress (Y90030) | £76,https://www.next.co.uk/style/su923185/y90030#y90030
New In-1068532,Green Smocked Peplum Short Sleeve Top (G77919) | £32,https://www.next.co.uk/style/su989850/g77919#g77919
New In-1068532,White/Blue Embroidered Hanky Hem Playsuit (G60844) | £48,https://www.next.co.uk/style/su957942/g60844#g60844
New In-1068532,Reiss Ivory Athena Asymmetric Drape Mini Dress (V82500) | £198,https://www.next.co.uk/style/sv086109/v82500#v82500
New In-1068532,Love & Roses Black Petite V-Neck Striped Scalloped Detail Tie Waist Knitted Midi Dress (G87957) | £62,https://www.next.co.uk/style/sv001614/g87957#g87957
New In-1068532,Pink/Yellow Spliced Check Tie-Front Short Sleeve Shirt with Linen (G76386) | £26,https://www.next.co.uk/style/su986530/g76386#g76386
New In-1068532,Black Thick Strap Vest Top (V49359) | £7.50,https://www.next.co.uk/style/su999533/v49359#v49359
New In-1068532,Lipsy Navy Blue Jersey Lace Hem T-Shirt (Y35890) | £28,https://www.next.co.uk/style/su919608/y35890#y35890
New In-1068532,Lipsy White Lace Sleeve Textured T-Shirt (G34609) | £32,https://www.next.co.uk/style/sv095216/g34609#g34609
New In-1068532,Love & Roses Purple Zebra Print Beaded Strappy V-Neck Midi Dress (G82833) | £65,https://www.next.co.uk/style/su998066/g82833#g82833
New In-1068532,The Set 4 Pack Cropped Cap Sleeve T-Shirts Navy Stripe/Brown/White (V73503) | £18,https://www.next.co.uk/style/sv060388/v73503#v73503
New In-1068532,Black Fitted Stretch Essential Long Sleeve Shirt (G84998) | £18.50,https://www.next.co.uk/style/sv002534/g84998#g84998
New In-1068532,Reiss Neutral/Grey Neave Paisley-Print Shorts (K96443) | £160,https://www.next.co.uk/style/sv195297/k96443#k96443
New In-1068532,White Cinched Waist T-Shirt (G83281) | £14,https://www.next.co.uk/style/su999585/g83281#g83281
New In-1068532,Friends Like These Olive Green Lightweight Shower Resistant Hooded Funnel Jacket (G72785) | £49,https://www.next.co.uk/style/su980988/g72785#g72785
New In-1068532,Cream/Red Map High Leg Print Bikini Bottoms (G85641) | £16,https://www.next.co.uk/style/su033584/g85641#g85641
New In-1068532,Love & Roses Ditsy Floral Keyhole Drop Waist Midi Dress (G63016) | £62,https://www.next.co.uk/style/su962115/g63016#g63016
New In-1068532,Love & Roses X Binky Grey Lace Trim Satin V-Neck Camisole (G42173) | £28,https://www.next.co.uk/style/su972685/g42173#g42173
New In-1068532,Lipsy Pink 'Soleil' Printed Oversized T-Shirt (G27157) | £26,https://www.next.co.uk/style/su918974/g27157#g27157
New In-1068532,Black Grown On Cap Sleeve T-Shirt (G84410) | £7.50,https://www.next.co.uk/style/sv001431/g84410#g84410
New In-1068532,Chocolate Brown Soft Touch Cotton Rich Crew Neck Cardigan (G74249) | £20,https://www.next.co.uk/style/su983272/g74249#g74249
New In-1068532,FatFace Isabelle Mid Blue Bermuda Denim Shorts (Y24236) | £48,https://www.next.co.uk/style/su893553/y24236#y24236
New In-1068532,Black Active Balance Cycling Shorts (V50512) | £15,https://www.next.co.uk/style/sv001146/v50512#v50512
New In-1068532,The Set 4 Pack Scoop Rib Vests Black/Brown/Neutral/Rust (Y42954) | £18,https://www.next.co.uk/style/sv038896/y42954#y42954
New In-1068532,Pink Embellished Deckchair Short Sleeve Crew Neck T-Shirt (Y32367) | £26,https://www.next.co.uk/style/su909830/y32367#y32367
New In-1068532,Little Bird by Jools Oliver Cherry Applique Stripe Boxy T-Shirt (Y77140) | £22,https://www.next.co.uk/style/sv134606/y77140#y77140
New In-1068532,Friends Like These Neutral Stripe Woven Striped Wide Leg Trousers (Y23841) | £35,https://www.next.co.uk/style/su918409/y23841#y23841
New In-1068532,Dark Blue Hourglass Slim Cropped Jeans (Y29392) | £28,https://www.next.co.uk/style/su901360/y29392#y29392
New In-1068532,Pink/White Floral Print Flutter Sleeve Button Front Smocked Top (V98617) | £30,https://www.next.co.uk/style/sv130951/v98617#v98617
New In-1068532,Friends Like These Blue V-Neck Plunge Sleeveless Maxi Dress (Y72283) | £42,https://www.next.co.uk/style/sv122828/y72283#y72283
New In-1068532,Lipsy Cobalt Blue Lace Sleeve Textured T-Shirt (G35108) | £32,https://www.next.co.uk/style/sv095216/g35108#g35108
New In-1068532,Friends Like These Red V-Neck Satin Vest Top (G30261) | £23,https://www.next.co.uk/style/su820995/g30261#g30261
New In-1068532,Lipsy Brown Viscose Contrast Stitch Underbust Belted Short Sleeve Jumpsuit (V62777) | £59,https://www.next.co.uk/style/sv029226/v62777#v62777
New In-1068532,Love & Roses Red Bandana Style Print Tie Front Roll Sleeve Shirt (V48931) | £36,https://www.next.co.uk/style/su998889/v48931#v48931
New In-1068532,Black Barrel Leg Tailored Trousers (Y37789) | £28,https://www.next.co.uk/style/sv021663/y37789#y37789
New In-1068532,White Multi Stitch Cap Sleeve Shirred Body Jersey Mini Dress (G80315) | £32,https://www.next.co.uk/style/su867180/g80315#g80315
New In-1068532,Pale Pink Standard/Wide Fit Forever Comfort® Beaded Toe Thong Sandals (G97721) | £26,https://www.next.co.uk/style/su930338/g97721#g97721
New In-1068532,Friends Like These Red Button Detail Short Sleeve Top (V54615) | £29,https://www.next.co.uk/style/su623814/v54615#v54615
New In-1068532,Yellow Lace Trim Cami Top (G94131) | £28,https://www.next.co.uk/style/su984321/g94131#g94131
New In-1068532,White Grown On Cap Sleeve T-Shirt (V50543) | £7.50,https://www.next.co.uk/style/sv001431/v50543#v50543
New In-1068532,White Strappy Bubble Hem Mini Dress (V53272) | £30,https://www.next.co.uk/style/sv008046/v53272#v53272
New In-1068532,Love & Roses Black Satin Front Jersey T-Shirt (V83435) | £20,https://www.next.co.uk/style/sv048897/v83435#v83435
New In-1068532,Cream Lace Trim Satin Cami Top (Y39649) | £22,https://www.next.co.uk/style/sv033632/y39649#y39649
New In-1068532,Floral Elastic Back Wide Leg Satin Trousers (G71134) | £39,https://www.next.co.uk/style/su947807/g71134#g71134
New In-1068532,River Island Gold Short Sleeve Knitted Boxy Waistcoat (R48019) | £36,https://www.next.co.uk/style/sv248154/r48019#r48019
New In-1068532,Threadbare Black Slash Neck Pinafore Maxi Dress (588528) | £30,https://www.next.co.uk/style/sv172074/588528#588528
New In-1068532,Blue Soft Touch Slinky Boat Neck Sleeveless Top (G21258) | £20,https://www.next.co.uk/style/sv002504/g21258#g21258
New In-1068532,Lipsy Cream Crochet Sequin Detail Waistcoat (Y72361) | £42,https://www.next.co.uk/style/sv123248/y72361#y72361
New In-1068532,Never Fully Dressed Green Geometric Palm Cardigan (R31111) | £149,https://www.next.co.uk/style/sv244786/r31111#r31111
New In-1068532,Lipsy X Mandy Sade Blue Scarf Print Mini Dress (Y33046) | £56,https://www.next.co.uk/style/su911133/y33046#y33046
New In-1068532,Friends Like These Bambi Print Short Sleeve Tie Detail Blouse (G92804) | £34,https://www.next.co.uk/style/sv016162/g92804#g92804
New In-1068532,Lipsy Black Boat Neck Scalloped Buttoned Dropped Waist Midi Dress (G96617) | £52,https://www.next.co.uk/style/sv027705/g96617#g96617
New In-1068532,Reiss Pink Solenge Cotton Cropped Long-Sleeve Shirt (773169) | £98,https://www.next.co.uk/style/su956241/773169#773169
New In-1068532,Neutral Dogtooth Cinched Single Breasted Blazer (V36276) | £54,https://www.next.co.uk/style/su977574/v36276#v36276
New In-1068532,Love & Roses Pink Textured Puffball Tie Shoulder Midi Dress (V81675) | £115,https://www.next.co.uk/style/sv083395/v81675#v81675
New In-1068532,Eleanor Bowmer Pink/Yellow Sun Tiered Beach Dress (Y27647) | £46,https://www.next.co.uk/style/su896564/y27647#y27647
New In-1068532,Birkenstock Leopard Print Brown Boston Suede Footbed Clogs (V66597) | £155,https://www.next.co.uk/style/sv042588/v66597#v66597
New In-1068532,Fluorescent Pink Short Sleeve Notch Neck Shirred Bubblehem Top (Y77138) | £18.50,https://www.next.co.uk/style/su878088/y77138#y77138
New In-1068532,Lipsy Black Satin Mix Structured Fishtail Bridesmaid Maxi Dress (G47077) | £92,https://www.next.co.uk/style/sv233139/g47077#g47077
New In-1068532,Praline Nude Short Microfibre Comfort Slip Skirt (V50272) | £12,https://www.next.co.uk/style/sv014010/v50272#v50272
New In-1068532,Chocolate Brown Hardware Wide Strap Crop Bikini Top (V60512) | £28,https://www.next.co.uk/style/sv021652/v60512#v60512
New In-1068532,Mint Green Mosaic Conversational Non Padded Underwired Bikini Top (V82071) | £32,https://www.next.co.uk/style/su858873/v82071#v82071
New In-1068532,adidas White Streettalk Trainers (G33752) | £55,https://www.next.co.uk/style/sv093113/g33752#g33752
New In-1068532,FatFace Dara Blue 100% Linen Blouse (V87614) | £49.50,https://www.next.co.uk/style/sv100528/v87614#v87614
New In-1068532,Roman Pink Animal Print Twist Front Midi Dress (E39862) | £70,https://www.next.co.uk/style/sv232298/e39862#e39862
New In-1068532,Lipsy Red Lace Satin Mix Collar Buttoned Short Sleeve Mini Dress (V80890) | £64,https://www.next.co.uk/style/sv080912/v80890#v80890
New In-1068532,BHOEM Brown Printed Twist Front Midi Sleeveless Dress (V39107) | £69,https://www.next.co.uk/style/sv009628/v39107#v39107
New In-1068532,River Island White Short Sleeve Button Front Top (R47742) | £30,https://www.next.co.uk/style/sv248127/r47742#r47742
New In-1068532,Threadbare Chocolate Brown Relaxed Fit Tie Top & Wide Leg Trousers Set (Y90264) | £45,https://www.next.co.uk/style/sv154757/y90264#y90264
New In-1068532,Pink Stripe Denim Shell Top (G98454) | £22,https://www.next.co.uk/style/sv180725/g98454#g98454
New In-1068532,River Island Yellow Short Sleeve Broderie Midi Dress (R47503) | £53,https://www.next.co.uk/style/sv248072/r47503#r47503
New In-1068532,Chocolate Brown Forever Comfort® Mary Jane Shoes (V59844) | £32,https://www.next.co.uk/style/sv039051/v59844#v59844
New In-1068532,Black Tie Waist Wide Leg Trousers (V36284) | £29,https://www.next.co.uk/style/sv021662/v36284#v36284
New In-1068532,Friends Like These Chocolate Brown Satin Drape Neck Blouse (G92812) | £32,https://www.next.co.uk/style/sv016171/g92812#g92812
New In-1068532,Lipsy White Jersey Lace Hem T-Shirt (V32106) | £28,https://www.next.co.uk/style/su919608/v32106#v32106
New In-1068532,Black Satin Scoop Neck Cami Top (V93899) | £22,https://www.next.co.uk/style/sv117977/v93899#v93899
New In-1068532,Love & Roses Blush Pink All Over Lace Top (V70032) | £26,https://www.next.co.uk/style/sv048900/v70032#v70032
New In-1068532,Friends Like These Gold Weave Envelope Clutch Bag (H09406) | £17,https://www.next.co.uk/style/sv055573/h09406#h09406
New In-1068532,Blue Floral Stripe Flutter Sleeve Button Front Smocked Top (V98619) | £30,https://www.next.co.uk/style/sv130951/v98619#v98619
New In-1068532,Love & Roses Blue Denim Roll Sleeve Button Through Embroidered Shirt (G82823) | £39,https://www.next.co.uk/style/su998885/g82823#g82823
New In-1068532,Love & Roses Burgundy Red Scallop Boat Neck 3/4 Sleeve Jersey Top (G98979) | £19,https://www.next.co.uk/style/su788699/g98979#g98979
New In-1068532,Light Pink Soft Touch Cotton Rich Crew Neck Cardigan (G74245) | £20,https://www.next.co.uk/style/su983272/g74245#g74245
New In-1068532,Brown Animal Print Bandeau Shirred Body Balloon Leg Jumpsuit (G96593) | £50,https://www.next.co.uk/style/su956782/g96593#g96593
New In-1068532,Pour Moi Green/Pink Strapless Free Spirit Bikini Top (Y71077) | £38,https://www.next.co.uk/style/su706629/y71077#y71077
New In-1068532,Neutral Hamish The Highland Cow Half Zip Borg Fleece (G92926) | £35,https://www.next.co.uk/style/sv018950/g92926#g92926
New In-1068532,Lipsy Pink Crochet Trim Detail Vest (K98182) | £25,https://www.next.co.uk/style/sv201406/k98182#k98182
New In-1068532,Love & Roses Chocolate Brown Spot Flutter Sleeve Button Through Blouse (G45578) | £38,https://www.next.co.uk/style/sv134628/g45578#g45578
New In-1068532,Lipsy Red Pitchside Princess Diamante Embellished Printed England Football Fitted T-Shirt (618341) | £24,https://www.next.co.uk/style/sv173241/618341#618341
New In-1068532,Gold Shimmer Forever Comfort® Curvy Slingback Low Heels (V60334) | £28,https://www.next.co.uk/style/sv020774/v60334#v60334
New In-1068532,Teal Blue Ribbed Thick Strap Embroided Vest (G80974) | £16,https://www.next.co.uk/style/su995284/g80974#g80974
New In-1068532,River Island Pink Short Sleeve Satin Shirt (B80206) | £35,https://www.next.co.uk/style/sv227486/b80206#b80206
New In-1068532,Love & Roses Green Print Roll Sleeve Button Down Shirt (Y56140) | £36,https://www.next.co.uk/style/sv090272/y56140#y56140
New In-1068532,Friends Like These Green/White Woven Striped Wide Leg Trousers (Y23852) | £35,https://www.next.co.uk/style/su918409/y23852#y23852
New In-1068532,Lipsy White Fruit Print Wide Strap Touch Of Linen Mini Dress (V27284) | £52,https://www.next.co.uk/style/su905020/v27284#v27284
New In-1068532,Peach Pink Stripe Pleat Front Bermuda Shorts (Y71866) | £26,https://www.next.co.uk/style/sv120656/y71866#y71866
New In-1068532,BHOEM Tan Brown Floral Print Midi Skirt With Knot Detail (V39133) | £55,https://www.next.co.uk/style/sv009634/v39133#v39133
New In-1068532,Never Fully Dressed Pink Mystical Pink Cardigan (V93660) | £99,https://www.next.co.uk/style/sv117690/v93660#v93660
New In-1068532,Love & Roses x RHS Lime Green Floral Printed Satin Jacquard Tie Front Blouse (V48952) | £38,https://www.next.co.uk/style/su999012/v48952#v48952
New In-1068532,Navy Thick Strap Vest Top (V49367) | £7.50,https://www.next.co.uk/style/su999533/v49367#v49367
New In-1068532,adidas originals Red Polo Shirts (G72173) | £60,https://www.next.co.uk/style/su979872/g72173#g72173
New In-1068532,Light Blue Side Stripe Lightweight Funnel Neck Zip Jacket (G74251) | £39,https://www.next.co.uk/style/su983248/g74251#g74251
New In-1068532,Lipsy Red Cutwork Pattern Puff Sleeve Belted Buttoned Midi Dress (V62747) | £62,https://www.next.co.uk/style/sv027707/v62747#v62747
New In-1068532,Threadbare Blue Tailored Bermuda Shorts (Y89448) | £28,https://www.next.co.uk/style/sv150553/y89448#y89448
New In-1068532,Lipsy Nude Weave Envelope Clutch Bag (V72168) | £24,https://www.next.co.uk/style/sv055538/v72168#v72168
New In-1068532,Lipsy Red Petite Off The Shoulder Gathered Waist Maxi Dress (Y90066) | £76,https://www.next.co.uk/style/su923185/y90066#y90066
New In-1068532,Pink Short Sleeve Shirred Textured Crew Neck Top (G75513) | £20,https://www.next.co.uk/style/su830544/g75513#g75513
New In-1068532,Blue Barrel Leg Cargo Trousers (Y37935) | £32,https://www.next.co.uk/style/su947794/y37935#y37935
New In-1068532,Reiss Khaki Green Sasha Satin Drape-Detail Midi Dress (K78486) | £198,https://www.next.co.uk/style/sv166806/k78486#k78486
New In-1068532,Brown/Blue Animal DD+ One Shoulder Hardware Wired Tummy Control Swimsuit (V56005) | £55,https://www.next.co.uk/style/sv010772/v56005#v56005
New In-1068532,Birkenstock Brown Arizona Leather Emboss Sandals (V66609) | £135,https://www.next.co.uk/style/sv042597/v66609#v66609
New In-1068532,White Tie-Front Short Sleeve Shirt with Linen (V42549) | £24,https://www.next.co.uk/style/su986530/v42549#v42549
New In-1068532,Blue Short Sleeve Notch Neck Shirred Bubblehem Top (Y86633) | £16.50,https://www.next.co.uk/style/su878088/y86633#y86633
New In-1068532,Friends Like These Red Short Sleeve Button Front Blouse (G45146) | £26,https://www.next.co.uk/style/sv125525/g45146#g45146
New In-1068532,Lipsy Red Puff Sleeve One Shoulder Ruched Midi Dress (804490) | £60,https://www.next.co.uk/style/su903258/804490#804490
New In-1068532,Threadbare Animal Cotton Jersey Trapeze Maxi Dress (141171) | £30,https://www.next.co.uk/style/sv249965/141171#141171
New In-1068532,White Denim Shell Top (Y41868) | £24,https://www.next.co.uk/style/sv180725/y41868#y41868
New In-1068532,Chocolate Brown Wrap Waist Jersey Denim Wide Leg Trousers (V74850) | £32,https://www.next.co.uk/style/sv186580/v74850#v74850
New In-1068532,Mint Green Mosaic Conversational High Waist High Leg Bikini Bottoms (Y84627) | £18,https://www.next.co.uk/style/sv051872/y84627#y84627
New In-1068532,Little Bird by Jools Oliver White Boxy T-Shirt (V99784) | £22,https://www.next.co.uk/style/sv134606/v99784#v99784
New In-1068532,Reiss Red Sloane Collared Belted Midi Dress (G30192) | £248,https://www.next.co.uk/style/sv086103/g30192#g30192
New In-1068532,Bright Blue Trim Hardware Detail Racer Ribbed Vest Top (V86723) | £18,https://www.next.co.uk/style/su993622/v86723#v86723
New In-1068532,Light Blue/Brown Stripe Oversized Boyfriend Shirt (G77436) | £29,https://www.next.co.uk/style/su773310/g77436#g77436
New In-1068532,White Floral Embellished Short Sleeve Crew Neck T-Shirt (V41675) | £25,https://www.next.co.uk/style/su985458/v41675#v41675
New In-1068532,White Cropped Heavyweight Short Sleeve Crew Neck T-Shirt (Y63994) | £15,https://www.next.co.uk/style/su895088/y63994#y63994
New In-1068532,White Long Sleeve Bomber Shirt (G94125) | £28,https://www.next.co.uk/style/sv021661/g94125#g94125
New In-1068532,Love & Roses Light Blue Crew Neck Scalloped Lace Detail 3/4 Sleeve Knitted Top (V65385) | £39,https://www.next.co.uk/style/sv035389/v65385#v65385
New In-1068532,Friends Like These Pink Short Sleeve Ruffle Metallic Midi Dress (V59720) | £69,https://www.next.co.uk/style/sv018838/v59720#v59720
New In-1068532,Sage Green Washed Jersey Layered Vest (G83231) | £12,https://www.next.co.uk/style/su945999/g83231#g83231
New In-1068532,Camel Neppy Soft Touch Cotton Rich Longline Cardigan (V45697) | £29,https://www.next.co.uk/style/su575144/v45697#v45697
New In-1068532,Berry Red Forever Comfort® Weave Mary Jane Shoes (G43778) | £36,https://www.next.co.uk/style/su920717/g43778#g43778
New In-1068532,Coastal Scenic Print N. Premium 100% Linen Skirt (Y30139) | £59,https://www.next.co.uk/style/su903554/y30139#y30139
New In-1068532,Ecru/Brown Stripe Heavyweight Crew Neck T-Shirt (V49409) | £18,https://www.next.co.uk/style/su999607/v49409#v49409
New In-1068532,Nike Pink Smoke Tempo Dri-FIT Running Vest (G76288) | £28,https://www.next.co.uk/style/su474654/g76288#g76288
New In-1068532,FatFace Blazey Navy Tapered Chino Trousers (Y33495) | £46,https://www.next.co.uk/style/su790125/y33495#y33495
New In-1068532,Lipsy Red Floral Print Off The Shoulder Gathered Waist Midi Dress (C18716) | £70,https://www.next.co.uk/style/su963828/c18716#c18716
New In-1068532,Mid Blue Short Sleeve Belted Denim Playsuit (Y26690) | £45,https://www.next.co.uk/style/su893550/y26690#y26690
New In-1068532,Love & Roses Red Floral Embroidered Notch Neck Blouse (Y40656) | £42,https://www.next.co.uk/style/sv029298/y40656#y40656
New In-1068532,Nike Black Leopard Run Defy Road Running Trainers (G78342) | £55,https://www.next.co.uk/style/su486743/g78342#g78342
New In-1068532,Love & Roses Red Contrast Tipping Detail Sleeveless Blouse (Y54560) | £34,https://www.next.co.uk/style/sv073396/y54560#y54560
New In-1068532,White Floral Cross Stitch Broderie Top (G77924) | £42,https://www.next.co.uk/style/su989827/g77924#g77924
New In-1068532,Ecru Balloon Leg Tailored Trousers (G74767) | £38,https://www.next.co.uk/style/su984312/g74767#g74767
New In-1068532,Lipsy Green Floral Printed Pleated Short Sleeve Belted Mini Dress (517334) | £65,https://www.next.co.uk/style/sv212677/517334#517334
New In-1068532,White/Navy Short Sleeve Bandana Print T-Shirt (V49413) | £18,https://www.next.co.uk/style/su999603/v49413#v49413
New In-1068532,Rust Textured Jersey V-Neck Dress (Y73251) | £36,https://www.next.co.uk/style/sv125280/y73251#y73251
New In-1068532,Love & Roses Black Animal Print Tie Neck Midi Tea Dress (V68890) | £59,https://www.next.co.uk/style/sv044862/v68890#v68890
New In-1068532,Yours Curve Green London Abstract Pleated Dress (AH1392) | £73,https://www.next.co.uk/style/sv228884/ah1392#ah1392
New In-1068532,Love & Roses Red Broderie Midi Skirt (G53700) | £49,https://www.next.co.uk/style/su938042/g53700#g53700
New In-1068532,River Island Brown/White Leaf Print Halter Top (Q60466) | £33,https://www.next.co.uk/style/sv221961/q60466#q60466
New In-1068532,Red Forever Comfort® Satin Weave Ballet Flats (G43774) | £45,https://www.next.co.uk/style/su888450/g43774#g43774
New In-1068532,Aqua Blue Floral Padded Wired Plunge Bikini Top (G85616) | £18,https://www.next.co.uk/style/st191708/g85616#g85616
New In-1068532,Red Forever Comfort® Round Toe Mesh Ballerina Flats (Q51648) | £28,https://www.next.co.uk/style/su866341/q51648#q51648
New In-1068532,adidas Originals Animal Satin Wide Leg Trousers (V35383) | £60,https://www.next.co.uk/style/su976965/v35383#v35383
New In-1068532,M&Co Black Petite Short Sleeve Utility Shirt Dress (AH1474) | £38,https://www.next.co.uk/style/sv228943/ah1474#ah1474
New In-1068532,Stone Suede Charm Cross-Body Bag (Y52794) | £60,https://www.next.co.uk/style/sv065871/y52794#y52794
New In-1068532,The Set 2 Pack Lace Hem Maxi T-Shirt Dresses Black/Brown (G25095) | £27,https://www.next.co.uk/style/sv071253/g25095#g25095
New In-1068532,Praline Nude High Waist Brief Premium Shaping Tummy Control Briefs (V11265) | £20,https://www.next.co.uk/style/su868310/v11265#v11265
New In-1068532,Green Grown On Cap Sleeve T-Shirt (G84408) | £7.50,https://www.next.co.uk/style/sv001431/g84408#g84408
New In-1068532,River Island Cream Short Sleeve Floral Print Textured Playsuit (A27969) | £44,https://www.next.co.uk/style/sv236115/a27969#a27969
New In-1068532,BHOEM Pink/Red Embroidered Maxi Straps Dress With Ruffled Bottom Hem (G72959) | £69,https://www.next.co.uk/style/su991546/g72959#g72959
New In-1068532,Friends Like These Cream/Black Check Sleeveless Lace Detail Midi Dress (Y23067) | £65,https://www.next.co.uk/style/su883219/y23067#y23067
New In-1068532,adidas Brown VL Court Bold Trainers (G31071) | £70,https://www.next.co.uk/style/su466783/g31071#g31071
New In-1068532,Camel Forever Comfort® Round Toe Ballerina Shoes (Y37099) | £24,https://www.next.co.uk/style/sv020730/y37099#y37099
New In-1068532,Lipsy Green Blue Floral Print Mesh Tie Knot Front Long Sleeve Maxi Dress (Y40609) | £56,https://www.next.co.uk/style/sv029128/y40609#y40609
New In-1068532,Lipsy Orange Shell Detail Knitted Halter Top (W15339) | £38,https://www.next.co.uk/style/su961696/w15339#w15339
New In-1068532,The Set 2 Pack Denim Shorts Cream/Chocolate Brown (H01796) | £31,https://www.next.co.uk/style/sv042008/h01796#h01796
New In-1068532,Chocolate Brown Crew Neck T-Shirt (G89999) | £6,https://www.next.co.uk/style/sv011349/g89999#g89999
New In-1068532,Love & Roses Yellow Ochre Scallop V-Neck T-Shirt (V73134) | £22,https://www.next.co.uk/style/su885068/v73134#v73134
New In-1068532,Friends Like These Black Lace Trim Detail Short Sleeve Jumpsuit (G68444) | £49,https://www.next.co.uk/style/su972771/g68444#g68444
New In-1068532,Pink Geo Print Puff Sleeve Mini Dress (G80319) | £35,https://www.next.co.uk/style/su956819/g80319#g80319
New In-1068532,Style Cheat Blue Polka Dot Fit And Flare Midi Dress (V91838) | £54,https://www.next.co.uk/style/sv109927/v91838#v91838
New In-1068532,River Island Blue Strappy Floral Print Cowl Neck Maxi Dress (R47985) | £62,https://www.next.co.uk/style/sv248145/r47985#r47985
New In-1068532,Mocha Brown/Pink Side Stripe Wide Leg Trousers with Linen (G87426) | £32,https://www.next.co.uk/style/sv006988/g87426#g87426
New In-1068532,Lipsy Black Knit Slim Mary Jane Ballerinas Flat Shoe (G84540) | £35,https://www.next.co.uk/style/sv078862/g84540#g84540
New In-1068532,Blue/Ecru Tile Print Cotton Rich Soft Touch Knitted Polo Top (G74279) | £28,https://www.next.co.uk/style/su858397/g74279#g74279
New In-1068532,Love & Roses Red Aztec Trim Crew Neck Tipped T-Shirt (G87554) | £24,https://www.next.co.uk/style/sv143029/g87554#g87554
New In-1068532,Pink Doublecloth Shorts (V46260) | £22,https://www.next.co.uk/style/sv027802/v46260#v46260
New In-1068532,Burgundy Red Slim Tailored Trousers (V36283) | £32,https://www.next.co.uk/style/su977580/v36283#v36283
New In-1068532,Lipsy Aqua Blue Off The Shoulder Gathered Waist Maxi Dress (Y82564) | £76,https://www.next.co.uk/style/su923185/y82564#y82564
New In-1068532,Green/White Thick Strap Racer Back Vests 2 Pack (V49363) | £13,https://www.next.co.uk/style/sv236743/v49363#v49363
New In-1068532,Navy/White Strappy Scoop Neck Slouch Ribbed Vests 2 Pack (G89878) | £22,https://www.next.co.uk/style/su045265/g89878#g89878
New In-1068532,Chocolate Brown Short Sleeve Bubblehem Scoop Neck T-Shirt (G75507) | £12.50,https://www.next.co.uk/style/su830437/g75507#g75507
New In-1068532,Grey Premium Ribbed Scoop Tank Vest Sleeveless Top (G83232) | £16,https://www.next.co.uk/style/su817916/g83232#g83232
New In-1068532,Friends Like These Ivory Flutter Sleeve Midi Dress (V54686) | £59,https://www.next.co.uk/style/su870619/v54686#v54686
New In-1068532,Pink/Yellow Check Beaded Strap Sleeveless Top (V41682) | £18,https://www.next.co.uk/style/su909820/v41682#v41682
New In-1068532,Chocolate Brown Tie Side Bikini Bottoms (V60520) | £16,https://www.next.co.uk/style/sv021653/v60520#v60520
New In-1068532,Eleanor Bowmer Red/Ecru Stripe Embroidered Pocket Barrel Leg Jeans (Y51214) | £56,https://www.next.co.uk/style/sv061805/y51214#y51214
New In-1068532,Navy Blue Broderie Balloon Leg Trousers (W07462) | £38,https://www.next.co.uk/style/su947797/w07462#w07462
New In-1068532,Hush Light Yelllow Koa Cotton Broderie Blouse (C91659) | £85,https://www.next.co.uk/style/sv158550/c91659#c91659
New In-1068532,Threadbare Cream Denim Puff Sleeve Shirt Dress (Y80596) | £38,https://www.next.co.uk/style/sv141022/y80596#y80596
New In-1068532,White Long Sleeve Notch Neck Top (G75505) | £18.50,https://www.next.co.uk/style/su985435/g75505#g75505
New In-1068532,Love & Roses Khaki Green Floral Embroidered Notch Neck Blouse (V48938) | £42,https://www.next.co.uk/style/su998892/v48938#v48938
New In-1068532,Love & Roses Rust Brown Ric Rac Flutter and Frill Sleeves Jersey Midi Dress (G33566) | £44,https://www.next.co.uk/style/sv092015/g33566#g33566
New In-1068532,Pink/Blue Gingham Jersey Shorts (V49203) | £14,https://www.next.co.uk/style/su999058/v49203#v49203
New In-1068532,Love & Roses Burgundy Red Broderie Yoke Jersey Mini Dress (H01843) | £42,https://www.next.co.uk/style/sv042241/h01843#h01843
New In-1068532,Love & Roses Red Rainbow Shoulder Stripe Crew Neck Jersey T-Shirt (Y23869) | £22,https://www.next.co.uk/style/su885288/y23869#y23869
New In-1068532,Love & Roses Burgundy Red Cami Drape Waist Jersey Midi Dress (V67737) | £38,https://www.next.co.uk/style/sv042239/v67737#v67737
New In-1068532,Praline Nude Thigh Smoother Short Premium Shaping Tummy Control Briefs (V11264) | £22,https://www.next.co.uk/style/su868310/v11264#v11264
New In-1068532,Love & Roses Chocolate Brown Roll Sleeve Tie Waist Linen Blend Shirt (G82818) | £36,https://www.next.co.uk/style/su998880/g82818#g82818
New In-1068532,Mint Velvet Black Satin Geo Print Halter Top (E34454) | £79,https://www.next.co.uk/style/sv230180/e34454#e34454
New In-1068532,Cobalt Blue Brazilian Crinkle Bikini Bottoms (V51747) | £15,https://www.next.co.uk/style/su827859/v51747#v51747
New In-1068532,White Knitted Crochet Detail Scallop T-Shirt (G98708) | £42,https://www.next.co.uk/style/sv036191/g98708#g98708
New In-1068532,Red England Football Crew Neck Slim Fit T-Shirt (A24451) | £16,https://www.next.co.uk/style/sv235403/a24451#a24451
New In-1068532,Ecru Tapestry Floral Square Neck Denim Mini Dress (G41988) | £46,https://www.next.co.uk/style/sv115419/g41988#g41988
New In-1068532,Red Relaxed Ruched Sleeve Blazer (V36270) | £45,https://www.next.co.uk/style/st661976/v36270#v36270
New In-1068532,River Island Pink Cotton Sateen Tailored Shorts (308407) | £32,https://www.next.co.uk/style/sv210053/308407#308407
New In-1068532,Love & Roses Ochre Yellow Broderie Yoke T-Shirt (G87551) | £29,https://www.next.co.uk/style/sv007183/g87551#g87551
New In-1068532,Lipsy Navy Floral Print Pleated Skirt Mini Dress (510453) | £65,https://www.next.co.uk/style/sv212644/510453#510453
New In-1068532,Yours Curve Black Limited Frilled Dress (V96900) | £34,https://www.next.co.uk/style/sv129216/v96900#v96900
New In-1068532,Friends Like These Berry Red Satin Short Sleeve Lace Blouse (Y37736) | £34,https://www.next.co.uk/style/sv021544/y37736#y37736
New In-1068532,Girl In Mind Blue Betty Asymmetric Neckline Skater Midi Dress (433142) | £52,https://www.next.co.uk/style/sv259324/433142#433142
New In-1068532,River Island Pink Long Sleeve Stripe Smiley Embroidered Shirt (A27917) | £42,https://www.next.co.uk/style/sv236098/a27917#a27917
New In-1068532,Friends Like These Olive Green Button Through Belted Shirt Midi Dress (V59721) | £50,https://www.next.co.uk/style/sv018841/v59721#v59721
New In-1068532,M&Co Black Crinkle Rayon Short Sleeve Blouse (AH1206) | £29,https://www.next.co.uk/style/sv223964/ah1206#ah1206
New In-1068532,Sand Regular Suede Belt (V51109) | £13.50,https://www.next.co.uk/style/sv002514/v51109#v51109
New In-1068532,Love & Roses Red Paisley Placement Print Tea Top (V49181) | £42,https://www.next.co.uk/style/su999039/v49181#v49181
New In-1068532,Reiss Mocha Brown Amelie Hardware-Detail Square-Neck Swimsuit (V82512) | £98,https://www.next.co.uk/style/sv086132/v82512#v82512
New In-1068532,Joules Lainey Multi Ditsy Bias Cut Maxi Dress (W07471) | £79,https://www.next.co.uk/style/su992068/w07471#w07471
New In-1068532,Lipsy Green Tropical Printed Full Hem Midaxi Skirt (G61538) | £45,https://www.next.co.uk/style/su957080/g61538#g61538
New In-1068532,Lipsy Green Lurex Floral Jacquard Halter Neck Maxi Dress (V63866) | £65,https://www.next.co.uk/style/sv036187/v63866#v63866
New In-1068532,Lipsy Brown Wrap Skort (V40657) | £36,https://www.next.co.uk/style/su992773/v40657#v40657
New In-1068532,Lipsy Burgundy Red Lace Hem Midi Bodycon Dress (Y66182) | £56,https://www.next.co.uk/style/sv102896/y66182#y66182
New In-1068532,Cobalt Blue Shirred High Leg Bikini Bottom (Y42452) | £16,https://www.next.co.uk/style/sv034287/y42452#y42452
New In-1068532,Lipsy Rust Red Cotton Broderie Ruffle Sleeve Shirt (G73313) | £35,https://www.next.co.uk/style/su981791/g73313#g73313
New In-1068532,Threadbare Chocolate Brown Drawstring Waist Tapered Leg Trousers (W03235) | £28,https://www.next.co.uk/style/sv141118/w03235#w03235
New In-1068532,Rust Brown Satin Cowl Neck Wedding Guest Bridesmaid Maxi Dress (Y56349) | £65,https://www.next.co.uk/style/sv075912/y56349#y56349
New In-1068532,Chocolate Brown Hidden Support Boat Neck Vest Top (G89881) | £25,https://www.next.co.uk/style/sv011223/g89881#g89881
New In-1068532,Pewter/Grey Forever Comfort® Toe Thong Embellished Sandals (V46492) | £29,https://www.next.co.uk/style/su833389/v46492#v46492
New In-1068532,Birkenstock Taupe Brown Boston Chunky Suede Clogs (Y43906) | £135,https://www.next.co.uk/style/sv042607/y43906#y43906
New In-1068532,Black Active Balance Capri Leggings (G84382) | £18,https://www.next.co.uk/style/sv001145/g84382#g84382
New In-1068532,Pink Spot Frill Edge Mini Summer Dress (V29147) | £39,https://www.next.co.uk/style/su911513/v29147#v29147
New In-1068532,Gold Forever Comfort® Curvy Slingback Low Heels (V60335) | £28,https://www.next.co.uk/style/sv020774/v60335#v60335
New In-1068532,River Island Brown/White Leaf Print Wide Leg Trousers (Q97264) | £42,https://www.next.co.uk/style/sv221963/q97264#q97264
New In-1068532,Threadbare Cream Compact Knit Crew Neck Waistcoat (R07571) | £35,https://www.next.co.uk/style/sv244976/r07571#r07571
New In-1068532,Love & Roses Ivory Lace Trim Flutter Sleeve V-Neck Top (V84933) | £24,https://www.next.co.uk/style/sv080405/v84933#v84933
New In-1068532,Lipsy Olive Green Lace Trim Satin Midi Slip Dress (V62748) | £56,https://www.next.co.uk/style/sv027708/v62748#v62748
New In-1068532,BHOEM Pink Floral Print Puffy Sleeves Mini Skater Dress (G72818) | £55,https://www.next.co.uk/style/sv009584/g72818#g72818
New In-1068532,Friends Like These Aubergine Purple Lightweight Shower Resistant Hooded Funnel Jacket (G72783) | £50,https://www.next.co.uk/style/su980988/g72783#g72783
New In-1068532,Pink/Green Scoop Neck Vests With Linen 2 Pack (W03129) | £29,https://www.next.co.uk/style/su868985/w03129#w03129
New In-1068532,adidas White Streettalk Trainers (G81470) | £55,https://www.next.co.uk/style/su995838/g81470#g81470
New In-1068532,Friends Like These Rust Red Button Through Belted Shirt Midi Dress (V59723) | £50,https://www.next.co.uk/style/sv018841/v59723#v59723
New In-1068532,Ecru Hamish The Highland Cow Cosy Dressing Gown (G91566) | £34,https://www.next.co.uk/style/sv014001/g91566#g91566
New In-1068532,Reiss Neutral Aimee Petite Drawstring Wide-Leg Trousers (Y47619) | £150,https://www.next.co.uk/style/sv049321/y47619#y47619
New In-1068532,White Crew Neck T-Shirt (G89996) | £6,https://www.next.co.uk/style/sv011349/g89996#g89996
New In-1068532,Green Bandeau Shirred Body Balloon Leg Jumpsuit (V46456) | £44,https://www.next.co.uk/style/su956782/v46456#v46456
New In-1068532,Lipsy Orange Knitted Scallop Detail Cardigan (G21428) | £36,https://www.next.co.uk/style/sv061166/g21428#g21428
New In-1068532,Crocs Purple Adults Classic Clogs (H05014) | £50,https://www.next.co.uk/style/st359630/h05014#h05014
New In-1068532,Cream/Pink Floral High Leg Bikini Bottoms (V51756) | £15,https://www.next.co.uk/style/sv003071/v51756#v51756
New In-1068532,Roman Blue Printed Wrap Dress (AD6288) | £70,https://www.next.co.uk/style/sv221747/ad6288#ad6288
New In-1068532,Black Forever Comfort® Mary Jane Shoes (H00546) | £32,https://www.next.co.uk/style/sv039051/h00546#h00546
New In-1068532,Little Bird by Jools Oliver Love and Kisses Slogan Boxy T-Shirt (Y77141) | £20,https://www.next.co.uk/style/sv134606/y77141#y77141
New In-1068532,River Island White Tolami Sleeveless Seamed Mini Dress (197237) | £53,https://www.next.co.uk/style/sv208287/197237#197237
New In-1068532,Khaki Green N. Premium 100% Linen Long Line Shirt (Y30130) | £55,https://www.next.co.uk/style/su769518/y30130#y30130
New In-1068532,Pour Moi Green/Pink Santa Monica Non-Wired Strapless Tankini (G42796) | £42,https://www.next.co.uk/style/su803410/g42796#g42796
New In-1068532,Love & Roses Burgundy Red Broderie Yoke Short Sleeve Blouse (V48942) | £38,https://www.next.co.uk/style/su994408/v48942#v48942
New In-1068532,River Island Blue Linen Blend Tailored Bomber Jacket (623386) | £69,https://www.next.co.uk/style/sv220487/623386#623386
New In-1068532,Lipsy Monochrome Animal Deer Print Jersey Ruched Blouson Midi Dress (G96641) | £52,https://www.next.co.uk/style/sv027770/g96641#g96641
New In-1068532,Lemon Yellow Jersey Balloon Trousers (G83080) | £28,https://www.next.co.uk/style/su946023/g83080#g83080
New In-1068532,Pavers White Wide Fit Elasticated Sandals (307470) | £40,https://www.next.co.uk/style/sv255711/307470#307470
New In-1068532,Love & Roses Blue Sleeveless Scallop Detail Blouse (G99700) | £36,https://www.next.co.uk/style/sv039328/g99700#g99700
New In-1068532,adidas originals Cream Polo Shirts (V37449) | £60,https://www.next.co.uk/style/su979872/v37449#v37449
New In-1068532,M&Co Blue Petite Spot Print Short Sleeve Dress (AH3543) | £40,https://www.next.co.uk/style/sv228959/ah3543#ah3543
New In-1068532,Cream/Pink Floral Swim Skirt Bikini Bottoms (G85623) | £26,https://www.next.co.uk/style/st808893/g85623#g85623
New In-1068532,BHOEM Black Seersucker Waisted Midi Sleeveless Dress (Y46225) | £59,https://www.next.co.uk/style/sv045591/y46225#y46225
New In-1068532,Lipsy Green Tropical Print Bardot Puff Sleeve Blouse (W11181) | £39,https://www.next.co.uk/style/su955391/w11181#w11181
New In-1068532,Friends Like These Mocha Brown Everyday Wide Leg Jeans (V58718) | £38,https://www.next.co.uk/style/su574766/v58718#v58718
New In-1068532,Friends Like These Cream/Black Check Flutter Sleeve Lace Detail V-Neck Midi Dress (Y23066) | £45,https://www.next.co.uk/style/su883218/y23066#y23066
New In-1068532,Reiss Taupe Nyla Leather Double Buckle Flatform Sandals (Y69540) | £170,https://www.next.co.uk/style/sv111885/y69540#y69540
New In-1068532,Love & Roses Chocolate Brown Tailored Balloon Trousers With Linen (Y41729) | £44,https://www.next.co.uk/style/sv032391/y41729#y41729
New In-1068532,Lipsy Red/Pink Gingham Check Print Strappy Shirred Midi Dress (H05746) | £46,https://www.next.co.uk/style/sv046610/h05746#h05746
New In-1068532,Chocolate Brown Lace Trim Satin Cami Top (G96228) | £22,https://www.next.co.uk/style/sv033632/g96228#g96228
New In-1068532,Nude Standard/Wide Fit Forever Comfort® Cross Strap Block Heel Shoes (Y37590) | £34,https://www.next.co.uk/style/su929471/y37590#y37590
New In-1068532,Love & Roses Ivory Tropical Print Roll Sleeve Button Through Shirt (V91541) | £36,https://www.next.co.uk/style/sv108970/v91541#v91541
New In-1068532,Friends Like These Berry Red Lace Detail One Shoulder Midi Dress (G30520) | £52,https://www.next.co.uk/style/sv086859/g30520#g30520
New In-1068532,Orange Soft Touch Cotton Rich Crew Neck Cardigan (V40445) | £20,https://www.next.co.uk/style/su983272/v40445#v40445
New In-1068532,Reiss Gold Annabelle Leather Link-Strap Stiletto Sandals (Y67312) | £158,https://www.next.co.uk/style/sv104916/y67312#y67312
New In-1068532,Love & Roses Dark Blue And Ivory Striped Cotton Rich Knitted Cardigan With Starfish Button Detail (Y84937) | £39,https://www.next.co.uk/style/su914521/y84937#y84937
New In-1068532,Cream/Yellow Vintage Floral Bandeau Ruched Leg Tummy Control Shaping Swimsuit (V51736) | £40,https://www.next.co.uk/style/su135493/v51736#v51736
New In-1068532,Threadbare Green Petite Drawstring Waist Tapered Leg Trousers (W03247) | £28,https://www.next.co.uk/style/sv141118/w03247#w03247
New In-1068532,B by Ted Baker Cotton Viscose Blend Beach Shorts (G42274) | £29,https://www.next.co.uk/style/sv116544/g42274#g42274
New In-1068532,Nike White Pink Smoke Run Defy Road Running Trainers (G78390) | £55,https://www.next.co.uk/style/su486743/g78390#g78390
New In-1068532,Cream/Navy Blue Sardine Gathered Tummy Control Bandeau Swimsuit (V56195) | £32,https://www.next.co.uk/style/su766611/v56195#v56195
New In-1068532,Bone Forever Comfort® Toe Thong Embellished Sandals (G39643) | £29,https://www.next.co.uk/style/su833389/g39643#g39643
New In-1068532,Love & Roses Navy Petite Broderie Short Sleeve T-Shirt (Y62411) | £26,https://www.next.co.uk/style/sv099612/y62411#y62411
New In-1068532,Lipsy Orange Jersey Lace Hem T-Shirt (Y35874) | £28,https://www.next.co.uk/style/su919608/y35874#y35874
New In-1068532,Lipsy Chocolate Brown Olive Tailored Welt Pocket Shorts (V40656) | £36,https://www.next.co.uk/style/su992771/v40656#v40656
New In-1068532,White Sparkle Capri Short Sleeve Crew Neck T-Shirt (Y32378) | £26,https://www.next.co.uk/style/su909836/y32378#y32378
New In-1068532,self. Charcoal Grey Wide Leg Joggers (Y56029) | £30,https://www.next.co.uk/style/sv033449/y56029#y56029
New In-1068532,Love & Roses Mid Blue Denim Look Embroidered Ruffle Detail Top (G93403) | £42,https://www.next.co.uk/style/sv017960/g93403#g93403
New In-1068532,Threadbare Cream Tailored Shorts with Polka Dot Satin Scarf Belt (Y89438) | £28,https://www.next.co.uk/style/sv150557/y89438#y89438
New In-1068532,Pink Hareem Balloon Leg Loungewear Trousers (G63654) | £28,https://www.next.co.uk/style/su963209/g63654#g63654
New In-1068532,White Pointelle Camisole Vest Top (V40423) | £24,https://www.next.co.uk/style/su983237/v40423#v40423
New In-1068532,M&Co Pink Crinkle Rayon Short Sleeve Blouse (AH1271) | £29,https://www.next.co.uk/style/sv223964/ah1271#ah1271
New In-1068532,Black Balloon Leg Tailored Trousers (V36289) | £38,https://www.next.co.uk/style/su984312/v36289#v36289
New In-1068532,Love & Roses Chocolate Brown Lace Detail Drop Waist Mini Dress (H04973) | £59,https://www.next.co.uk/style/sv044860/h04973#h04973
New In-1068532,Lipsy Red Collarless Cinched Waist Denim Jacket (G65485) | £46,https://www.next.co.uk/style/su855032/g65485#g65485
New In-1068532,Love & Roses Pink Studded Hammered Satin Vest (V53667) | £22,https://www.next.co.uk/style/sv020542/v53667#v53667
New In-1068532,Pink/Purple/Yellow Halter Neck Top (G83235) | £11,https://www.next.co.uk/style/sv245557/g83235#g83235
New In-1068532,Eleanor Bowmer Blue/Green Moon Star Triangle Bikini Top (V85150) | £28,https://www.next.co.uk/style/sv093609/v85150#v85150
New In-1068532,Friends Like These Olive Green Satin Short Sleeve Lace Blouse (G94343) | £34,https://www.next.co.uk/style/sv021544/g94343#g94343
New In-1068532,Reiss Neutral Sofia Flared Twill Seam-Detail Trousers (628694) | £150,https://www.next.co.uk/style/sv178084/628694#628694
New In-1068532,River Island White Palm Print Short Sleeve Cutwork Shirt (197845) | £42,https://www.next.co.uk/style/sv208295/197845#197845
New In-1068532,Chocolate Brown/Pink Stripe Supersoft Short Sleeve Open Neck Polo Top (V40436) | £21,https://www.next.co.uk/style/su983269/v40436#v40436
New In-1068532,Navy Crew Neck T-Shirt (G89995) | £6,https://www.next.co.uk/style/sv011349/g89995#g89995
New In-1068532,Pink Shirred Modal Scoop Neck Vest (W13895) | £18,https://www.next.co.uk/style/su909806/w13895#w13895
New In-1068532,Little Bird by Jools Oliver Yellow Pink Embroidery Oversized Crew Neck Sweatshirt (V99782) | £38,https://www.next.co.uk/style/su964559/v99782#v99782
New In-1068532,Light Pink Lace Ribbon Trim Cami Top (V50202) | £25,https://www.next.co.uk/style/sv014036/v50202#v50202
New In-1068532,Love & Roses Purple Tailored Colour Block Short Sleeve Fit And Flare Midi Dress (G97228) | £62,https://www.next.co.uk/style/sv029271/g97228#g97228
New In-1068532,Ecru/Fluro Stripe Soft Touch Chunky Knit Cardigan (V45689) | £44,https://www.next.co.uk/style/su769347/v45689#v45689
New In-1068532,Hush Dark Blue Liddie Air Flow Barrel Tank Dress (R54287) | £95,https://www.next.co.uk/style/sv002413/r54287#r54287
New In-1068532,adidas Originals Animal Satin Snake Print Football Top (G70224) | £55,https://www.next.co.uk/style/su976956/g70224#g70224
New In-1068532,River Island Black Raffia Metal Handle Clutch Bag (197974) | £36,https://www.next.co.uk/style/sv208298/197974#197974
New In-1068532,Phase Eight Red Elspeth Dress (E15589) | £139,https://www.next.co.uk/style/sv215417/e15589#e15589
New In-1068532,Threadbare Blue Twist Detail Slash Neck Maxi Dress (Y89439) | £34,https://www.next.co.uk/style/sv150410/y89439#y89439
New In-1068532,Chocolate Brown Forever Comfort® Round Toe Ballerina Shoes (V59856) | £24,https://www.next.co.uk/style/sv020730/v59856#v59856
New In-1068532,Aqua Blue/Lime Floral Bandeau Bubble Hem Playsuit (G87181) | £44,https://www.next.co.uk/style/sv007624/g87181#g87181
New In-1068532,Friends Like These Burgundy Red Asymmetric Cape Sleeveless Midi Dress (V59730) | £59,https://www.next.co.uk/style/sv018884/v59730#v59730
New In-1068532,River Island Brown Sleeveless Printed Asymmetric Drape Top (R47625) | £36,https://www.next.co.uk/style/sv248117/r47625#r47625
New In-1068532,Lipsy Orange Wide Leg Linen Blend Trousers (Y26140) | £34,https://www.next.co.uk/style/su892445/y26140#y26140
New In-1068532,White Floral Embroidered Jersey Short Sleeve Top (G87163) | £29,https://www.next.co.uk/style/sv007621/g87163#g87163
New In-1068532,Lipsy White Crochet Trim Detail Vest (393069) | £25,https://www.next.co.uk/style/sv201406/393069#393069
New In-1068532,Chocolate Brown Slim Fit Crew Neck T-Shirt (G90003) | £5,https://www.next.co.uk/style/sv011353/g90003#g90003
New In-1068532,The North Face Black Quest Mono Rain Jacket (V44266) | £115,https://www.next.co.uk/style/su990004/v44266#v44266
New In-1068532,Khaki Green Ditsy Floral Print Puff Sleeve Button Through Mini Dress (G60501) | £39,https://www.next.co.uk/style/su911259/g60501#g60501
New In-1068532,Love & Roses Orange Lace T-Shirt (G80562) | £29,https://www.next.co.uk/style/sv006954/g80562#g80562
New In-1068532,Red Tie Waist Wide Leg Trousers (V60531) | £29,https://www.next.co.uk/style/sv021662/v60531#v60531
New In-1068532,Mint Velvet Blue Denim Ruffle Maxi Shirt Dress (E34447) | £140,https://www.next.co.uk/style/sv230177/e34447#e34447
New In-1068532,Love & Roses Chocolate Brown V-Neck Striped Lurex Detail Knitted Top (V50488) | £32,https://www.next.co.uk/style/sv001605/v50488#v50488
New In-1068532,Friends Like These Coral Pink V-Neck Satin Vest Top (Y59873) | £23,https://www.next.co.uk/style/su820995/y59873#y59873
New In-1068532,Love & Roses x RHS Teal Blue Floral Printed Satin Jacquard Lace Trim Cami (V48951) | £34,https://www.next.co.uk/style/su999011/v48951#v48951
New In-1068532,Love & Roses Pink Scallop V-Neck Flute Sleeve Blouse (Y43109) | £29,https://www.next.co.uk/style/sv036170/y43109#y43109
New In-1068532,Friends Like These Cobalt Blue Short Sleeve Ruffle Metallic Midi Dress (Y36986) | £69,https://www.next.co.uk/style/sv018838/y36986#y36986
New In-1068532,Orange Daisy Button Crew Neck Knitted Cardigan (G74281) | £36,https://www.next.co.uk/style/su958081/g74281#g74281
New In-1068532,Chocolate Brown V-Neck Fitted T-Shirt (G83290) | £10,https://www.next.co.uk/style/su995294/g83290#g83290
New In-1068532,Dragon Diffusion Dark Brown Nantucket Big Basket (G66231) | £430,https://www.next.co.uk/style/su968353/g66231#g66231
New In-1068532,Gap Brown Modern V-Neck Vest (D34724) | £12,https://www.next.co.uk/style/sv186384/d34724#d34724
New In-1068532,Lipsy Neutral Touch Of Linen Sleeveless Utility Shirt (Y72826) | £36,https://www.next.co.uk/style/sv131239/y72826#y72826
New In-1068532,Live Unlimited Black Cotton Poplin Short Sleeve Maxi Shirtdress (N50098) | £89,https://www.next.co.uk/style/sv193233/n50098#n50098
New In-1068532,White Sculpted Short Sleeve T-Shirt (V49418) | £10,https://www.next.co.uk/style/su999604/v49418#v49418
New In-1068532,Never Fully Dressed Pink/Orange Mosaic Plunge Swimsuit with Tummy Control (Y72276) | £59,https://www.next.co.uk/style/sv123223/y72276#y72276
New In-1068532,Chocolate Brown Leather Mini Shoulder Bag (V70381) | £39,https://www.next.co.uk/style/sv009290/v70381#v70381
New In-1068532,Sosandar Pink Fleck Print Plisse Shift Dress (AD6081) | £79,https://www.next.co.uk/style/sv221675/ad6081#ad6081
New In-1068532,Friends Like These Chocolate Brown Flutter Sleeve Midi Dress (G60142) | £65,https://www.next.co.uk/style/su870619/g60142#g60142
New In-1068532,Monsoon Blue Alice Lace Peplum Midi Dress (308926) | £160,https://www.next.co.uk/style/sv210325/308926#308926
New In-1068532,Lipsy Neutral Stripe Halter Waistcoat (G74493) | £48,https://www.next.co.uk/style/su984496/g74493#g74493
New In-1068532,Rust Broderie Jersey Hanky Hem Bandeau Midi Dress (G87178) | £35,https://www.next.co.uk/style/sv008040/g87178#g87178
New In-1068532,Lipsy Blue Burnout Button Through Mini Short Sleeve Shirt Dress (Y70060) | £56,https://www.next.co.uk/style/sv114038/y70060#y70060
New In-1068532,Friends Like These Brown D Frame Sunglasses (G42713) | £13,https://www.next.co.uk/style/sv117628/g42713#g42713
New In-1068532,Lipsy Green Tropical Print Square Neck Cropped Top (W11178) | £34,https://www.next.co.uk/style/su955358/w11178#w11178
New In-1068532,Blue/Green Stripe Sleeveless Mesh Halterneck Top (G92327) | £24,https://www.next.co.uk/style/sv015215/g92327#g92327
New In-1068532,Yours Curve Black Full Length Loose Dungarees (D04897) | £34,https://www.next.co.uk/style/sv187801/d04897#d04897
New In-1068532,Threadbare Red Cotton Jersey Trapeze Maxi Dress (229532) | £30,https://www.next.co.uk/style/sv249965/229532#229532
New In-1068532,Love & Roses Dark Wash Denim Look Embroidered Tie Front Waistcoat (G74342) | £69,https://www.next.co.uk/style/su984541/g74342#g74342
New In-1068532,Love & Roses Ombre Geometric Flutter Sleeve Blouse (940698) | £39,https://www.next.co.uk/style/sv075959/940698#940698
New In-1068532,Mint Green Mosaic Conversational Brazilian Bikini Bottoms (G29764) | £15,https://www.next.co.uk/style/sv051872/g29764#g29764
New In-1068532,Light Blue Lightweight Denim Patch Pocket Shorts (V64670) | £32,https://www.next.co.uk/style/sv033481/v64670#v64670
New In-1068532,Star by Julien MacDonald Blue Shirt Dress (E54389) | £64,https://www.next.co.uk/style/sv229117/e54389#e54389
New In-1068532,Crocs Brown Adults Classic Clogs (V68988) | £50,https://www.next.co.uk/style/st359630/v68988#v68988
New In-1068532,adidas Originals Cream Snake Print Satin Shorts (M09141) | £35,https://www.next.co.uk/style/sv237588/m09141#m09141
New In-1068532,Friends Like These Brown/Pink Chiffon Cowl Neck Printed Midi Dress (Y36988) | £59,https://www.next.co.uk/style/sv018846/y36988#y36988
New In-1068532,Love & Roses Black Crochet Tie Front Kaftan (G35195) | £59,https://www.next.co.uk/style/su845986/g35195#g35195
New In-1068532,FatFace Sandown Bright Green Longline Chino Shorts (Y24238) | £44,https://www.next.co.uk/style/su807109/y24238#y24238
New In-1068532,Yumi Brown Polka Dot Mesh Skater Dress With Pockets (M06364) | £65,https://www.next.co.uk/style/sv237392/m06364#m06364
New In-1068532,Pour Moi Green/Pink Brief Free Spirit Bikini Bottoms (Y71078) | £22,https://www.next.co.uk/style/su706621/y71078#y71078
New In-1068532,FatFace Alma Black Paisley Petite Midi Dress (G58780) | £75,https://www.next.co.uk/style/su953842/g58780#g58780
New In-1068532,Love & Roses Black Lace Trim Flutter Sleeve V-Neck Top (G28359) | £24,https://www.next.co.uk/style/sv080405/g28359#g28359
New In-1068532,Love & Roses Black Tailored Short Sleeve Tie Front Top With Cornelli Embroidery (G90832) | £40,https://www.next.co.uk/style/sv032383/g90832#g90832
New In-1068532,Cyberjammies Purple Swan Print Short Nightdress (522667) | £29,https://www.next.co.uk/style/sv213496/522667#522667
New In-1068532,Blue Graphic Crew Neck T-Shirt (G89991) | £8,https://www.next.co.uk/style/sv011349/g89991#g89991
New In-1068532,Eleanor Bowmer Green/Blue Moon Star Tie Side Bikini Briefs (V85148) | £24,https://www.next.co.uk/style/sv093608/v85148#v85148
New In-1068532,Never Fully Dressed Brown Fawn Soho Dress (105484) | £129,https://www.next.co.uk/style/sv232390/105484#105484
New In-1068532,River Island Blue Short Sleeve Collared Boxy Denim Shirt (130990) | £39,https://www.next.co.uk/style/sv206520/130990#130990
New In-1068532,Reiss Chocolate Brown Danie Petite Denim Wide-Leg Jumpsuit (Y74557) | £240,https://www.next.co.uk/style/sv128317/y74557#y74557
New In-1068532,Love & Roses Red Animal Print Tie Neck Midi Tea Dress (G46363) | £59,https://www.next.co.uk/style/sv044862/g46363#g46363
New In-1068532,Love & Roses Cobalt Blue Broderie Notch Neck Blouse (G27217) | £42,https://www.next.co.uk/style/su924152/g27217#g27217
New In-1068532,Sage Green Hidden Support Vest Bra Top (Y05781) | £18,https://www.next.co.uk/style/sv148226/y05781#y05781
New In-1068532,Chocolate Brown Raffia Effect Hardware Cross-Body Bag (V54980) | £28,https://www.next.co.uk/style/sv008817/v54980#v54980
New In-1068532,Love & Roses V&A Green Floral Placement Print Crop Top (G82763) | £34,https://www.next.co.uk/style/su997983/g82763#g82763
New In-1068532,Lipsy Pink Metallic Sparkle Ladder Trim Crinkle Beach Cover Up Mini Skort (V78553) | £38,https://www.next.co.uk/style/sv074183/v78553#v78553
New In-1068532,Black Crew Neck T-Shirt (G89993) | £6,https://www.next.co.uk/style/sv011349/g89993#g89993
New In-1068532,Pink Embroidered Short Sleeve Shirt with Linen (G75143) | £35,https://www.next.co.uk/style/su984906/g75143#g75143
New In-1068532,Pink/Cream Horse Knitted Cardigan (V79954) | £50,https://www.next.co.uk/style/sv078848/v79954#v79954
New In-1068532,Nike Illusion Green Tempo Dri-FIT Running Vest (G76303) | £28,https://www.next.co.uk/style/su474654/g76303#g76303
New In-1068532,Ecru Texture Asymmetric Sleeveless Top (Y66820) | £24,https://www.next.co.uk/style/sv103716/y66820#y66820
New In-1068532,Friends Like These Chocolate Brown Textured Puff Sleeve Button Down Midi Dress (G99057) | £42,https://www.next.co.uk/style/sv034353/g99057#g99057
New In-1068532,Lipsy Cream Short Sleeve Utility Pocket Crochet Shirt (G27164) | £44,https://www.next.co.uk/style/sv078702/g27164#g27164
New In-1068532,Navy Whippet Pumpkin Cotton Long Sleeve Pyjamas (G92393) | £26,https://www.next.co.uk/style/sv244273/g92393#g92393
New In-1068532,Eleanor Bowmer Blue/Brown Triangle Bikini Top (G34054) | £28,https://www.next.co.uk/style/sv093604/g34054#g34054
New In-1068532,Pink/Orange Floral Print Halter Neck Top (V57871) | £29,https://www.next.co.uk/style/su911899/v57871#v57871
New In-1068532,Style Cheat Blue Jasmine One Shoulder Stripe Midi Dress (G40891) | £68,https://www.next.co.uk/style/sv109923/g40891#g40891
New In-1068532,Lipsy Pink Floral Off The Shoulder Gathered Waist Midi Dress (D44153) | £74,https://www.next.co.uk/style/su963828/d44153#d44153
New In-1068532,Grey Ribbed Thick Strap Vest (Y54045) | £9,https://www.next.co.uk/style/sv068821/y54045#y54045
New In-1068532,Lipsy Green Petite Lurex Floral Jacquard Halter Neck Maxi Dress (Y42134) | £65,https://www.next.co.uk/style/sv036187/y42134#y42134
