name,price,link
Glenlivet 56 Year Old Eternal Collection 2 Fredrikson Stallard,"43,000.00",https://www.whiskyshop.com/glenlivet-56yo-eternal-collection-2-fredrikson-stallard-42-6-70cl
Limited Springbank 1991 31 Year Old Connoisseur Collection,"1,800.00",https://www.whiskyshop.com/limited-springbank-1991-31-year-old-connoisseur-collection
Limited Glenrothes 1980 41 Year Old Connoisseur Collection,"1,600.00",https://www.whiskyshop.com/limited-glenrothes-1980-41-year-old-connoisseur-collection
Laphroaig The Wall Collection 39 Year Old Rope,"4,950.00",https://www.whiskyshop.com/laphroaig-the-wall-collection-39yo-rope-42-4-70cl
Glengoyne 38 Year Old Family Cask The Russell Family,sold out,https://www.whiskyshop.com/glengoyne-38yo-family-cask-56-8-70cl
Yamazaki 25 Year Old Mizunara Japanese Oak 2025 Release,"9,950.00",https://www.whiskyshop.com/yamazaki-25yo-mizunara-2025-release-48-70cl
Glenfarclas 70 Year Old,sold out,https://www.whiskyshop.com/glenfarclas-70yo-70cl
Laphroaig 38 Year Old Archive Collection,"4,100.00",https://www.whiskyshop.com/laphroaig-38-year-old-archive-collection
Midleton 50 Year Old Silent Distillery Chapter 6,"55,000.00",https://www.whiskyshop.com/midleton-50-year-old-silent-distillery-chapter-6
Highland Park 56 Year Old,sold out,https://www.whiskyshop.com/highland-park-56-year-old
Glenlivet 40 Year Old,"4,600.00",https://www.whiskyshop.com/glenlivet-40-year-old
Nikka Nine Decades 90th Anniversary,"2,500.00",https://www.whiskyshop.com/nikka-nine-decades-90th-anniversary
Port Ellen 1981 42 Year Old The Recollection Series 3 #290,"10,000.00",https://www.whiskyshop.com/port-ellen-1981-42-year-old-the-recollection-series-3-290
Glenlochy 1979 44 Year Old The Recollection Series 3 #3312,"4,000.00",https://www.whiskyshop.com/glenlochy-1979-44-year-old-the-recollection-series-3-3312
North Port 1981 42 Year Old The Recollection Series 3 #2072,"3,850.00",https://www.whiskyshop.com/north-port-1981-42-year-old-the-recollection-series-3-2072
Convalmore 1984 39 Year Old The Recollection Series 3 #1733,"2,300.00",https://www.whiskyshop.com/convalmore-1984-39-year-old-the-recollection-series-3-1733
Imperial 1990 33 Year Old The Recollection Series 3 #9825,"1,650.00",https://www.whiskyshop.com/imperial-1990-33-year-old-the-recollection-series-3-9825
Rosebank 1991 32 Year Old The Recollection Series 3 #2114,"2,100.00",https://www.whiskyshop.com/rosebank-1991-32-year-old-the-recollection-series-3-2114
Glenglassaugh 51 Year Old The Serpentine #1723,"10,635.00",https://www.whiskyshop.com/glenglassaugh-51-year-old-the-serpentine-1723
Glenglassaugh 50 Year Old The Serpentine #49,"9,248.00",https://www.whiskyshop.com/glenglassaugh-50-year-old-the-serpentine-49
Glenglassaugh 49 Year Old The Serpentine #5640,"8,330.00",https://www.whiskyshop.com/glenglassaugh-49-year-old-the-serpentine-5640
Glenglassaugh 48 Year Old The Serpentine #1863,"7,505.00",https://www.whiskyshop.com/glenglassaugh-48-year-old-the-serpentine-1863
Yamazaki 18 Year Old Mizunara Suntory Tsukuriwake 2024,"1,600.00",https://www.whiskyshop.com/yamazaki-18-year-old-mizunara-suntory-tsukuriwake-2024
Bushmills 1991 31 Year Old,"2,100.00",https://www.whiskyshop.com/bushmills-1991-31-year-old
Laphroaig 36 Year Old Archive Collection,"3,750.00",https://www.whiskyshop.com/laphroaig-36-year-old-archive-collection
Laphroaig 36 Year Old The Wall Peat,"4,500.00",https://www.whiskyshop.com/laphroaig-36-year-old-the-wall-peat
Hakushu 18 Year Old Peated Malt Suntory 100th Anniversary Release,"1,275.00",https://www.whiskyshop.com/hakushu-18-year-old-peated-malt-suntory-100th-anniversary-release
Macallan M Copper 2023,"6,999.00",https://www.whiskyshop.com/macallan-m-copper-2023
Hibiki 30 Year Old,"4,500.00",https://www.whiskyshop.com/hibiki-30-year-old-2021
Glenfiddich Gran Reserva 21 Year Old,187.00,https://www.whiskyshop.com/glenfiddich-gran-reserva-21-year-old
Loch Lomond Open Special Edition with 2 Glasses Gift Set 2026 Release,54.00,https://www.whiskyshop.com/loch-lomond-open-special-edition-with-2-glasses-gift-set-2026-46-70cl
Glen Scotia 12 Year Old Gift Pack,49.00,https://www.whiskyshop.com/glen-scotia-12yo-gift-pack-46-70cl
Lagg Manzanilla Cask,85.00,https://www.whiskyshop.com/lagg-manzanilla-cask-57-6-70cl
Arran 30 Year Old,695.00,https://www.whiskyshop.com/arran-30yo-46-70cl
Arran 14 Year Old,70.00,https://www.whiskyshop.com/arran-14yo-46-70cl
Glenallachie 19 Year Old Ex Solera Cask Matured,225.00,https://www.whiskyshop.com/glenallachie-19yo-ex-solera-cask-matured-50-70cl
Bunnahabhain 2005 20 Year Old Canasta Single Cask,275.00,https://www.whiskyshop.com/bunnahabhain-20yo-canasta-single-cask-53-8-70cl
Ardnahoe 6 Year Old Chairman's Selection,95.00,https://www.whiskyshop.com/ardnahoe-chairman-s-selection-70cl
Ardbeg Dolce,85.00,https://www.whiskyshop.com/ardbeg-dolce-47-8-70cl
Glenturret Eclosion,95.00,https://www.whiskyshop.com/glenturret-eclosion-46-2-70cl
Lochlea Red Wine Cask 2026 Release,55.00,https://www.whiskyshop.com/lochlea-red-wine-cask-2026-release-46-70cl
Signatory Vintage Glenallachie 2005 21 Year Old Symington's Choice #900273,212.00,https://www.whiskyshop.com/signatory-glenallachie-2005-21yo-symington-s-900273-60-2-70cl
Signatory Vintage Speyside 17 Year Old 100 Proof Exceptional Cask #16,85.00,https://www.whiskyshop.com/signatory-vintage-speyside-17yo-100-proof-exceptional-16-57-1-70cl
Edradour 2013 Burgundy 12 Year Old Small Batch,61.00,https://www.whiskyshop.com/edradour-2013-burgundy-12yo-small-batch-46-70cl
Signatory Vintage Ben Nevis 11 Year Old Tartan Army,45.00,https://www.whiskyshop.com/tartan-army-ben-nevis-11yo-46-70cl
Ardnamurchan AD/Tokaji Cask Release,68.00,https://www.whiskyshop.com/ardnamurchan-ad-tokaji-cask-release-52-70cl
Single Cask Nation Caol Ila 2014 11 Year Old #302261,87.00,https://www.whiskyshop.com/single-cask-nation-caol-ila-2014-11yo-302261-58-8-70cl
Laphroaig 14 Year Old Willem Dafoe,138.00,https://www.whiskyshop.com/laphroaig-willem-dafoe-14yo-53-7-70cl
Bunnahabhain 15 Year Old White Port Cask Finish 'An Cuan Garbh' Feis Ile 2026 Release,150.00,https://www.whiskyshop.com/bunnahabhain-15yo-white-port-70cl
Ledaig Castaway,65.00,https://www.whiskyshop.com/ledaig-castaway-61-1-70cl
Glenallachie 2009 17 Year Old Oloroso HHD #1426 Single Cask,215.00,https://www.whiskyshop.com/glenallachie-2009-oloroso-hhd-1426-single-cask-53-70cl
Kilchoman Loch Gorm 10 Year Old 2026 Edition,75.00,https://www.whiskyshop.com/kilchoman-loch-gorm-2026-46-70cl
Tartan Army 1998 Single Grain #701157,150.00,https://www.whiskyshop.com/tartan-army-north-british-1998-single-grain-50-8-70cl
Glenallachie 11 Year Old Palo Cortado Sherry Cask Finish,59.00,https://www.whiskyshop.com/glenallachie-11yo-palo-cortado-sherry-cask-finish-48-70cl
Edradour 2015 10 Year Old #428,115.00,https://www.whiskyshop.com/edradour-2015-60-428-tws-exclusive-70cl
Loch Lomond Open Course Collection 2006 19 Year Old 2026 Release,195.00,https://www.whiskyshop.com/loch-lomond-open-course-collection-19yo-2026-release-46-7-70cl
Loch Lomond The 154th Open Special Edition - Royal Birkdale - 2026 Release,49.00,https://www.whiskyshop.com/loch-lomond-open-special-edition-2026-release-46-70cl
Kilchoman Maury Cask Matured,70.00,https://www.whiskyshop.com/kilchoman-maury-cask-matured-50-70cl
Signatory Vintage Ben Nevis 2019 7 Year Old Heavily Peated 100 Proof Edition #75,49.00,https://www.whiskyshop.com/signatory-vintage-ben-nevis-2019-7yo-100-proof-75-57-1-70cl
First Editions Glentauchers 2012 13 Year Old HL22056,99.00,https://www.whiskyshop.com/first-edition-glentauchers-2012-13yo-46-70cl
First Editions Royal Brackla 2014 12 Year Old HL22055,99.00,https://www.whiskyshop.com/first-edition-royal-brackla-2014-12yo-46-70cl
First Editions Tamdhu 2014 11 Year Old HL22054,89.00,https://www.whiskyshop.com/first-edition-tamdhu-2014-11yo-46-70cl
First Editions Jura 2011 14 Year Old HL22053,99.00,https://www.whiskyshop.com/first-edition-jura-2011-14yo-46-70cl
First Editions Inchgower 2008 17 Year Old HL22052,115.00,https://www.whiskyshop.com/first-edition-inchgower-2008-17yo-46-70cl
Benromach 2014 Single Cask #488,99.00,https://www.whiskyshop.com/benromach-2014-single-cask-488-tws-exclusive-60-5-70cl
Bladnoch 2002 Select Cask #1050,295.00,https://www.whiskyshop.com/bladnoch-select-cask-tws-exclusive-70cl
Bruichladdich Micro Provenance 14 Year Old Single Cask #2308,210.00,https://www.whiskyshop.com/bruichladdich-micro-prov-14yo-2308-tws-exclusive-70cl
Bruichladdich 10 Year Old Old Skool,60.00,https://www.whiskyshop.com/bruichladdich-10yo-old-skool-50-70cl
Macallan 18 Year Old Double Cask 2026 Release,325.00,https://www.whiskyshop.com/macallan-18yo-double-cask-2026-release-43-70cl
Glen Scotia 7 Year Old Ruby Port Finish Campbeltown Festival 2026,59.00,https://www.whiskyshop.com/glen-scotia-7yo-ruby-port-finish-campbeltown-festival-2026-53-9-70cl
Dalmore 17 Year Old,170.00,https://www.whiskyshop.com/dalmore-17yo-42-70cl
Glengoyne 2010 Single Cask #1007,230.00,https://www.whiskyshop.com/glengoyne-2010-single-cask-1007-tws-exclusive-58-9-70cl
GlenAllachie 2014 Virgin Oak & Oloroso Cask Sinteis Series Part 3,76.00,https://www.whiskyshop.com/glenallachie-2014-virgin-oak-oloroso-cask-sinteis-part-3-57-4-70cl
Macallan 2007 18 Year Old Diamonds are forever,600.00,https://www.whiskyshop.com/macallan-diamonds-are-forever-lyra-45-5-70cl
Bunnahabhain Moine,36.00,https://www.whiskyshop.com/bunnahabhain-moine-46-3-70cl
SPEY Trutina 10 Year Old,55.00,https://www.whiskyshop.com/spey-10yo-70cl
Hirundine 12 Year Old,75.00,https://www.whiskyshop.com/hirundine-12yo-46-70cl
Thompson Bros Williamson 2010 15 Year Old,120.00,https://www.whiskyshop.com/thompson-bros-williamson-2010-15yo-57-1-70cl
Bruichladdich Bere Barley 2013,97.00,https://www.whiskyshop.com/bruichladdich-bere-barley-2013-70cl
Benriach 1994 31 Year Old Shades of Smoke,700.00,https://www.whiskyshop.com/benriach-1994-31yo-shades-of-smoke-48-1-70cl
Decadent Drams Balblair 2008 17 Year Old,175.00,https://www.whiskyshop.com/decadent-drams-balblair-2008-17yo-56-5-70cl
Cut Your Wolf Loose Clynelish 2010 15 Year Old,160.00,https://www.whiskyshop.com/cywl-highland-clynelish-2010-single-malt-57-2-70cl
Mystery Single Malt Series 5,65.00,https://www.whiskyshop.com/mystery-single-malt-series-5-46-3-70cl
Spey 12 Year Old Brume Doree Cask Strength,70.00,https://www.whiskyshop.com/spey-brume-doree-12yo-70cl
Macphails 15 Year Old,70.00,https://www.whiskyshop.com/macphails-15yo-40-70cl
Connoisseurs Choice Macduff 2009 15 Year Old #11901,130.00,https://www.whiskyshop.com/cc-macduff-25-006-2009-11901-70cl
Connoisseurs Choice Speyburn 2008 15 Year Old #552,130.00,https://www.whiskyshop.com/cc-speyburn-24-098-2008-60-3-552-70cl
CRN57 18 Year Old,79.00,https://www.whiskyshop.com/crn57-18yo-43-70cl
CRN57 25 Year Old,149.00,https://www.whiskyshop.com/crn57-25yo-43-70cl
CRN57 30 Year Old,299.00,https://www.whiskyshop.com/crn57-30yo-43-70cl
Single Cask Nation Teaninich 2009 15 Year Old #162425,95.00,https://www.whiskyshop.com/single-cask-nation-teaninich-2009-15yo-162425-57-70cl
Single Cask Nation Glen Grant 2006 18 Year Old #161544,116.00,https://www.whiskyshop.com/single-cask-nation-glen-grant-2006-18yo-161544-57-6-70cl
Single Cask Nation Longmorn 2009 16 Year Old #161695,105.00,https://www.whiskyshop.com/single-cask-nation-longmorn-2009-16yo-161695-57-70cl
Ardnamurchan AD/ Heritage Barley Release,70.00,https://www.whiskyshop.com/ardnamurchan-ad-heritage-barley-release-59-2-70cl
Discovery Tomatin 2011 Bourbon Cask Matured,55.00,https://www.whiskyshop.com/tomatin-2011-discovery-43-70cl
Glengoyne Cask Strength Batch 11,79.00,https://www.whiskyshop.com/glengoyne-cask-strength-batch-11-60-5-70cl
Bladnoch 16 Year Old,112.00,https://www.whiskyshop.com/bladnoch-16yo-46-7-70cl
Hogshead Blended Malt,35.00,https://www.whiskyshop.com/hogshead-blended-malt-43-70cl
Isle of Skye 30 Year Old Blend,299.00,https://www.whiskyshop.com/isle-of-skye-30yo-blend-40-70cl
Isle of Skye 25 Year Old Blend,249.00,https://www.whiskyshop.com/isle-of-skye-25yo-blend-40-70cl
Isle of Skye 21 Year Old Blend,109.00,https://www.whiskyshop.com/isle-of-skye-21yo-blend-40-70cl
Isle of Skye 12 Year Old Blend,33.00,https://www.whiskyshop.com/isle-of-skye-12yo-blend-40-70cl
The Six Isles Port Cask Finish Blended Malt,50.00,https://www.whiskyshop.com/six-isles-port-cask-finish-48-70cl
The Six Isles Voyager Blended Malt,42.00,https://www.whiskyshop.com/six-isles-voyager-blended-malt-46-70cl
Connoisseurs Choice Craigellachie 2009 16 Year Old #304606 25/014,130.00,https://www.whiskyshop.com/cc-craigellachie-2009-304606-25-014-60-1-70cl
Connoisseurs Choice Tormore 2006 17 year Old #703012 24/154,140.00,https://www.whiskyshop.com/cc-tormore-2006-703012-24-154-60-9-70cl
Connoissuers Choice Highland Park 2007 17 Year Old #5358 25/017,160.00,https://www.whiskyshop.com/cc-highland-park-2007-5358-25-017-59-9-70cl
Connoisseurs Choice Glenrothes 2009 16 Year Old #19602410,140.00,https://www.whiskyshop.com/cc-glenrothes-2009-19602410-55-5-70cl
Discovery Auchroisk 10 Year Old Bourbon Cask Matured,50.00,https://www.whiskyshop.com/discovery-auchroisk-10yo-bourbon-43-70cl
Bunnahabhain 21 Year Old Cask Strength 2025 Edition,275.00,https://www.whiskyshop.com/bunnahabhain-21yo-cask-strength-2025-edition-53-1-70cl
Hatozaki Triple Cask Reserve,62.00,https://www.whiskyshop.com/hatozaki-triple-cask-46-70cl
Royal Salute 26 Year Old Kingdom Edition Port Cask Finish,560.00,https://www.whiskyshop.com/royal-salute-26yo-kingdom-edition-port-cask-finish-70cl
Arran 10 Year Old Barley,63.00,https://www.whiskyshop.com/arran-10yo-barley-50-70cl
Inverdarach Ardgowan Open Day 2024 10 Year Old,80.00,https://www.whiskyshop.com/inverdarach-ardgowan-open-day-2025-10yo-56-70cl
Hinotori Single Malt,137.00,https://www.whiskyshop.com/hinotori-single-malt-45-70cl
Lochlea Red Wine Cask 2025 Release,55.00,https://www.whiskyshop.com/lochlea-red-wine-cask-2025-release-46-70cl
The Macallan 12 Year Old 110 Proof European Exclusive,125.00,https://www.whiskyshop.com/macallan-12yo-110-proof-exclusive-55-70cl
Glenmorangie Triple Cask Reserve,35.00,https://www.whiskyshop.com/glenmorangie-triple-cask-reserve
Torabhaig 2018 Single Cask #5797,125.00,https://www.whiskyshop.com/torabhaig-2018-5797-tws-exclusive-62-2-70cl
Bruichladdich 10 Year Old Micro Provenance #0065,110.00,https://www.whiskyshop.com/bruichladdich-10yo-micro-prov-0065-62-7-70cl
Arran 18 Year Old 2025 Release,137.00,https://www.whiskyshop.com/arran-18yo-2025-70cl
Nc'Nean Organic Quiet Rebels Simon,80.00,https://www.whiskyshop.com/nc-nean-quiet-rebels-simon-48-5-70cl
Jura 19 Year Old The Paps,66.00,https://www.whiskyshop.com/jura-19yo-the-paps-45-6-70cl
Clynelish 18 Year Old Special Release 2025,175.00,https://www.whiskyshop.com/clynelish-18yo-special-releases-2025-51-6-70cl
Teaninich 8 Year Old Special Release 2025,80.00,https://www.whiskyshop.com/teaninich-8yo-special-releases-2025-60-3-70cl
Oban 12 Year Old Special Release 2025,140.00,https://www.whiskyshop.com/oban-12yo-special-releases-2025-54-7-70cl
Singleton of Glen Ord 17 Year Old Special Release 2025,165.00,https://www.whiskyshop.com/singleton-of-glen-ord-17yo-special-releases-2025-55-5-70cl
Dailuaine 21 Year Old Special Release 2025,350.00,https://www.whiskyshop.com/dailuaine-21yo-special-releases-2025-54-3-70cl
Roseisle 14 Year Old Special Release 2025,145.00,https://www.whiskyshop.com/roseisle-14yo-special-release-2025-55-9-70cl
Fuji 50th Anniversary Edition Single Grain,500.00,https://www.whiskyshop.com/fuji-50th-anniversary-edition-single-grain-52-70cl
Tomatin 2014 10 Year Old Manzanilla Sherry Butts,62.00,https://www.whiskyshop.com/tomatin-2014-10yo-manzanilla-sherry-butts-46-70cl
Bunnahabhain 12 Year Old Cask Strength 2025 Edition,84.00,https://www.whiskyshop.com/bunnahabhain-12yo-cask-strength-2025-edition-56-4-70cl
The Whisky Shop Single Malt Scotch Whisky Advent Calendar 2025,99.00,https://www.whiskyshop.com/whisky-advent-calendar-2025
Old Malt Cask Speyburn 2007 18 Year Old HL21914,145.00,https://www.whiskyshop.com/omc-speyburn-2007-18yo-50-70cl
Macallan Rare Cask 2024 Release,315.00,https://www.whiskyshop.com/macallan-rare-cask-2024-release-43-70cl
Torabhaig Sound of Sleat Batch Strength,75.00,https://www.whiskyshop.com/torabhaig-sound-of-sleat-batch-strength-60-2-70cl
Glenmorangie 25 Year Old The Altus,499.00,https://www.whiskyshop.com/glenmorangie-25yo-the-altus-43-70cl
Johnnie Walker Black Ruby,36.00,https://www.whiskyshop.com/johnnie-walker-black-ruby-40-70cl
Johnnie Walker Blue Label x Rahul Mishra Limited Edition Design,230.00,https://www.whiskyshop.com/johnnie-walker-blue-label-rahul-mishra-2025-release-40-70cl
Kilchoman Machir Bay & 2 Tumbler Glass Gift Set,54.00,https://www.whiskyshop.com/kilchoman-machir-bay-2-tumbler-glass-gift-set
Glen Moray Warehouse 1 Tequila Cask Finish 10 Year Old Small Batch,85.00,https://www.whiskyshop.com/glen-moray-warehouse-1-tequila-cask-finish-55-2-70cl
Kilchoman 100% Islay 15th Edition,82.00,https://www.whiskyshop.com/kilchoman-100-islay-15th-edition-50-70cl
Single Cask Nation Ben Nevis 2012 12 Year Old #170023,92.00,https://www.whiskyshop.com/single-cask-nation-ben-nevis-2012-12yo-56-4-70cl
Single Cask Nation Glen Garioch 2011 14 Year Old #160444,85.00,https://www.whiskyshop.com/single-cask-nation-glen-garioch-2011-14yo-50-1-70cl
Single Cask Nation Glen Elgin 2007 17 Year Old #173287,99.00,https://www.whiskyshop.com/single-cask-nation-glen-elgin-2007-17yo-57-5-70cl
Single Cask Nation Glen Spey 2010 14 Year Old #162270,90.00,https://www.whiskyshop.com/single-cask-nation-glen-spey-2010-14yo-57-5-70cl
Scapa 21 Year Old,235.00,https://www.whiskyshop.com/scapa-21yo-48-70cl
Scapa 16 Year Old,100.00,https://www.whiskyshop.com/scapa-16yo-48-70cl
Scapa 10 Year Old,55.00,https://www.whiskyshop.com/scapa-10yo-48-70cl
Glenmorangie A Tale of Spices,72.00,https://www.whiskyshop.com/glenmorangie-a-tale-of-spices
Octomore 16.1,140.00,https://www.whiskyshop.com/octomore-16-1
Lochlea Single Estate Smoke Without Fire,50.00,https://www.whiskyshop.com/lochlea-single-estate-smoke-without-fire
Lochlea Single Estate Dark Briar,50.00,https://www.whiskyshop.com/lochlea-single-estate-dark-briar
Lochlea Single Estate Orchard & Oak,50.00,https://www.whiskyshop.com/lochlea-single-estate-orchard-oak
Connoisseurs Choice Upper Scapa 1988 34 Year Old #10586,"1,050.00",https://www.whiskyshop.com/cc-upper-scapa-1988-70cl
Connoisseurs Choice Glendullan 2004 20 Year Old #308795,160.00,https://www.whiskyshop.com/cc-glendullan-2004-70cl
Fettercairn Vanguard Collectable 1st Release,100.00,https://www.whiskyshop.com/fettercairn-vanguard-1st-release
Glenallachie 10 Year Old Cask Strength Batch 11,76.00,https://www.whiskyshop.com/glenallachie-10-year-old-cask-strength-batch-11
KinGlassie Raw 2017 8 Year Old,85.00,https://www.whiskyshop.com/kinglassie-raw-2017-8-year-old
Glengoyne 18 Year Old,125.00,https://www.whiskyshop.com/glengoyne-18-year-old-36995
Macallan 15 Year Old Double Cask 2025 Release,143.00,https://www.whiskyshop.com/macallan-15-year-old-double-cask-2025-release
Macallan 12 Year Old Double Cask 2025 Release,74.00,https://www.whiskyshop.com/macallan-12-year-old-double-cask-2025-release
Macallan 12 Year Old Sherry Oak Cask 2025 Release,82.00,https://www.whiskyshop.com/macallan-12-year-old-sherry-oak-cask-2025-release
Macallan The Harmony Collection 5 - Jing,152.00,https://www.whiskyshop.com/macallan-harmony-collection-5-jing
Glen Scotia 12 Year Old,45.00,https://www.whiskyshop.com/glen-scotia-12-year-old
Old Malt Cask Mortlach 2008 17 Year Old HL21830,149.00,https://www.whiskyshop.com/omc-mortlach-2008-17yo-50-70cl
Old Malt Cask Glengoyne 2008 16 Year Old PX Cask HL21829,129.00,https://www.whiskyshop.com/omc-glengoyne-2008-16yo-px-cask-50-70cl
First Editions Glen Garioch 2011 14 Year Old HL21827,110.00,https://www.whiskyshop.com/first-edition-glen-garioch-2011-14yo-70cl-46
First Editions Royal Brackla 2014 11 Year Old HL21823,99.00,https://www.whiskyshop.com/first-edition-royal-brackla-2014-11yo-46-70cl
Wolfburn 12 Year Old,70.00,https://www.whiskyshop.com/wolfburn-12yo-46-70cl
anCnoc Peated Sherry Cask,50.00,https://www.whiskyshop.com/ancnoc-peated-sherry-cask-40-70cl
100 Years of Scotland 6x3cl Whisky Gift Pack,65.00,https://www.whiskyshop.com/6x3cl-100-years-of-scotland-whisky-pack-complete
Arran Signature Series 3 Duero Discovery,85.00,https://www.whiskyshop.com/arran-signature-series-3-duero-discovery
Glendronach 21 Year Old 2025 Release,250.00,https://www.whiskyshop.com/glendronach-21-year-old-2025-release
Isle Of Raasay Arbikie Barley Special Release Unpeated,75.00,https://www.whiskyshop.com/isle-of-raasay-arbikiebarley-special-release-unpeated
Ardnamurchan AD/The Midgie Batch 2,54.00,https://www.whiskyshop.com/ardnamurchan-ad-the-midgie-batch-2
Inchdairnie KinGlassie 8 Year Old Double Matured,85.00,https://www.whiskyshop.com/inchdairnie-kinglassie-8-year-old-double-matured
Tamdhu 21 Year Old,299.00,https://www.whiskyshop.com/tamdhu-21yo-47-5-70cl
Torabhaig Sound of Sleat Legacy Series Chapter 4,67.00,https://www.whiskyshop.com/torabhaig-sound-of-sleat-legacy-series-chapter-4
Glenfiddich 14 Year Old Bourbon Cask,51.00,https://www.whiskyshop.com/glenfiddich-14yo-bourbon-cask-70cl
Dalmore Luminary No.3 17 Year Old 2025 Release,299.00,https://www.whiskyshop.com/dalmore-luminary-no-3-2025-edition-70cl
Graduation - Thank You Whisky Gift Pack 6x3cl,39.00,https://www.whiskyshop.com/6x3cl-lid-graduation-thank-you
Graduation - You Did It Whisky Gift Pack 6x3cl,39.00,https://www.whiskyshop.com/6x3cl-lid-graduation-you-did-it
Spey Chairman's Choice PX Sherry Cask,58.00,https://www.whiskyshop.com/spey-chairmans-choice-px-46-70cl
Bowmore 18 Year Old 2025 Release,125.00,https://www.whiskyshop.com/bowmore-18-year-old-2025-release
Bowmore 15 Year Old 2025 Release,79.00,https://www.whiskyshop.com/bowmore-15-year-old-2025-release
Bowmore 12 Year Old 2025 Release,41.00,https://www.whiskyshop.com/bowmore-12-year-old-2025-release
Bowmore 21 Year Old Sherry Oak,268.00,https://www.whiskyshop.com/bowmore-21-year-old-sherry-oak
SPEY Beinn Dubh,50.00,https://www.whiskyshop.com/spey-beinn-dubh
SPEY Fumare Cask Strength,65.00,https://www.whiskyshop.com/spey-fumare-cask-strength
SPEY Royal Choice,166.00,https://www.whiskyshop.com/spey-royal-choice
SPEY Trutina,49.00,https://www.whiskyshop.com/spey-trutina
SPEY Tenne,51.00,https://www.whiskyshop.com/spey-tenne
Edradour 2012 12 Year Old Pinot Noir Michael Eppan,63.00,https://www.whiskyshop.com/edradour-2012-12-year-old-pinot-noir-michael-eppan
Ardnahoe Bholsa,62.00,https://www.whiskyshop.com/ardnahoe-bholsa
Ardnamurchan AD/Madeira Cask Release 2025,67.00,https://www.whiskyshop.com/ardnamurchan-ad-madeira-cask-release-2025
Bowmore 18 Year Old Sherry Oak Cask,175.00,https://www.whiskyshop.com/bowmore-18-year-old-sherry-oak-cask
Bowmore 15 Year Old Sherry Oak Cask,109.00,https://www.whiskyshop.com/bowmore-15-year-old-sherry-oak-cask
Bowmore 12 Year Old Sherry Oak Cask,62.00,https://www.whiskyshop.com/bowmore-12-year-old-sherry-oak-cask
Spey 30 Year Old,"1,143.00",https://www.whiskyshop.com/spey-30-year-old
Port Charlotte SYC:01 10 Year Old,113.00,https://www.whiskyshop.com/port-charlotte-syc-01-10-year-old
The Kinship Laphroaig 25 Year Old Edition No.6,750.00,https://www.whiskyshop.com/34486-import
The Kinship Caol Ila 33 Year Old Edition No.4,600.00,https://www.whiskyshop.com/34484-import
The Loch Fyne Fynest Bunnahabhain 2005  18 Year Old #800466,125.00,https://www.whiskyshop.com/35216-import
Glenturret 7 Year Old Peat Smoke 2024 release,69.00,https://www.whiskyshop.com/glenturret-7-year-old-peat-smoke-2024-release
Glasgow 1770 Peated Whisky Crackers 5cl,11.00,https://www.whiskyshop.com/33702-import
Bladnoch 19 Year Old,196.00,https://www.whiskyshop.com/bladnoch-19-year-old
Christmas Spirit Wrapping Ripped Open 6x3cl Whisky Gift Pack,39.00,https://www.whiskyshop.com/36118-import
Whisky Christmas Tree 6x3cl Whisky Gift Pack,39.00,https://www.whiskyshop.com/36119-import
Valentines First Aid 6x3cl Whisky Gift Pack,35.00,https://www.whiskyshop.com/valentines-first-aid-gift-pack
Christmas Tipple Envelope 6x3cl Whisky Gift Pack,39.00,https://www.whiskyshop.com/36117-import
Bladnoch 8 Year Old,69.00,https://www.whiskyshop.com/bladnoch-8-year-old
Glendronach Ode To The Dark,72.00,https://www.whiskyshop.com/glendronach-ode-to-the-dark
Glendronach Ode To The Embers,61.00,https://www.whiskyshop.com/glendronach-ode-to-the-embers
Glendronach Ode To The Valley,58.00,https://www.whiskyshop.com/glendronach-ode-to-the-valley
Caisteal Chamuis 15 Year Old,89.00,https://www.whiskyshop.com/caisteal-chamuis-15-year-old-blended-malt-single-cask
Spey Trilogia,49.00,https://www.whiskyshop.com/spey-trilogia
Ardnamurchan A/D Gift Pack with Glasses,66.00,https://www.whiskyshop.com/ardnamurchan-a-d-gift-pack-with-glasses
Big Peat Blended Malt,36.00,https://www.whiskyshop.com/big-peat-blended-malt
Rock Island Blended Malt,42.00,https://www.whiskyshop.com/rock-island-blended-malt
Scallywag Blended Malt,42.00,https://www.whiskyshop.com/scallywag-blended-malt
Timorous Beastie Blended Malt,40.00,https://www.whiskyshop.com/timorous-beastie-blended-malt
The Epicurean Blended Malt,40.00,https://www.whiskyshop.com/the-epicurean-blended-malt
Arran Machrie Moor 10 Year Old,62.00,https://www.whiskyshop.com/arran-machrie-moor-10-year-old
Glenmorangie Original 12 Year Old,39.00,https://www.whiskyshop.com/glenmorangie-12-year-old
Spearhead Single Grain,36.00,https://www.whiskyshop.com/spearhead-single-grain
Glenrothes 15 Year Old,99.00,https://www.whiskyshop.com/glenrothes-15-year-old
Scottish Leader 50cl,23.00,https://www.whiskyshop.com/scottish-leader-50cl
A Christmas Treasure Secret Speyside 7 Year Old,49.00,https://www.whiskyshop.com/a-christmas-treasure-secret-speyside-7-year-old
Highland Park 18 Year Old,134.00,https://www.whiskyshop.com/highland-park-18-year-old-2024-release
Highland Park 15 Year Old,95.00,https://www.whiskyshop.com/highland-park-15-year-old
Highland Park 12 Year Old,41.00,https://www.whiskyshop.com/highland-park-12-year-old
Benriach Malting Season 2nd Edition,89.00,https://www.whiskyshop.com/benriach-malting-season-2nd-edition
Glen Moray Phoenix Rising,39.00,https://www.whiskyshop.com/glen-moray-phoenix-rising
Nc'nean Organic Cask Strength,68.00,https://www.whiskyshop.com/nc-nean-organic-cask-strength
Nc'nean Organic Quiet Rebels Amy,82.00,https://www.whiskyshop.com/nc-nean-organic-quiet-rebels-amy
Ardnahoe Infinite Loch,59.00,https://www.whiskyshop.com/ardnahoe-infinite-loch
Hakushu 18 Year Old Peated Suntory Tsukuriwake 2024,"1,250.00",https://www.whiskyshop.com/hakushu-18-year-old-peated-suntory-tsukuriwake-2024
Discovery Caol Ila 13 Year Old Single Malt,67.00,https://www.whiskyshop.com/discovery-caol-ila-13-year-old-single-malt
Discovery Glenrothes 11 Year Old Single Malt,67.00,https://www.whiskyshop.com/discovery-glenrothes-11-year-old-single-malt
Distillery Labels Ardmore 2003,132.00,https://www.whiskyshop.com/distillery-labels-ardmore-2003
Glendronach 12 Year Old,56.00,https://www.whiskyshop.com/glendronach-12-year-old-2024
Glendronach 15 Year Old,88.00,https://www.whiskyshop.com/glendronach-15-year-old-2024
The Hearach Oloroso Cask Matured,77.00,https://www.whiskyshop.com/the-hearach-oloroso-cask-matured
Loch Lomond 16 Year Old Waypoint Series Falls of Falloch,90.00,https://www.whiskyshop.com/loch-lomond-16-year-old-waypoint-series-falls-of-falloch
Whisky Works Quartermaster 11 Year Old,77.00,https://www.whiskyshop.com/whisky-works-quartermaster-11-year-old
Glendronach 18 Year Old 2024,197.00,https://www.whiskyshop.com/glendronach-18-year-old-2024
"Ardnamurchan AD/Mini Packs (Single Malt, Sherry, Maderia & Midgie) 4x5cl",31.00,https://www.whiskyshop.com/ardnamurchan-ad-mini-packs
1770 Glasgow Cognac Cask Finish Batch 2,66.00,https://www.whiskyshop.com/1770-glasgow-cognac-cask-finish-batch-2
Tomatin 12 Year Old Sherry Cask,63.00,https://www.whiskyshop.com/tomatin-12-year-old-sherry-cask
Antiquary 30 Year Old Sherry Cask Matured,279.00,https://www.whiskyshop.com/antiquary-30-year-old-sherry-cask-matured
Antiquary 21 Year Old Port Cask Matured,108.00,https://www.whiskyshop.com/antiquary-21-year-old-port-cask-matured
Antiquary 15 Year Old Claret Cask Matured,50.00,https://www.whiskyshop.com/antiquary-15-year-old-claret-cask-matured
Macallan 18 Year Old Sherry Oak 2024 Release,353.00,https://www.whiskyshop.com/macallan-18-year-old-sherry-oak-2024-release
House of Suntory Tsukuriwake 2024 Set,"3,500.00",https://www.whiskyshop.com/house-of-suntory-tsukuriwake-2024-set
Nc'Nean Huntress 2024 Orchard Cobbler,85.00,https://www.whiskyshop.com/nc-nean-huntress-2024-orchard-cobbler
Laphroaig 18 Year Old,174.00,https://www.whiskyshop.com/laphroaig-18-year-old-new
Balvenie A Collection of Curious Casks 18 Year Old French Pineau Cask Finish,299.00,https://www.whiskyshop.com/balvenie-a-collection-of-curious-casks-18-year-old-french-pineau-cask-finish
Balvenie A Collection of Curious Casks 14 Year Old American Bourbon Barrel,87.00,https://www.whiskyshop.com/balvenie-a-collection-of-curious-casks-14-year-old-american-bourbon-barrel
Kilchoman 2011 12 Year Old Oloroso Sherry,205.00,https://www.whiskyshop.com/kilchoman-2011-12-year-old-oloroso-sherry-single-cask-tws-exclusive
Fettercairn 16 Year Old,87.00,https://www.whiskyshop.com/fettercairn-16-year-old1
Elements of Islay Fireside,87.50,https://www.whiskyshop.com/elements-of-islay-fireside
Old Pulteney Harbour,37.00,https://www.whiskyshop.com/old-pulteney-harbour
Laphroaig Elements 2.0,177.00,https://www.whiskyshop.com/laphroaig-elements-2-0
Glengoyne White Oak,49.00,https://www.whiskyshop.com/glengoyne-white-oak
Kilchoman Batch Strength,57.00,https://www.whiskyshop.com/kilchoman-batch-strength
Ardbeg Spectacular,99.00,https://www.whiskyshop.com/ardbeg-spectacular
Stylish Whisky Mini William Wallace 10cl,30.00,https://www.whiskyshop.com/stylish-whisky-mini-william-wallace-10cl
Stylish Whisky Mini Robert The Bruce 10cl,30.00,https://www.whiskyshop.com/stylish-whisky-mini-robert-the-bruce-10cl
Benriach 1997 24 Year Old Single Cask Edition #14494,365.00,https://www.whiskyshop.com/benriach-1997-24-year-old-single-cask-edition-14494
Bladnoch Vinaya,59.00,https://www.whiskyshop.com/bladnoch-vinaya
Wildmoor 30 Year Old Rugged Coast Oloroso Blended Scotch Whisky,375.00,https://www.whiskyshop.com/wildmoor-30-year-old-rugged-coast-oloroso-blended-scotch-whisky
Wildmoor 23 Year Old Dark Moorland Oloroso Blended Scotch Whisky,165.00,https://www.whiskyshop.com/wildmoor-23-year-old-dark-moorland-oloroso-blended-scotch-whisky
Torabhaig The Legacy Series No.3 Cnoc Na Moine,74.00,https://www.whiskyshop.com/torabhaig-the-legacy-series-no-3-cnoc-na-moine
Inchdairnie Sample Room Range Pitkevy,61.00,https://www.whiskyshop.com/inchdairnie-sample-room-range-pitkevy
Inchdairnie Sample Room Range Balgonie,61.00,https://www.whiskyshop.com/inchdairnie-sample-room-range-balgonie
Inchdairnie Sample Room Range Leven,61.00,https://www.whiskyshop.com/inchdairnie-sample-room-range-leven
The Feering Early Harvest,65.00,https://www.whiskyshop.com/the-feering-early-harvest
Highland Park Cask Strength No.4,60.00,https://www.whiskyshop.com/highland-park-cask-strength-no-4
Bruichladdich 18 Year Old Re/Define,150.00,https://www.whiskyshop.com/bruichladdich-18-year-old-re-define
Glenrothes 18 Year Old 2024 Release,159.00,https://www.whiskyshop.com/glenrothes-18-year-old-2024-release
Port Askaig 8 Year Old,55.00,https://www.whiskyshop.com/port-askaig-8-year-old
Lagavulin 1997 Casks of Distinction 21 Year Old #1,"2,520.00",https://www.whiskyshop.com/lagavulin-1997-casks-of-distinction-21-year-old-1
Yamazaki Sherry Cask 2009 Inaugural Release,"6,384.00",https://www.whiskyshop.com/yamazaki-sherry-cask-2009-inaugural-release
Isle of Raasay Dun Cana Sherry Cask,85.00,https://www.whiskyshop.com/isle-of-raasay-dun-cana-sherry-cask
Dalmore Vintage 2005,383.00,https://www.whiskyshop.com/dalmore-vintage-2005
Glenturret 12 Year Old 2023 Release,82.00,https://www.whiskyshop.com/glenturret-12-year-old-2023
Glengoyne 2004 19 Year Old Single Cask #3594,325.00,https://www.whiskyshop.com/glengoyne-2004-19-year-old-single-cask-3594
Glenmorangie The Nectar 16 Year Old,69.00,https://www.whiskyshop.com/glenmorangie-the-nectar-16-year-old-35163
Laphroaig Elements 1.0,182.00,https://www.whiskyshop.com/laphroaig-elements-1-0
Dalmore Vintage 2008,168.00,https://www.whiskyshop.com/dalmore-vintage-2008
1770 Glasgow Signature Triple Pack 3x5cl,25.00,https://www.whiskyshop.com/1770-glasgow-signature-triple-pack-3x5cl
Torabhaig Allt Gleann Batch Strength,88.00,https://www.whiskyshop.com/torabhaig-allt-gleann-batch-strength
The Lakes Whiskymaker's Reserve No.7,94.00,https://www.whiskyshop.com/the-lakes-whiskymaker-s-reserve-no-7
Balblair 21 Year Old,299.00,https://www.whiskyshop.com/balblair-21-year-old
Clynelish 10 Year Old Special Release 2023,177.00,https://www.whiskyshop.com/clynelish-10-year-old-special-release-2023
Mortlach Special Release 2023,258.00,https://www.whiskyshop.com/mortlach-special-release-2023
The Hearach Isle of Harris Whisky,73.00,https://www.whiskyshop.com/the-hearach-isle-of-harris-whisky
Tamdhu Cigar Malt III Sherry Cask Matured Single Malt Whisky,215.00,https://www.whiskyshop.com/tamdhu-cigar-malt-3
Meikle Toir 5 Year Old The Chinquapin,43.00,https://www.whiskyshop.com/meikle-toir-5-year-old-the-chinquapin
Meikle Toir 5 Year Old The Sherry,43.00,https://www.whiskyshop.com/meikle-toir-5-year-old-the-sherry
Meikle Toir 5 Year Old The Original,43.00,https://www.whiskyshop.com/meikle-toir-5-year-old-the-original
Talisker Distillers Edition Double Matured,78.00,https://www.whiskyshop.com/talisker-distillers-edition-double-matured
Cragganmore Distillers Edition Double Matured,67.00,https://www.whiskyshop.com/cragganmore-distillers-edition-double-matured
Lagg Corriecravie,69.00,https://www.whiskyshop.com/lagg-corriecravie
Lagg Kilmory,57.00,https://www.whiskyshop.com/lagg-kilmory
Courvoisier Mizunara 2023,"2,200.00",https://www.whiskyshop.com/courvoisier-mizunara-2023
Wolfie's Blended Scotch Whisky,42.00,https://www.whiskyshop.com/wolfie-s-blended-scotch-whisky
Glengoyne 15 Year Old,79.00,https://www.whiskyshop.com/glengoyne-15-year-old
Bowmore 21 Year Old 2000s,"1,194.75",https://www.whiskyshop.com/bowmore-21-year-old-2000s
Dalmore 18 Year Old 2023 Release,323.00,https://www.whiskyshop.com/dalmore-18-year-old-2023-release
Balvenie Cask and Character 19 Year Old,317.00,https://www.whiskyshop.com/balvenie-cask-and-character-19-year-old
Tomatin 3x5cl Mini Pack,29.00,https://www.whiskyshop.com/tomatin-3x5cl-mini-pack
Glenglassaugh Portsoy Single Malt,75.00,https://www.whiskyshop.com/glenglassaugh-portsoy-single-malt
Glenglassaugh Sandend Single Malt,69.00,https://www.whiskyshop.com/glenglassaugh-sandend-single-malt
Glenglassaugh 12 Year Old Single Malt,53.00,https://www.whiskyshop.com/glenglassaugh-12-year-old-single-malt
Ardray Blended Scotch Whisky,57.00,https://www.whiskyshop.com/ardray-blended-scotch-whisky
Thanks for being my best man White & Black 6x3cl Whisky Pack,35.00,https://www.whiskyshop.com/thanks-for-being-my-best-man-white-black-6x3cl-whisky-pack
Thanks for being my best man Copper & Black 6x3cl Whisky Gift Pack,35.00,https://www.whiskyshop.com/thanks-for-being-my-best-man-copper-black-6x3cl-whisky-gift-pack
Thanks for being my best man Much Appreciated 6x3cl Whisky Gift Pack,35.00,https://www.whiskyshop.com/thanks-for-being-my-best-man-much-appreciated-6x3cl-whisky-gift-pack
Saw This & Thought of You Eye 6x3cl Whisky Gift Pack,35.00,https://www.whiskyshop.com/saw-this-thought-of-you-eye-6x3cl-whisky-gift-pack
Saw This & Thought of You Yellow 6x3cl Whisky Gift Pack,35.00,https://www.whiskyshop.com/saw-this-thought-of-you-yellow-6x3cl-whisky-gift-pack
Saw This & Hope You Like It 6x3cl Whisky Gift Pack,35.00,https://www.whiskyshop.com/saw-this-hope-you-like-it-6x3cl-whisky-gift-pack
World's Best Dad Ribbon Blue 6x3cl Whisky Gift Pack,35.00,https://www.whiskyshop.com/world-s-best-dad-ribbon-blue-6x3cl-whisky-gift-pack
Best Dad in the World Blue & Yellow 6x3cl Whisky Gift Pack,35.00,https://www.whiskyshop.com/best-dad-in-the-world-blue-yellow-6x3cl-whisky-gift-pack
World's Best Dad You're a legend Green 6x3cl Whisky Gift Pack,35.00,https://www.whiskyshop.com/world-s-best-dad-you-re-a-legend-green-6x3cl-whisky-gift-pack
Happy Father's Day Blue Diagonals 6x3cl Whisky Gift Pack,35.00,https://www.whiskyshop.com/happy-father-s-day-blue-diagonals-6x3cl-whisky-gift-pack
Happy Father's Day Blue & Gold 6x3cl Whisky Gift Pack,35.00,https://www.whiskyshop.com/happy-father-s-day-blue-gold-6x3cl-whisky-gift-pack
Happy Father's Day Gift Tag Blue 6x3cl Whisky Gift Pack,35.00,https://www.whiskyshop.com/happy-father-s-day-gift-tag-blue-6x3cl-whisky-gift-pack
Happy Father's Day You're a Superstar Blue 6x3cl Whisky Gift Pack,35.00,https://www.whiskyshop.com/happy-father-s-day-you-re-a-superstar-blue-6x3cl-whisky-gift-pack
Thank You For Everything Grey 6x3cl Whisky Gift Pack,35.00,https://www.whiskyshop.com/thank-you-for-everything-grey-6x3cl-whisky-gift-pack
Kilchoman Fino Sherry Cask Matured 2023,93.00,https://www.whiskyshop.com/kilchoman-fino-sherry-cask-matured-2023
Maclean's Nose Blended Whisky,41.00,https://www.whiskyshop.com/maclean-s-nose-blended-whisky
Port Charlotte Islay Barley 2014,87.00,https://www.whiskyshop.com/port-charlotte-islay-barley-2014-70cl
Glenmorangie Palo Cortado 12 Year Old,75.00,https://www.whiskyshop.com/glenmorangie-palo-cortado-12-year-old
InchDairnie RyeLaw Fife Single Grain Scotch Whisky,99.00,https://www.whiskyshop.com/inchdairnie-ryelaw-fife-single-grain-scotch-whisky
Deanston 15 Year Old Tequila Cask Finish,95.00,https://www.whiskyshop.com/deanston-15-year-old-tequila-cask-finish
The Singleton of Glen Ord 40 Year Old Cask Strength,"2,999.00",https://www.whiskyshop.com/the-singleton-of-glen-ord-40-year-old-cask-strength
Speyburn 18 Year Old,74.00,https://www.whiskyshop.com/speyburn-18-year-old
Noble Rebel Orchard Outburst Blended Malt,35.00,https://www.whiskyshop.com/noble-rebel-orchard-outburst-blended-malt
Noble Rebel Hazelnut Harmony Blended Malt,44.00,https://www.whiskyshop.com/noble-rebel-hazelnut-harmony-blended-malt
Fettercairn Warehouse 14,81.00,https://www.whiskyshop.com/fettercairn-warehouse-14
Thanks For Being My Best Man 6x3cl Whisky Gift Pack,35.00,https://www.whiskyshop.com/thanks-for-being-my-best-man-6x3cl-whisky-gift-pack
Hakushu 1982 Suntory Vintage Malt,"6,720.00",https://www.whiskyshop.com/hakushu-1982-suntory-vintage-malt
Karuizawa 2000 Single Sherry Cask #7550,"7,728.00",https://www.whiskyshop.com/karuizawa-2000-single-sherry-cask-7550
Karuizawa 1984 30 Year Old Noh Single Sherry Cask #3032,"11,928.00",https://www.whiskyshop.com/karuizawa-1984-30-year-old-noh-single-sherry-cask-3032
Macallan 1999 Easter Elchies 2012 13 Year Old,"7,896.00",https://www.whiskyshop.com/macallan-1999-easter-elchies-2012-13-year-old
Karuizawa 1984 Single Cask #7975 Cocktail Series,"6,384.00",https://www.whiskyshop.com/karuizawa-1984-single-cask-7975-cocktail-series
1770 Glasgow Triple Distilled Whisky,52.00,https://www.whiskyshop.com/1770-glasgow-triple-distilled-whisky
Happy New Year 6x3cl Whisky Gift Set,35.00,https://www.whiskyshop.com/happy-new-year-whisky-gift-set-6x3cl
Fill Me Up Christmas Whisky Gift Set 6x3cl,35.00,https://www.whiskyshop.com/fill-me-up-christmas-whisky-gift-set-6x3cl
Santa's Secret Christmas Whisky Gift Set 6x3cl,35.00,https://www.whiskyshop.com/santa-s-secret-christmas-whisky-gift-set-6x3cl
Tamdhu Miniature Pack 3x5cl,39.00,https://www.whiskyshop.com/tamdhu-miniature-pack-3x5cl
Nc'Nean Organic + Gift Tube 70cl,62.00,https://www.whiskyshop.com/nc-nean-organic-gift-tube
Springbank 1965 Local Barley 36 Year Old #7,"9,912.00",https://www.whiskyshop.com/springbank-1965-local-barley-36-year-old-7
Springbank 1964 Adelphi 32 Year Old,"6,903.00",https://www.whiskyshop.com/springbank-1964-adelphi-32-year-old
Ardbeg 24 Year Old 1965 Cadenhead's Sestante Italy,"5,376.00",https://www.whiskyshop.com/ardbeg-24-year-old-1965-cadenhead-s-sestante-italy
Compass Box Ultramarine Limited Edition,309.00,https://www.whiskyshop.com/compass-box-ultramarine-limited-edition
Glen Scotia Double Cask Rum Cask Finish,53.00,https://www.whiskyshop.com/glen-scotia-double-cask-rum-cask-finish
Dalmore Vintage 2003,360.00,https://www.whiskyshop.com/dalmore-vintage-2003
Yamazaki Mizunara 18 Year Old 2017 Release,"8,736.00",https://www.whiskyshop.com/yamazaki-mizunara-18-year-old-2017-release
Springbank 35 Year Old Millennium Limited Edition,"6,900.00",https://www.whiskyshop.com/springbank-35-year-old-millennium-limited-edition
Macallan 2003 Exceptional Cask #9064-03 2018 Release,"4,872.00",https://www.whiskyshop.com/macallan-2003-exceptional-cask-9064-03-2018-release
Macallan 2002 Exceptional Cask #2340-04 2018 Release,"5,544.00",https://www.whiskyshop.com/macallan-2002-exceptional-cask-2340-04-2018-release
Elements of Islay Cask Edit,59.00,https://www.whiskyshop.com/elements-of-islay-cask-edit
Elements of Islay Bourbon Cask,74.00,https://www.whiskyshop.com/elements-of-islay-bourbon-cask
Elements of Islay Sherry Cask,64.00,https://www.whiskyshop.com/elements-of-islay-sherry-cask
Arran Amarone Cask Finish,56.00,https://www.whiskyshop.com/arran-amarone-cask-finish
Aberfeldy 16 Year Old,73.00,https://www.whiskyshop.com/aberfeldy-16-year-old
Dewar's 12 Year Old,39.00,https://www.whiskyshop.com/dewars-special-reserve-12-year-old
Dewar's 8 Year Old Rum Cask Finish,39.00,https://www.whiskyshop.com/dewar-s-8-year-old-rum-cask-finish
Dewar's 8 Year Old Japanese Mizunara Cask Finish,35.00,https://www.whiskyshop.com/dewar-s-8-year-old-japanese-mizunara-cask-finish
Dewar's 8 Year Old Mezcal Cask Finish,39.00,https://www.whiskyshop.com/dewar-s-8-year-old-mezcal-cask-finish
Royal Brackla 18 Year Old,145.00,https://www.whiskyshop.com/royal-brackla-18-year-old
Aberfeldy 12 Year Old Gold Tin,52.00,https://www.whiskyshop.com/aberfeldy-12-year-old-gold-tin
Glenallachie 18 Year Old,139.00,https://www.whiskyshop.com/glenallachie-18-year-old
SMWS 116.17 (Yoichi) 1987 25 Year Old,"5,376.00",https://www.whiskyshop.com/smws-116-17-yoichi-1987-25-year-old
Springbank 45 Year Old Millennium Limited Edition,"9,993.75",https://www.whiskyshop.com/springbank-45-year-old-millennium-limited-edition
Springbank 30 Year Old Millennium Limited Edition,"8,064.00",https://www.whiskyshop.com/springbank-30-year-old-millennium-limited-edition
Springbank 25 Year Old Millennium Limited Edition,"4,368.00",https://www.whiskyshop.com/springbank-25-year-old-millennium-limited-edition
Hibiki 17 Year Old Kacho Fugetsu Limited Edition,"3,192.00",https://www.whiskyshop.com/hibiki-17-year-old-kacho-fugetsu-limited-edition
Karuizawa 1990 #679 Geisha,"9,744.00",https://www.whiskyshop.com/karuizawa-1990-679-geisha
Smokehead Unfiltered Single Malt,51.00,https://www.whiskyshop.com/smokehead-unfiltered-single-malt
Clydeside Stobcross,51.00,https://www.whiskyshop.com/clydeside-stobcross
Macallan 1981 Exceptional Cask #9780,"4,704.00",https://www.whiskyshop.com/macallan-1981-exceptional-cask-9780
Springbank 25 Year Old J. Archibald Mitchell,"3,529.68",https://www.whiskyshop.com/springbank-25-year-old-j-archibald-mitchell
Bowmore 30 Year Old Sea Dragon,"3,276.00",https://www.whiskyshop.com/bowmore-30-year-old-sea-dragon
Lochlea Our Barley,50.00,https://www.whiskyshop.com/lochlea-our-barley
Karuizawa 1984 Single Cask #7802 29 Year Old,"12,432.00",https://www.whiskyshop.com/karuizawa-1984-single-cask-7802-29-year-old
Port Ellen 1979 37 Year Old Goren's Whisky,"3,360.00",https://www.whiskyshop.com/port-ellen-1979-37-year-old-goren-s-whisky
Macallan 1980 Exceptional Cask #4063,"5,040.00",https://www.whiskyshop.com/macallan-1980-exceptional-cask-4063
Macallan The Coronation,"8,400.00",https://www.whiskyshop.com/macallan-the-coronation
Macallan 2005 Exceptional Cask #5223-10 2017 Release,"4,200.00",https://www.whiskyshop.com/macallan-2005-exceptional-cask-5223-10-2017-release
Macallan 10 Year Old (Full Proof) Giovinetti & Figli,"3,696.00",https://www.whiskyshop.com/macallan-10-year-old-full-proof-giovinetti-figli
Macallan 25 Year Old Sherry Oak Pre 2018,"5,040.00",https://www.whiskyshop.com/macallan-25-year-old-sherry-oak-pre-2018
Glenfarclas 15 Year Old Gift Pack (Glenfarclas 105 & 25 Year Old 5cl),93.00,https://www.whiskyshop.com/glenfarclas-15-year-old-gift-pack-glenfarclas-105-25-year-old-5cl
Ardnamurchan Single Malt 2022,63.00,https://www.whiskyshop.com/ardnamurchan-single-malt-2022
Springbank 24 Year Old 1966 Cask #442 Local Barley,"11,760.00",https://www.whiskyshop.com/springbank-24-year-old-1966-cask-442-local-barley
Macallan 1997 Easter Elchies 2010 13 Year Old,"6,384.00",https://www.whiskyshop.com/macallan-1997-easter-elchies-2010-13-year-old
Macallan 1996 Easter Elchies 2013 17 Year Old,"6,048.00",https://www.whiskyshop.com/macallan-1996-easter-elchies-2013-17-year-old
Yamazaki Tsukuriwake Series,"3,750.00",https://www.whiskyshop.com/yamazaki-tsukuriwake-series
Islay #3 13 Year Old Batch 5 That Boutique Whisky Company,175.00,https://www.whiskyshop.com/islay-3-13-year-old-batch-5-that-boutique-whisky-company
Sassenach Blended Whisky,94.95,https://www.whiskyshop.com/sassenach-blended-whisky
Caisteal Chamuis Blended Malt 12 Year Old,60.00,https://www.whiskyshop.com/caisteal-chamuis-blended-malt-12-year-old
Happy Father's Day (Green)  6x3cl Whisky Gift Set,35.00,https://www.whiskyshop.com/happy-father-s-day-green-6x3cl-whisky-gift-set
Happy Father's Day 6x3cl Whisky Gift Set,35.00,https://www.whiskyshop.com/happy-father-s-day-6x3cl-whisky-gift-set
World's Best Dad 6x3cl Whisky Gift Set,35.00,https://www.whiskyshop.com/world-s-best-dad-6x3cl-whisky-gift-set
The Legacy Collection 43 Year Old The Lost Estate,"1,199.00",https://www.whiskyshop.com/the-legacy-collection-43-year-old-the-lost-estate
Arran Barrel Reserve,35.00,https://www.whiskyshop.com/arran-barrel-reserve
Glendronach Port Wood,64.00,https://www.whiskyshop.com/glendronach-port-wood
1770 Glasgow Peated,52.00,https://www.whiskyshop.com/1770-glasgow-peated
1770 Glasgow Original Single Malt,47.50,https://www.whiskyshop.com/1770-glasgow-original-single-malt
Karuizawa Noh Multi-Vintage Batch #1 Kamiasobi - Matsukaze,"11,760.00",https://www.whiskyshop.com/karuizawa-noh-multi-vintage-batch-1-kamiasobi-matsukaze
Miltonduff 10 Year Old Gordon & MacPhail Discovery Series,48.00,https://www.whiskyshop.com/miltonduff-10-year-old-gordon-macphail-discovery-series
Karuizawa 1981 31 Year Old Single Cask #78 Prendre Le Rythme,"10,920.00",https://www.whiskyshop.com/karuizawa-1981-31-year-old-single-cask-78-prendre-le-rythme
Tamdhu 18 Year Old Sherry Cask Matured Single Malt Whisky,175.00,https://www.whiskyshop.com/tamdhu-18-year-old
Smokehead Sherry Blast,44.00,https://www.whiskyshop.com/smokehead-sherry-blast
Sheep Dip Blended Malt 5 Year Old,31.00,https://www.whiskyshop.com/sheep-dip-blended-malt-5-year-old
The Loch Fyne Acacia Honey Liqueur,39.00,https://www.whiskyshop.com/the-loch-fyne-honey-liqueur
Tomatin 18 Year Old,133.00,https://www.whiskyshop.com/tomatin-18-year-old
Chivas Regal 15 Year Old,43.00,https://www.whiskyshop.com/chivas-regal-15-year-old
Chivas Regal 13 Year Old,38.00,https://www.whiskyshop.com/chivas-regal-13-year-old
Happy Easter (Cracked Egg) Whisky Gift Pack,35.00,https://www.whiskyshop.com/happy-easter-cracked-egg-whisky-gift-pack
Easter Hunt Whisky Gift Pack,35.00,https://www.whiskyshop.com/easter-hunt-whisky-gift-pack
Happy Easter Eggs Whisky Gift Pack,35.00,https://www.whiskyshop.com/happy-easter-eggs-whisky-gift-pack
Happy Birthday (Light Blue) 6 Reasons Whisky Gift Pack,35.00,https://www.whiskyshop.com/happy-birthday-light-blue-6-reasons-whisky-gift-pack
Happy Birthday (Dark Blue) 6 Reasons Whisky Gift Pack,35.00,https://www.whiskyshop.com/happy-birthday-dark-blue-6-reasons-whisky-gift-pack
Cake Didn't Turn Out Whisky Gift Pack,35.00,https://www.whiskyshop.com/cake-didn-t-turn-out-whisky-gift-pack
Thanks For Everything Whisky Gift Pack,35.00,https://www.whiskyshop.com/thanks-for-everything-whisky-gift-pack
Thought Of You Whisky Gift Pack,35.00,https://www.whiskyshop.com/thought-of-you-whisky-gift-pack
Balvenie 16 Year Old French Oak,139.00,https://www.whiskyshop.com/balvenie-16-year-old-french-oak
Glenfarclas 10 Year Old Single Malt,45.00,https://www.whiskyshop.com/glenfarclas-10-year-old-single-malt
Glenfarclas 12 Year Old Single Malt,58.00,https://www.whiskyshop.com/glenfarclas-12-year-old-single-malt
Glenfarclas 15 Year Old,77.00,https://www.whiskyshop.com/glenfarclas-15-year-old-single-malt
Glenfarclas 105 Cask Strength,76.00,https://www.whiskyshop.com/glenfarclas-105-cask-strength
Spey Cast Decanter 12 Year Old,250.00,https://www.whiskyshop.com/spey-cast-decanter-12-year-old
Tomatin 14 Year Old,69.50,https://www.whiskyshop.com/tomatin-14-year-old
BenRiach 30 Year Old,549.00,https://www.whiskyshop.com/benriach-30-year-old
Tamdhu Distinction,64.00,https://www.whiskyshop.com/tamdhu-distinction
King's Inch Glasgow Single Malt,56.00,https://www.whiskyshop.com/king-s-inch-glasgow-single-malt
Winter Warmers Whisky Gift Set,35.00,https://www.whiskyshop.com/winter-warmers-whisky-gift-set
Not Socks Again Whisky Gift Set,35.00,https://www.whiskyshop.com/not-socks-again-whisky-gift-set
Naughty & Nice Whisky Gift Set - Blue,35.00,https://www.whiskyshop.com/naughty-nice-whisky-gift-set-blue
Fishing Tackle Whisky Gift Set,35.00,https://www.whiskyshop.com/fishing-tackle-whisky-gift-set
Christmas Bow Whisky Gift Set,35.00,https://www.whiskyshop.com/christmas-bow-whisky-gift-set
Cheers Christmas Whisky Gift Set,35.00,https://www.whiskyshop.com/cheers-christmas-whisky-gift-set
Boring Documents Whisky Gift Set,35.00,https://www.whiskyshop.com/boring-documents-whisky-gift-set
Bar Humbug Christmas Whisky Gift Set,35.00,https://www.whiskyshop.com/bar-humbug-christmas-whisky-gift-set
Johnnie Walker Director's Blend 2011,"3,500.00",https://www.whiskyshop.com/johnnie-walker-director-s-blend-2011
Torabhaig Allt Gleann Legacy,64.00,https://www.whiskyshop.com/torabhaig-allt-gleann-legacy
Stylish Whisky Barrel Single Malt Scotch Whisky Decanter with 2 Glasses,49.00,https://www.whiskyshop.com/stylish-whisky-barrel-single-malt-scotch-whisky-decanter-with-2-glasses
Darkness Strathisla 15 Year Old Moscatel Cask Finish,159.00,https://www.whiskyshop.com/darkness-strathisla-15-year-old-moscatel-cask-finish
Nc'nean Organic Single Malt,62.00,https://www.whiskyshop.com/nc-nean-organic-single-malt
Benromach 40 Year Old (2022 Release),"1,999.00",https://www.whiskyshop.com/benromach-40-year-old-2022-release
Westport 21 Year Old Batch 1 That Boutique-y Whisky Company,140.00,https://www.whiskyshop.com/westport-21-year-old-batch-1-that-boutique-y-whisky-company
Glengoyne 12 Year Old Time Keeper,61.00,https://www.whiskyshop.com/glengoyne-12-year-old-time-keeper
Glengoyne Time Capsule Pack 3x20cl,81.00,https://www.whiskyshop.com/glengoyne-time-capsule-pack-3x20cl
Glengoyne Time Capsule Miniature Pack 3x5cl,29.00,https://www.whiskyshop.com/glengoyne-time-capsule-miniature-pack-3x5cl
Loch Lomond 12 Year Old 20cl,24.00,https://www.whiskyshop.com/loch-lomond-12-year-old-20cl
Glen Scotia Double Cask 20cl,26.00,https://www.whiskyshop.com/glen-scotia-double-cask-20cl
Loch Lomond 12 Year Old & Glass 20cl,29.00,https://www.whiskyshop.com/loch-lomond-12-year-old-glass-20cl
Balblair 2006 #78,199.00,https://www.whiskyshop.com/balblair-2006-78
Loch Lomond Peated Single Grain,33.00,https://www.whiskyshop.com/loch-lomond-peated-single-grain
Laphroaig 10 Year Old Sherry Oak Finish,55.00,https://www.whiskyshop.com/laphroaig-10-year-old-sherry-oak-finish
Benriach 21 Year Old The Twenty One,162.00,https://www.whiskyshop.com/benriach-21-year-old-the-twenty-one
Ledaig Sinclair Series Rioja Cask Finish,46.00,https://www.whiskyshop.com/ledaig-sinclair-series-rioja-cask-finish
Benriach Smoke Season,49.00,https://www.whiskyshop.com/benriach-smoke-season
Tamdhu 15 Year Old Sherry Cask Matured Single Malt Whisky,95.00,https://www.whiskyshop.com/tamdhu-15-year-old
Tamdhu 12 Year Old Sherry Cask Matured Single Malt Whisky,51.00,https://www.whiskyshop.com/tamdhu-12-year-old
Glengoyne 12 Year Old,49.00,https://www.whiskyshop.com/glengoyne-12-year-old
Monkey Shoulder,32.00,https://www.whiskyshop.com/monkey-shoulder-70cl
Benromach 21 Year Old,157.00,https://www.whiskyshop.com/benromach-21-year-old
Compass Box Magic Cask,140.00,https://www.whiskyshop.com/compass-box-magic-cask
Black Bottle 10 Year Old,28.00,https://www.whiskyshop.com/black-bottle-10-year-old
Ardbeg Wee Beastie,34.00,https://www.whiskyshop.com/ardbeg-wee-beastie
Arran Port Wood Cask Finish,61.00,https://www.whiskyshop.com/arran-port-wood-cask-finish
Fettercairn 46 Year Old,"7,995.00",https://www.whiskyshop.com/fettercairn-46-year-old
Benriach The Smoky Ten,53.00,https://www.whiskyshop.com/benriach-the-smoky-ten
Benriach The Original Ten,40.00,https://www.whiskyshop.com/benriach-the-original-ten
Benriach The Smoky Twelve,62.00,https://www.whiskyshop.com/benriach-the-smoky-twelve
Benriach The Twelve,49.50,https://www.whiskyshop.com/benriach-the-twelve
The Glenlivet Spectra,119.00,https://www.whiskyshop.com/the-glenlivet-spectra
Ardbeg 1972 VELIER,"6,999.00",https://www.whiskyshop.com/ardbeg-1972-velier
Stylish Whisky Mini Nessie Decanter 10cl,30.00,https://www.whiskyshop.com/stylish-whisky-mini-nessie-decanter-10cl
Stylish Whisky Mini Piper Decanter 10cl,30.00,https://www.whiskyshop.com/stylish-whisky-mini-piper-decanter-10cl
Stylish Whisky Mini Golf Decanter 10cl,30.00,https://www.whiskyshop.com/stylish-whisky-mini-golf-decanter-10cl
Arran Sherry Cask The Bodega,74.00,https://www.whiskyshop.com/arran-sherry-cask-the-bodega
Arran Quarter Cask The Bothy,68.00,https://www.whiskyshop.com/arran-quarter-cask-the-bothy
Benromach 15 Year Old,90.00,https://www.whiskyshop.com/benromach-15-year-old
GlenAllachie 15 Year Old,76.00,https://www.whiskyshop.com/glenallachie-15-year-old
The Loch Fyne Pick 'n' Mix Gift Box,38.00,https://www.whiskyshop.com/the-loch-fyne-pick-n-mix-gift-box
Magnum Highland Cream Liqueur,29.00,https://www.whiskyshop.com/magnum-highland-cream-liqueur
Balblair 25 Year Old,495.00,https://www.whiskyshop.com/balblair-25-year-old
GlenAllachie 12 Year Old,54.00,https://www.whiskyshop.com/glenallachie-12-year-old
Stylish Whisky Golf Club Decanter 20cl,49.00,https://www.whiskyshop.com/stylish-whisky-golf-club-decanter-20cl
Pot Still Decanter with Tap & 2 Glasses,84.00,https://www.whiskyshop.com/pot-still-decanter-with-tap-2-glasses
Loch Lomond 12 Year Old Taster Pack,30.00,https://www.whiskyshop.com/loch-lomond-12-year-old-taster-pack
Loch Lomond Single Grain,30.00,https://www.whiskyshop.com/loch-lomond-single-grain
Loch Lomond Original,38.00,https://www.whiskyshop.com/loch-lomond-original
Piper Decanter,84.00,https://www.whiskyshop.com/piper-decanter
Macallan Private Eye,"8,568.00",https://www.whiskyshop.com/macallan-private-eye
Stylish Whisky Globe Decanter 20cl,49.00,https://www.whiskyshop.com/stylish-whisky-globe-decanter-20cl
Longrow Peated,53.00,https://www.whiskyshop.com/longrow-peated
Macallan Genesis,"4,536.00",https://www.whiskyshop.com/macallan-genesis
Kilchoman Sanaig,57.00,https://www.whiskyshop.com/kilchoman-sanaig
Balvenie The Week of Peat 14 Year Old,92.00,https://www.whiskyshop.com/balvenie-the-week-of-peat-14-year-old
Balvenie The Sweet Toast of American Oak 12 Year Old,49.00,https://www.whiskyshop.com/balvenie-the-sweet-toast-of-american-oak-12-year-old
Whisky Works King of Trees 10 Year Old,86.00,https://www.whiskyshop.com/whisky-works-king-of-trees-10-year-old
Tobermory 12 Year Old,42.00,https://www.whiskyshop.com/tobermory-12-year-old
Balblair 18 Year Old,125.00,https://www.whiskyshop.com/balblair-18-year-old
Balblair 15 Year Old,80.00,https://www.whiskyshop.com/balblair-15-year-old
Balblair 12 Year Old,56.00,https://www.whiskyshop.com/balblair-12-year-old
Compass Box The Spaniard,69.00,https://www.whiskyshop.com/compass-box-the-spaniard
Brora 30 year old 1st Release 2002 bottling,"4,290.00",https://www.whiskyshop.com/brora-30-year-old-1st-release-2002-bottling
Glenglassaugh Evolution,45.00,https://www.whiskyshop.com/glenglassaugh-evolution
Glen Scotia Victoriana,79.00,https://www.whiskyshop.com/glen-scotia-victoriana
Bell's Decanter 2012 - Robert Duff Bell,62.00,https://www.whiskyshop.com/bell-s-decanter-2012-robert-duff-bell
Laphroaig Select,46.00,https://www.whiskyshop.com/laphroaig-select
Royal Brackla 21 Years Old,248.00,https://www.whiskyshop.com/royal-brackla-21-years-old
Royal Brackla 12 Years Old,65.00,https://www.whiskyshop.com/royal-brackla-12-years-old
Scotland in a Box,85.00,https://www.whiskyshop.com/scotland-in-a-box
Stag's Breath,30.00,https://www.whiskyshop.com/stag-s-breath
Aberlour 16 Year Old,118.00,https://www.whiskyshop.com/aberlour-16-year-old
Singleton of Dufftown 15 Year Old,51.00,https://www.whiskyshop.com/singleton-of-dufftown-15-year-old
Talisker 10 year old 20cl,26.00,https://www.whiskyshop.com/talisker-10-year-old-20cl
Robert Burns Blend,34.00,https://www.whiskyshop.com/robert-burns-blend
Compass Box The Peat Monster,64.00,https://www.whiskyshop.com/compass-box-the-peat-monster
Knockando 12 year old,52.00,https://www.whiskyshop.com/knockando-12-year-old
The Glenlivet 12 Year Old,41.00,https://www.whiskyshop.com/the-glenlivet-12-year-old
Glenkinchie 12 year old 20cl,23.00,https://www.whiskyshop.com/glenkinchie-12-year-old-20cl
Dalwhinnie 15 Year Old 20cl,25.00,https://www.whiskyshop.com/dalwhinnie-15-year-old-20cl
Cragganmore 12 Year Old 20cl,24.00,https://www.whiskyshop.com/cragganmore-12-year-old-20cl
Chivas Regal 12 Year Old,39.00,https://www.whiskyshop.com/chivas-regal-12-year-old-whisky
Black Bottle,36.00,https://www.whiskyshop.com/black-bottle
anCnoc 16 year old,80.00,https://www.whiskyshop.com/ancnoc-16-year-old
Aberfeldy 21 Year Old,159.00,https://www.whiskyshop.com/aberfeldy-21-year-old
Teaninich 10 Year Old,67.00,https://www.whiskyshop.com/teaninich-10-year-old
Johnnie Walker Red Label,24.00,https://www.whiskyshop.com/johnnie-walker-red-label
Bell's Blended Scotch Whisky 20cl,9.00,https://www.whiskyshop.com/bell-s-blended-scotch-whisky-20cl
Aberlour Casg Annamh,74.00,https://www.whiskyshop.com/aberlour-casg-annamh
Compass Box Malt Whisky Collection,36.00,https://www.whiskyshop.com/compass-box-malt-whisky-collection
Monkey Shoulder Smokey Monkey,33.00,https://www.whiskyshop.com/monkey-shoulder-smokey-monkey
Fettercairn 12 Year Old,53.00,https://www.whiskyshop.com/fettercairn-12-year-old
Old Pulteney 15 Year Old,79.00,https://www.whiskyshop.com/old-pulteney-15-year-old
Old Pulteney Huddart,39.00,https://www.whiskyshop.com/old-pulteney-huddart
Port Charlotte 10 Year Old,69.00,https://www.whiskyshop.com/port-charlotte-10-year-old
Golf Ball on Tee with Tap,84.00,https://www.whiskyshop.com/golf-ball-on-tee-with-tap
Johnnie Walker Double Black,49.00,https://www.whiskyshop.com/johnnie-walker-double-black
Johnnie Walker Blue Label,179.00,https://www.whiskyshop.com/johnnie-walker-blue-label
Jura 18 Year Old,54.00,https://www.whiskyshop.com/jura-18-year-old
Jura Seven Wood,58.00,https://www.whiskyshop.com/jura-seven-wood
Bunnahabhain Toiteach A Dha,46.00,https://www.whiskyshop.com/bunnahabhain-toiteach-a-dha
Spice Tree,66.00,https://www.whiskyshop.com/spice-tree
Jura 12 Year Old,34.00,https://www.whiskyshop.com/jura-12-year-old
Dalmore Port Wood Reserve,74.00,https://www.whiskyshop.com/dalmore-port-wood-reserve
Shackleton Blended Malt Scotch,49.00,https://www.whiskyshop.com/shackleton-blended-malt-scotch
Bunnahabhain Stiuireadair,38.00,https://www.whiskyshop.com/bunnahabhain-stiuireadair
Globe Decanter & 4 Glasses,84.00,https://www.whiskyshop.com/globe-decanter-4-glasses
Barrel and 2 Glasses,84.00,https://www.whiskyshop.com/barrel-and-2-glasses
Auchentoshan Gift Pack 3 x 20cl,76.00,https://www.whiskyshop.com/auchentoshan-gift-pack-3-x-20cl
Barley Tap and 2 Glasses,84.00,https://www.whiskyshop.com/barley-tap-and-2-glasses
Laphroaig Lore,69.00,https://www.whiskyshop.com/laphroaig-lore
Ardbeg An Oa,57.00,https://www.whiskyshop.com/ardbeg-an-oa
Arran 10 Year Old,49.50,https://www.whiskyshop.com/arran-10-year-old
Glenglassaugh Torfa,59.00,https://www.whiskyshop.com/glenglassaugh-torfa
Caol Ila Moch,74.00,https://www.whiskyshop.com/caol-ila-moch
Talisker Skye,49.00,https://www.whiskyshop.com/talisker-skye
Loch Lomond Taster Pack,15.50,https://www.whiskyshop.com/loch-lomond-taster-pack
Glenfarclas 25 Year Old,300.00,https://www.whiskyshop.com/glenfarclas-25-year-old
Chivas Regal 18 Year Old,71.00,https://www.whiskyshop.com/chivas-regal-18-year-old
Aberlour 12 Year Old,45.00,https://www.whiskyshop.com/aberlour-12-year-old
Laphroaig Quarter Cask,47.00,https://www.whiskyshop.com/laphroaig-quarter-cask
Talisker Storm,49.00,https://www.whiskyshop.com/talisker-storm
Benromach 10 Year Old,49.50,https://www.whiskyshop.com/benromach-10-year-old
Loch Lomond Inchmoan 12 Year Old,42.00,https://www.whiskyshop.com/loch-lomond-inchmoan-12-year-old
Talisker Port Ruighe,66.00,https://www.whiskyshop.com/talisker-port-ruighe
Glen Scotia Taster Pack 3x5cl,28.00,https://www.whiskyshop.com/glen-scotia-taster-pack-3x5cl
Auchentoshan Three Wood,60.00,https://www.whiskyshop.com/auchentoshan-three-wood
Benromach Organic,51.00,https://www.whiskyshop.com/benromach-organic
Glenmorangie Signet,208.00,https://www.whiskyshop.com/glenmorangie-signet
Glen Garioch Founder's Reserve,58.00,https://www.whiskyshop.com/glen-garioch-founder-s-reserve
Dalmore King Alexander III,293.00,https://www.whiskyshop.com/dalmore-king-alexander-iii
Loch Lomond Inchmurrin 12 Year Old,56.00,https://www.whiskyshop.com/loch-lomond-inchmurrin-12-year-old
Cragganmore 12 Year Old,45.00,https://www.whiskyshop.com/cragganmore-12-year-old
Laphroaig 10 Year Old,44.00,https://www.whiskyshop.com/laphroaig-10-year-old
Highland Park 21 Year Old,225.00,https://www.whiskyshop.com/highland-park-21-year-old
Glenmorangie 14 Year Old Quinta Ruban,51.00,https://www.whiskyshop.com/glenmorangie-14-year-old-quinta-ruban
Glenfiddich 18 Year Old,99.00,https://www.whiskyshop.com/glenfiddich-18-year-old-small-batch
Dalmore Cigar Malt,104.00,https://www.whiskyshop.com/dalmore-cigar-malt
Bowmore 18 Year Old,139.00,https://www.whiskyshop.com/bowmore-18-year-old
Glen Scotia 15 Year Old,73.00,https://www.whiskyshop.com/glen-scotia-15-year-old
Glen Moray 18 Year Old,94.00,https://www.whiskyshop.com/glen-moray-18-year-old
Ledaig 18 Year Old,91.00,https://www.whiskyshop.com/ledaig-18-year-old
Speyburn 15 Year Old,67.00,https://www.whiskyshop.com/speyburn-15-year-old
Glenfiddich 15 Year Old,49.00,https://www.whiskyshop.com/glenfiddich-15-year-old-solera
Glen Moray 15 Year Old,67.00,https://www.whiskyshop.com/glen-moray-15-year-old
The Glenlivet 18 Year Old,100.00,https://www.whiskyshop.com/the-glenlivet-18-year-old
Craigellachie 17 year old,115.00,https://www.whiskyshop.com/craigellachie-17-year-old
Bruichladdich The Classic Laddie Scottish Barley,51.00,https://www.whiskyshop.com/bruichladdich-the-classic-laddie-scottish-barley
Balvenie 14 Year Old Caribbean Cask,71.00,https://www.whiskyshop.com/balvenie-14-year-old-caribbean-cask
Ardbeg Uigeadail,75.00,https://www.whiskyshop.com/ardbeg-uigeadail
Loch Lomond 18 Year Old,104.00,https://www.whiskyshop.com/loch-lomond-18-year-old
Glen Scotia Double Cask,39.00,https://www.whiskyshop.com/glen-scotia-double-cask
Glen Moray 12 Year Old,53.00,https://www.whiskyshop.com/glen-moray-12-year-old
Deanston 18 Year Old,89.00,https://www.whiskyshop.com/deanston-18-year-old
The Glenlivet 15 Year Old,74.00,https://www.whiskyshop.com/the-glenlivet-15-year-old
Lagavulin 16 Year Old,85.00,https://www.whiskyshop.com/lagavulin-16-year-old
Dalmore 15 Year Old,111.00,https://www.whiskyshop.com/dalmore-15-year-old
Bunnahabhain 12 Year Old,49.50,https://www.whiskyshop.com/bunnahabhain-12-year-old
Bruichladdich Islay Barley,61.00,https://www.whiskyshop.com/bruichladdich-islay-barley
Ardbeg Corryvreckan,83.00,https://www.whiskyshop.com/ardbeg-corryvreckan
Loch Lomond 12 Year Old,43.00,https://www.whiskyshop.com/loch-lomond-12-year-old
The Loch Fyne Chocolate & Orange Liqueur,39.00,https://www.whiskyshop.com/the-loch-fyne-chocolate-orange-liqueur
The Loch Fyne Blend,33.00,https://www.whiskyshop.com/the-loch-fyne-blend
Talisker 10 Year Old,47.00,https://www.whiskyshop.com/talisker-10-year-old
Singleton of Dufftown 12 Year Old,49.00,https://www.whiskyshop.com/singleton-of-dufftown-12-year-old
Old Pulteney 12 Year Old,48.00,https://www.whiskyshop.com/old-pulteney-12-year-old
Oban 14 Year Old,87.00,https://www.whiskyshop.com/oban-14-year-old
Ledaig 10 Year Old,40.00,https://www.whiskyshop.com/ledaig-10-year-old
Glenmorangie 18 Year Old,125.00,https://www.whiskyshop.com/glenmorangie-18-year-old
Glenfiddich 12 Year Old,46.00,https://www.whiskyshop.com/glenfiddich-12-year-old
Glen Garioch 12 Year Old,65.00,https://www.whiskyshop.com/glen-garioch-12-year-old
Deanston 12 Year Old,39.00,https://www.whiskyshop.com/deanston-12-year-old
Dalmore 12 Year Old,72.00,https://www.whiskyshop.com/dalmore-12-year-old
Craigellachie 13 Year Old,58.00,https://www.whiskyshop.com/craigellachie-13-year-old
Clynelish 14 Year Old,54.00,https://www.whiskyshop.com/clynelish-14-year-old
Balvenie 12 Year Old DoubleWood,54.00,https://www.whiskyshop.com/balvenie-12-year-old-doublewood
Ardbeg 10 Year Old,45.00,https://www.whiskyshop.com/ardbeg-10-year-old-whisky
anCnoc 12 Year Old,36.00,https://www.whiskyshop.com/ancnoc-12-year-old
Laphroaig 2013 12 Year Old Madeira Single Cask #1328,199.00,https://www.whiskyshop.com/laphroaig-12yo-madeira-single-cask-tws-exclusive-51-6-70cl
The Loch Fyne Fynest Bruichladdich 2004 20 Year Old #646,299.00,https://www.whiskyshop.com/the-loch-fyne-fynest-bruichladdich-2004-20-year-old-646
BBR Williamson 2010 15 Year Old #875005,139.00,https://www.whiskyshop.com/bbr-williamson-2010-15-year-old-875005-tws-exclusive
SPEY 2010 14 Year Old Port STR Cask,150.00,https://www.whiskyshop.com/spey-2010-14-year-old-port-str-cask-tws-exclusive
Loch Lomond 2015 9 Year Old #24/451-4,85.00,https://www.whiskyshop.com/loch-lomond-2015-9-year-old-tws-exclusive
The Loch Fyne Fynest Ben Nevis 1998 26 Year Old #1356,399.00,https://www.whiskyshop.com/loch-fyne-fynest-ben-nevis-26yo-1998-50-3-1356-70cl
The Loch Fyne Ben Nevis 2012 11 Year Old #1615,99.00,https://www.whiskyshop.com/loch-fyne-ben-nevis-11yo-2012-58-3-1615-50cl
Glen Scotia 2014 10 Year Old Single Cask #1680,99.00,https://www.whiskyshop.com/glen-scotia-2014-single-cask-1680-tws-exclusive-70cl
Old Malt Cask Tamdhu 16 Year Old PX Cask HL21828,129.00,https://www.whiskyshop.com/omc-tamdhu-16yo-px-cask-50-70cl
First Editions Jura 2011 13 Year Old HL21826,108.00,https://www.whiskyshop.com/first-edition-jura-2011-13yo-70cl-46
First Editions Glentauchers 2012 12 Year Old HL21825,99.00,https://www.whiskyshop.com/first-edition-glentauchers-2012-12yo-70cl-46
First Editions Ardmore 2013 11 Year Old HL21824,99.00,https://www.whiskyshop.com/first-edition-ardmore-2013-11yo-46-70cl
The Octave North British 2011 14 Year Old #5945964,75.00,https://www.whiskyshop.com/octave-north-british-14yo-2011-5945964-55-0-70cl
The Octave Bunnahabhain Peated 2014 10 Year Old #3845515,115.00,https://www.whiskyshop.com/octave-bunnahabhain-peated-10yo-2014-3845515-54-1-70cl
The Loch Fyne Bunnahabhain 2013 11 Year Old #900336,97.00,https://www.whiskyshop.com/loch-fyne-bunnahabhain-11yo-2013-65-2-900336-50cl
The Loch Fyne The Living Cask Batch 20,56.00,https://www.whiskyshop.com/loch-fyne-living-cask-batch-20-bottle-50cl
The Loch Fyne The Living Cask Batch 19,56.00,https://www.whiskyshop.com/loch-fyne-living-cask-batch-19-bottle-50cl
Ardnamurchan 2017 7 Year Old Single Cask #459,115.00,https://www.whiskyshop.com/ardnamurchan-2017-7-year-old-single-cask-tws-exclusive
Man O Sword 2015 Ex-bourbon Single Cask #483,79.00,https://www.whiskyshop.com/man-o-sword-ex-bourbon-single-cask-483-57-9-70cl
Ferguson Whisky Speyside 12 Year Old Single Cask #621912,95.00,https://www.whiskyshop.com/ferguson-speyside-12yo-single-cask-621911-55-7-70cl
Midge Whisky Gift Pack 6x3cl,39.00,https://www.whiskyshop.com/6x3cl-lid-midge
Loch Ness Whisky Gift Pack 6x3cl,39.00,https://www.whiskyshop.com/6x3cl-lid-nessie
The Loch Fyne Living Cask Batch 18,56.00,https://www.whiskyshop.com/the-loch-fyne-living-cask-batch-18
Hepburns Choice Ardmore 2013 9 Year Old,89.00,https://www.whiskyshop.com/34738-import
GlenDronach 1993 26 Year Old Single Cask #6584,499.00,https://www.whiskyshop.com/glendronach-1993-26-year-old-single-cask-6584
Whisky Defined Whisky Gift Pack 6x3cl,35.00,https://www.whiskyshop.com/whisky-defined-gift-pack
Old Malt Cask Glengoyne 2008 16 Year Old HL21478,147.00,https://www.whiskyshop.com/old-malt-cask-glengoyne-2008-16-year-old-hl21478
Lochlea Single Cask #752,90.00,https://www.whiskyshop.com/lochlea-single-cask-752-tws-exclusive
The Loch Fyne Fynest Craigellachie 2006 18 Year Old #900185,150.00,https://www.whiskyshop.com/the-loch-fyne-fynest-craigellachie-2006-18-year-old-900185
First Editions Royal Brackla 2011 12 Year Old HL20888,116.00,https://www.whiskyshop.com/first-editions-royal-brackla-2011-12-year-old-hl20888
The Loch Fyne Deanston 13 Year Old #997,109.00,https://www.whiskyshop.com/the-loch-fyne-deanston-13-year-old-997
First Editions Bunnahabhain 2008 15 Year Old Sherry Cask HL20898,149.00,https://www.whiskyshop.com/first-editions-bunnahabhain-2008-15-year-old-sherry-cask-hl20898
First Editions Glen Spey 2011 12 Year Old Sherry Cask HL20895,99.00,https://www.whiskyshop.com/first-editions-glen-spey-2011-12-year-old-sherry-cask-hl20895
The Octave Miltonduff 2011 13 Year Old #8342555,119.00,https://www.whiskyshop.com/the-octave-miltonduff-2011-13-year-old-8342555-tws-exclusive
The Octave Glenrothes 2012 12 Year Old #4941655,110.00,https://www.whiskyshop.com/the-octave-glenrothes-2012-12-year-old-4941655-tws-exclusive
Glenfarclas 8 Year Old 100 Proof  2024,88.00,https://www.whiskyshop.com/glenfarclas-8-year-old-100-proof-2024-tws-exclusive
Old Malt Cask Craigellachie 2008 16 Year Old,140.00,https://www.whiskyshop.com/old-malt-cask-craigellachie-2008-16-year-old
Old Malt Cask Jura 2007 15 Year Old HL21176,153.00,https://www.whiskyshop.com/old-malt-cask-jura-2007-15-year-old-hl21176
First Editions Benrinnes 2010 13 Year Old HL20946,119.00,https://www.whiskyshop.com/first-editions-benrinnes-2010-13-year-old-hl20946
First Editions Craigellachie 2007 16 Year Old Sherry Butt,167.00,https://www.whiskyshop.com/first-editions-craigellachie-2007-16-year-old-sherry-butt
The Loch Fyne Living Cask Batch 17,56.00,https://www.whiskyshop.com/the-loch-fyne-living-cask-batch-17
The Loch Fyne Craigellachie 2007 16 Year Old #900545,83.00,https://www.whiskyshop.com/the-loch-fyne-craigellachie-2007-16-year-old-900545
Hepburns Choice Tormore 2012 10 Year Old,88.00,https://www.whiskyshop.com/hepburns-choice-tormore-2012-10-year-old
Hepburn's Choice Aultmore 2010 12 Year Old,80.00,https://www.whiskyshop.com/hepburn-s-choice-aultmore-2010-12-year-old
Hepburn's Choice Benriach 2014 8 Year Old,95.00,https://www.whiskyshop.com/hepburn-s-choice-benriach-2014-8-year-old
Hepburn's Choice Ardmore 2010 12 Year Old,111.00,https://www.whiskyshop.com/hepburn-s-choice-ardmore-2010-12-year-old
The Octave Highland Park 2008 15 Year Old #5037703,166.00,https://www.whiskyshop.com/the-octave-highland-park-2008-15-year-old-5037703
Glenturret 10 Year Old Peated 2023 Release,69.00,https://www.whiskyshop.com/glenturret-10-year-old-peated-2023-release
Loch Fyne Fynest Glenrothes 2005 18 Year Old #261,150.00,https://www.whiskyshop.com/loch-fyne-fynest-glenrothes-18-year-old
Glendronach 1993 29 Year Old #6737,599.00,https://www.whiskyshop.com/glendronach-1993-29-year-old-6737
The Loch Fyne Knockdhu 12yo #3201,119.00,https://www.whiskyshop.com/the-loch-fyne-knockdhu-12yo-3201
The Loch Fyne Glenallachie 10 Year Old #33061,109.00,https://www.whiskyshop.com/the-loch-fyne-glenallachie-10-year-old-33061
Old Malt Cask Balmenach 2007 15 Year Old HL20291,144.00,https://www.whiskyshop.com/old-malt-cask-balmenach-2007-15-year-old-hl20291
Old Malt Cask Speyburn 2006 16 Year Old HL20298,129.00,https://www.whiskyshop.com/old-malt-cask-speyburn-2006-16-year-old-hl20298
The Loch Fyne Living Cask Batch 16,56.00,https://www.whiskyshop.com/the-loch-fyne-living-cask-batch-16
The Loch Fyne Living Cask Batch 15,56.00,https://www.whiskyshop.com/the-loch-fyne-living-cask-batch-15
The Loch Fyne Islay 9 Year Old #860,79.00,https://www.whiskyshop.com/the-loch-fyne-islay-9-year-old-860
The Loch Fyne Ben Nevis 10 Year Old #836,120.00,https://www.whiskyshop.com/the-loch-fyne-ben-nevis-10-year-old-836
The Single Cask Bunnahabhain 13 Year Old,199.50,https://www.whiskyshop.com/the-single-cask-bunnahabhain-13-year-old
Benromach 2007 Single Cask #137,140.00,https://www.whiskyshop.com/benromach-2007-137
Happy Birthday 9 6x3cl Whisky Gift Pack,35.00,https://www.whiskyshop.com/happy-birthday-9-6x3cl-whisky-gift-pack
Happy Birthday Multi Coloured Spots 6x3cl Whisky Gift Pack,35.00,https://www.whiskyshop.com/happy-birthday-multi-coloured-spots-6x3cl-whisky-gift-pack
Happy Birthday Best Wishes Orange 6x3cl Whisky Gift Pack,35.00,https://www.whiskyshop.com/happy-birthday-best-wishes-orange-6x3cl-whisky-gift-pack
Thank You Very Much Spots 6x3cl Whisky Gift Pack,35.00,https://www.whiskyshop.com/thank-you-very-much-spots-6x3cl-whisky-gift-pack
Thanks Much Appreciated Blue 6x3cl Whisky Gift Pack,35.00,https://www.whiskyshop.com/thanks-much-appreciated-blue-6x3cl-whisky-gift-pack
You're The Best Purple 6x3cl Whisky Gift Pack,35.00,https://www.whiskyshop.com/you-re-the-best-purple-6x3cl-whisky-gift-pack
Strathclyde 1987 35 Year Old The Sovereign HL19744,224.00,https://www.whiskyshop.com/strathclyde-1987-35-year-old-the-sovereign-hl19744
The Loch Fyne Fynest Springbank 2000 22 Year Old #663,453.00,https://www.whiskyshop.com/the-loch-fyne-fynest-springbank-22-year-old
The Loch Fyne Linkwood 8 Year Old 2022,77.00,https://www.whiskyshop.com/the-loch-fyne-linkwood-8-year-old-2022
The Loch Fyne Glen Elgin 14 Year Old 2022,87.00,https://www.whiskyshop.com/the-loch-fyne-glen-elgin-14-year-old-2022
The Loch Fyne Auchroisk 9 Year Old 2022,60.00,https://www.whiskyshop.com/the-loch-fyne-auchroisk-9-year-old-2022
Darkness Glenrothes 20 Year Old,173.00,https://www.whiskyshop.com/darkness-glenrothes-20-year-old
North Star Mannochmore 10 Year Old,74.00,https://www.whiskyshop.com/north-star-mannochmore-10-year-old
Cask Treasures Secret Grain 10 Year Old,57.00,https://www.whiskyshop.com/cask-treasures-secret-grain-10-year-old
Cask Treasures Glen Moray 2008 12 Year Old,67.00,https://www.whiskyshop.com/cask-treasures-glen-moray-2008-12-year-old
Spirit of Christmas Whisky Gift Set,35.00,https://www.whiskyshop.com/spirit-of-christmas-whisky-gift-set
Christmas Crackers Whisky Gift Set,35.00,https://www.whiskyshop.com/christmas-crackers-whisky-gift-set
BenRiach 12 Year Old #4830,105.00,https://www.whiskyshop.com/benriach-12-year-old-4830
GlenKeir Treasures Coimeasgadh Blended Malt,58.00,https://www.whiskyshop.com/glenkeir-treasures-coimeasgadh-blended-malt
The Loch Fyne Craigellachie 12 Year Old,90.00,https://www.whiskyshop.com/the-loch-fyne-craigellachie-12-year-old
Glenkeir Treasures Twin Casks Secret Highland 11 Year Old,73.00,https://www.whiskyshop.com/glenkeir-treasures-twin-casks-secret-highland-11-year-old
Glenkeir Treasures Twin Casks Secret Speyside 9 Year Old,70.00,https://www.whiskyshop.com/glenkeir-treasures-twin-casks-secret-speyside-9-year-old
The Loch Fyne The Living Cask Batch 7,54.00,https://www.whiskyshop.com/the-loch-fyne-the-living-cask-batch-7
The Loch Fyne Chocolate & Orange Liqueur 5cl,10.00,https://www.whiskyshop.com/the-loch-fyne-chocolate-orange-liqueur-5cl
The Loch Fyne Blend 5cl,10.00,https://www.whiskyshop.com/the-loch-fyne-blend-5cl
Old Malt Cask Highland Park 19 Year Old,328.00,https://www.whiskyshop.com/old-malt-cask-highland-park-19-year-old
The Loch Fyne The Living Cask 1745,86.00,https://www.whiskyshop.com/the-loch-fyne-the-living-cask-1745
The Loch Fyne Islay 12 Year Old 2023,99.00,https://www.whiskyshop.com/the-loch-fyne-islay-12-year-old-2023
Old Fashioned Cocktail Bundle,sold out,https://www.whiskyshop.com/old-fashioned-cocktail-bundle
