unique_id,pdp_url,competitor_name
00-89414,https://shop.billa.at/produkte/trauben-weiss-kernlos-0089414,Billa
00-431081,https://shop.billa.at/produkte/ja-natuerlich-apfel-tasse-rot-00431081,Billa
00-429155,https://shop.billa.at/produkte/plattpfirsiche-00429155,Billa
00-89280,https://shop.billa.at/produkte/clever-apfel-rot-0089280,Billa
00-405960,https://shop.billa.at/produkte/blaue-trauben-kernlos-00405960,Billa
00-804413,https://shop.billa.at/produkte/wunderlinge-aepfel-00804413,Billa
00-89316,https://shop.billa.at/produkte/clever-birnen-0089316,Billa
00-364527,https://shop.billa.at/produkte/da-komm-ich-her-gala-apfel-tasse-rot-00364527,Billa
00-89243,https://shop.billa.at/produkte/apfel-pink-lady-tasse-0089243,Billa
00-368890,https://shop.billa.at/produkte/ja-natuerlich-bio-apfel-topaz-gelegt-00368890,Billa
00-89581,https://shop.billa.at/produkte/da-komm-ich-her-mini-gala-apfel-0089581,Billa
00-401474,https://shop.billa.at/produkte/da-komm-ich-her-granny-smith-apfel-gelegt-neue-ernte-00401474,Billa
00-349026,https://shop.billa.at/produkte/da-komm-ich-her-gala-apfel-gelegt-00349026,Billa
00-89693,https://shop.billa.at/produkte/da-komm-ich-her-apfel-elstar-gelegt-0089693,Billa
00-89724,https://shop.billa.at/produkte/da-komm-ich-her-golden-delicious-apfel-0089724,Billa
00-405962,https://shop.billa.at/produkte/da-komm-ich-her-apfel-jonagold-00405962,Billa
00-764110,https://shop.billa.at/produkte/apfel-kanzi-tasse-00764110,Billa
00-411210,https://shop.billa.at/produkte/apfel-evelina-tasse-00411210,Billa
00-89188,https://shop.billa.at/produkte/ja-natuerlich-apfel-topaz-0089188,Billa
00-757907,https://shop.billa.at/produkte/clever-apfel-rot-00757907,Billa
00-879642,https://shop.billa.at/produkte/sanlucar-trauben-weiss-kernlos-00879642,Billa
00-879644,https://shop.billa.at/produkte/sanlucar-trauben-rot-kernlos-00879644,Billa
00-89323,https://shop.billa.at/produkte/birne-nashi-0089323,Billa
00-88130,https://shop.billa.at/produkte/da-komm-ich-her-erdbeeren-0088130,Billa
00-410755,https://shop.billa.at/produkte/himbeeren-00410755,Billa
00-89380,https://shop.billa.at/produkte/nektarinen-aus-italien-spanien-0089380,Billa
00-414440,https://shop.billa.at/produkte/kirschen-00414440,Billa
00-88135,https://shop.billa.at/produkte/marillen-0088135,Billa
00-89480,https://shop.billa.at/produkte/da-komm-ich-her-erdbeeren-0089480,Billa
00-593312,https://shop.billa.at/produkte/da-komm-ich-her-heidelbeeren-00593312,Billa
00-89382,https://shop.billa.at/produkte/nektarinen-gelegt-0089382,Billa
00-410808,https://shop.billa.at/produkte/sanlucar-plattpfirsiche-gelegt-00410808,Billa
00-89518,https://shop.billa.at/produkte/da-komm-ich-her-himbeeren-0089518,Billa
00-89390,https://shop.billa.at/produkte/pfirsich-gelegt-0089390,Billa
00-414705,https://shop.billa.at/produkte/brombeeren-00414705,Billa
00-88304,https://shop.billa.at/produkte/ja-natuerlich-pflaumen-0088304,Billa
00-410802,https://shop.billa.at/produkte/ja-natuerlich-himbeeren-00410802,Billa
00-89362,https://shop.billa.at/produkte/kirschen-lose-0089362,Billa
00-382586,https://shop.billa.at/produkte/sanlucar-himbeeren-heidelbeeren-mix-00382586,Billa
00-89378,https://shop.billa.at/produkte/da-komm-ich-her-marillen-0089378,Billa
00-89363,https://shop.billa.at/produkte/ja-natuerlich-kirschen-0089363,Billa
00-487469,https://shop.billa.at/produkte/trinkkokosnuss-easy-open-00487469,Billa
00-85141,https://shop.billa.at/produkte/sanlucar-heidelbeeren-0085141,Billa
00-89465,https://shop.billa.at/produkte/himbeeren-0089465,Billa
00-401506,https://shop.billa.at/produkte/ja-natuerlich-plattpfirsiche-00401506,Billa
00-411018,https://shop.billa.at/produkte/clever-pfirsiche-00411018,Billa
00-768912,https://shop.billa.at/produkte/clever-heidelbeeren-00768912,Billa
00-402489,https://shop.billa.at/produkte/ja-natuerlich-bananen-00402489,Billa
00-258074,https://shop.billa.at/produkte/clever-bananen-00258074,Billa
00-89103,https://shop.billa.at/produkte/sanlucar-bananen-0089103,Billa
00-490096,https://shop.billa.at/produkte/billa-bio-kiwi-00490096,Billa
00-307536,https://shop.billa.at/produkte/clever-avocado-00307536,Billa
00-725570,https://shop.billa.at/produkte/riesenkiwi-gold-zespri-00725570,Billa
00-402935,https://shop.billa.at/produkte/ja-natuerlich-datteln-00402935,Billa
00-410608,https://shop.billa.at/produkte/sanlucar-premium-avocado-essreif-00410608,Billa
00-89160,https://shop.billa.at/produkte/mango-0089160,Billa
00-89150,https://shop.billa.at/produkte/zespri-kiwi-gruen-essreif-0089150,Billa
00-89146,https://shop.billa.at/produkte/granatapfel-0089146,Billa
00-429156,https://shop.billa.at/produkte/passionsfrucht-00429156,Billa
00-385055,https://shop.billa.at/produkte/bio-kokosnuss-00385055,Billa
00-718087,https://shop.billa.at/produkte/sanlucar-passionsfrucht-00718087,Billa
00-743724,https://shop.billa.at/produkte/zespri-riesenkiwi-gruen-00743724,Billa
00-762307,https://shop.billa.at/produkte/clever-datteln-deglet-nour-mit-stein-00762307,Billa
00-773443,https://shop.billa.at/produkte/billa-riesenmango-00773443,Billa
00-775054,https://shop.billa.at/produkte/billa-bio-zitronen-00775054,Billa
00-779830,https://shop.billa.at/produkte/zespri-kiwi-gold-00779830,Billa
00-883478,https://shop.billa.at/produkte/billa-immer-gut-avocado-essreif-2-stk-00883478,Billa
00-883479,https://shop.billa.at/produkte/billa-bio-avocado-00883479,Billa
00-890363,https://shop.billa.at/produkte/clever-ananas-00890363,Billa
00-89118,https://shop.billa.at/produkte/sanlucar-wassermelone-kernarm-0089118,Billa
00-89161,https://shop.billa.at/produkte/riesenpapaya-formosa-0089161,Billa
00-89083,https://shop.billa.at/produkte/ja-natuerlich-orangen-0089083,Billa
00-89012,https://shop.billa.at/produkte/sanlucar-mandarinen-0089012,Billa
00-415755,https://shop.billa.at/produkte/sanlucar-zitronen-00415755,Billa
00-561102,https://shop.billa.at/produkte/billa-bio-limetten-00561102,Billa
00-431092,https://shop.billa.at/produkte/sanlucar-orangen-gelegt-00431092,Billa
00-89056,https://shop.billa.at/produkte/grapefruit-0089056,Billa
00-863863,https://shop.billa.at/produkte/sanlucar-zitronen-unbehandelt-00863863,Billa
00-867970,https://shop.billa.at/produkte/clever-zitronen-00867970,Billa
00-89479,https://shop.billa.at/produkte/ja-natuerlich-maroni-gegart-0089479,Billa
00-402495,https://shop.billa.at/produkte/ja-natuerlich-zucchini-00402495,Billa
00-443875,https://shop.billa.at/produkte/billa-bio-gurken-00443875,Billa
00-408966,https://shop.billa.at/produkte/da-komm-ich-her-gurke-00408966,Billa
00-89613,https://shop.billa.at/produkte/suppengruen-0089613,Billa
00-410646,https://shop.billa.at/produkte/da-komm-ich-her-paprika-tricolore-00410646,Billa
00-89614,https://shop.billa.at/produkte/ja-natuerlich-suppentasse-0089614,Billa
00-411113,https://shop.billa.at/produkte/da-komm-ich-her-paprika-rot-00411113,Billa
00-498544,https://shop.billa.at/produkte/ja-natuerlich-feldgurke-00498544,Billa
00-422619,https://shop.billa.at/produkte/ja-natuerlich-biohokkaidokuerbis-00422619,Billa
00-579260,https://shop.billa.at/produkte/ja-natuerlich-bio-spitzpaprika-rot-00579260,Billa
00-89717,https://shop.billa.at/produkte/lgv-mini-gurken-0089717,Billa
00-805088,https://shop.billa.at/produkte/da-komm-ich-her-rispenparadeiser-resi-00805088,Billa
00-415856,https://shop.billa.at/produkte/clever-zucchini-00415856,Billa
00-409241,https://shop.billa.at/produkte/da-komm-ich-her-kohlrabi-00409241,Billa
00-444674,https://shop.billa.at/produkte/billa-bio-ingwer-00444674,Billa
00-321422,https://shop.billa.at/produkte/ja-natuerlich-fenchel-00321422,Billa
00-89800,https://shop.billa.at/produkte/karfiol-0089800,Billa
00-89723,https://shop.billa.at/produkte/da-komm-ich-her-lauch-0089723,Billa
00-403137,https://shop.billa.at/produkte/da-komm-ich-her-paprika-gelb-00403137,Billa
00-579257,https://shop.billa.at/produkte/ja-natuerlich-minigurken-00579257,Billa
00-443874,https://shop.billa.at/produkte/billa-bio-paprika-00443874,Billa
00-89847,https://shop.billa.at/produkte/lgv-mini-san-marzano-tomaten-0089847,Billa
00-89508,https://shop.billa.at/produkte/da-komm-ich-her-radieschen-bund-0089508,Billa
00-804464,https://shop.billa.at/produkte/wunderlinge-karotten-00804464,Billa
00-579303,https://shop.billa.at/produkte/ja-natuerlich-biopremium-kirschtomaten-00579303,Billa
00-89793,https://shop.billa.at/produkte/da-komm-ich-her-weisskraut-0089793,Billa
00-443876,https://shop.billa.at/produkte/billa-bio-mini-paprika-00443876,Billa
00-407971,https://shop.billa.at/produkte/knollenknoblauch-00407971,Billa
00-89009,https://shop.billa.at/produkte/clever-knoblauch-0089009,Billa
00-865034,https://shop.billa.at/produkte/ja-natuerlich-sellerie-00865034,Billa
00-89104,https://shop.billa.at/produkte/da-komm-ich-her-paprika-gruen-0089104,Billa
00-401263,https://shop.billa.at/produkte/ja-natuerlich-lauch-00401263,Billa
00-576940,https://shop.billa.at/produkte/da-komm-ich-her-stangensellerie-00576940,Billa
00-409484,https://shop.billa.at/produkte/ja-natuerlich-karotten-mix-00409484,Billa
00-410693,https://shop.billa.at/produkte/da-komm-ich-her-chicoree-00410693,Billa
00-410232,https://shop.billa.at/produkte/da-komm-ich-her-snack-radieschen-00410232,Billa
00-435519,https://shop.billa.at/produkte/ja-natuerlich-rucola-00435519,Billa
00-514852,https://shop.billa.at/produkte/ja-natuerlich-snackkarotten-00514852,Billa
00-410633,https://shop.billa.at/produkte/da-komm-ich-her-melanzani-00410633,Billa
00-405669,https://shop.billa.at/produkte/ja-natuerlich-pastinaken-00405669,Billa
00-400795,https://shop.billa.at/produkte/da-komm-ich-her-spitzpaprika-00400795,Billa
00-409240,https://shop.billa.at/produkte/da-komm-ich-her-paprika-orange-00409240,Billa
00-405006,https://shop.billa.at/produkte/ja-natuerlich-mini-paprika-00405006,Billa
00-682119,https://shop.billa.at/produkte/da-komm-ich-her-weisskraut-geteilt-00682119,Billa
00-917691,https://shop.billa.at/produkte/ja-natuerlich-peterwurzen-00917691,Billa
00-89802,https://shop.billa.at/produkte/kohl-0089802,Billa
00-298684,https://shop.billa.at/produkte/die-grillerei-grillmais-00298684,Billa
00-89692,https://shop.billa.at/produkte/knoblauch-0089692,Billa
00-729496,https://shop.billa.at/produkte/da-komm-ich-her-ochsenherzparadeiser-00729496,Billa
00-429102,https://shop.billa.at/produkte/clever-spitzpaprika-weiss-00429102,Billa
00-414102,https://shop.billa.at/produkte/da-komm-ich-her-bierrettich-00414102,Billa
00-750771,https://shop.billa.at/produkte/da-komm-ich-her-fruehkraut-00750771,Billa
00-392509,https://shop.billa.at/produkte/da-komm-ich-her-chicoree-rot-00392509,Billa
00-352561,https://shop.billa.at/produkte/ja-natuerlich-spitzpaprika-rot-00352561,Billa
00-407681,https://shop.billa.at/produkte/ja-natuerlich-karotten-00407681,Billa
00-339602,https://shop.billa.at/produkte/ja-natuerlich-bio-spitzpaprika-bunt-00339602,Billa
00-500504,https://shop.billa.at/produkte/da-komm-ich-her-kren-00500504,Billa
00-575199,https://shop.billa.at/produkte/ja-natuerlich-bio-zuckermais-vorgegart-00575199,Billa
00-705790,https://shop.billa.at/produkte/clever-champignons-00705790,Billa
00-404427,https://shop.billa.at/produkte/kohl-12-00404427,Billa
00-407047,https://shop.billa.at/produkte/spinat-00407047,Billa
00-408297,https://shop.billa.at/produkte/knollensellerie-geschnitten-00408297,Billa
00-488019,https://shop.billa.at/produkte/ja-natuerlich-gelbe-rueben-00488019,Billa
00-737606,https://shop.billa.at/produkte/clever-suppengemuese-00737606,Billa
00-737608,https://shop.billa.at/produkte/suppengemuese-00737608,Billa
00-749472,https://shop.billa.at/produkte/zeiler-cherrytomaten-frieda-00749472,Billa
00-761022,https://shop.billa.at/produkte/billa-brokkoli-00761022,Billa
00-777498,https://shop.billa.at/produkte/ja-natuerlich-spitzkraut-00777498,Billa
00-779823,https://shop.billa.at/produkte/da-komm-ich-her-champignons-braun-00779823,Billa
00-830021,https://shop.billa.at/produkte/clever-karotten-00830021,Billa
00-868202,https://shop.billa.at/produkte/da-komm-ich-her-karotten-00868202,Billa
00-870262,https://shop.billa.at/produkte/billa-frisee-salat-00870262,Billa
00-89815,https://shop.billa.at/produkte/spitzpaprika-rot-0089815,Billa
00-89532,https://shop.billa.at/produkte/da-komm-ich-her-erdaepfel-speckig-0089532,Billa
00-407972,https://shop.billa.at/produkte/da-komm-ich-her-jungzwiebel-00407972,Billa
00-89521,https://shop.billa.at/produkte/ja-natuerlich-salaterdaepfel-festkochend-0089521,Billa
00-804458,https://shop.billa.at/produkte/wunderlinge-erdaepfel-00804458,Billa
00-429158,https://shop.billa.at/produkte/da-komm-ich-her-heurige-erdaepfel-vorwiegend-festkochend-00429158,Billa
00-490089,https://shop.billa.at/produkte/billa-bio-suesskartoffeln-lose-00490089,Billa
00-481676,https://shop.billa.at/produkte/die-grillerei-ofen-und-grillerdaepfel-00481676,Billa
00-729360,https://shop.billa.at/produkte/ja-natuerlich-heurige-vofe-00729360,Billa
00-89574,https://shop.billa.at/produkte/pfanni-erdaepfel-speckig-0089574,Billa
00-758868,https://shop.billa.at/produkte/gut-hardegg-speisekartoffeln-festkochend-00758868,Billa
00-750424,https://shop.billa.at/produkte/ja-natuerlich-heurige-mehlig-00750424,Billa
00-429100,https://shop.billa.at/produkte/da-komm-ich-her-zwiebel-gelb-00429100,Billa
00-407973,https://shop.billa.at/produkte/ja-natuerlich-zwiebel-rot-00407973,Billa
00-413813,https://shop.billa.at/produkte/da-komm-ich-her-zwiebel-rot-00413813,Billa
00-410615,https://shop.billa.at/produkte/ja-natuerlich-zwiebel-gelb-00410615,Billa
00-346427,https://shop.billa.at/produkte/clever-zwiebel-gelb-00346427,Billa
00-410627,https://shop.billa.at/produkte/billa-bio-knoblauch-00410627,Billa
00-410234,https://shop.billa.at/produkte/zwiebel-tricolore-00410234,Billa
00-444016,https://shop.billa.at/produkte/da-komm-ich-her-zwiebel-rot-00444016,Billa
00-882815,https://shop.billa.at/produkte/ja-natuerlich-zwiebelzopf-rot-00882815,Billa
00-882816,https://shop.billa.at/produkte/ja-natuerlich-zwiebelzopf-gelb-00882816,Billa
00-401924,https://shop.billa.at/produkte/ja-natuerlich-snacktomaten-00401924,Billa
00-410026,https://shop.billa.at/produkte/clever-cherrytomaten-00410026,Billa
00-89942,https://shop.billa.at/produkte/datteltomaten-0089942,Billa
00-402113,https://shop.billa.at/produkte/clever-tomaten-00402113,Billa
00-89033,https://shop.billa.at/produkte/da-komm-ich-her-cherrytomaten-suesse-sophie-0089033,Billa
00-322663,https://shop.billa.at/produkte/ja-natuerlich-bio-raritaeten-paradeiser-00322663,Billa
00-729131,https://shop.billa.at/produkte/billa-genusswelt-dattelcherrytomaten-00729131,Billa
00-778921,https://shop.billa.at/produkte/da-komm-ich-her-wiener-cherry-paradeiser-mix-00778921,Billa
00-400428,https://shop.billa.at/produkte/da-komm-ich-her-eissalat-00400428,Billa
00-410636,https://shop.billa.at/produkte/da-komm-ich-her-haeuptelsalat-00410636,Billa
00-410867,https://shop.billa.at/produkte/ja-natuerlich-batavia-salat-00410867,Billa
00-401305,https://shop.billa.at/produkte/ja-natuerlich-bio-salatherzen-00401305,Billa
00-429154,https://shop.billa.at/produkte/da-komm-ich-her-grazer-krauthaeuptelsalat-00429154,Billa
00-617783,https://shop.billa.at/produkte/ja-natuerlich-bio-spezialsalat-00617783,Billa
00-426468,https://shop.billa.at/produkte/ja-natuerlich-babyleaf-mixsalat-00426468,Billa
00-705315,https://shop.billa.at/produkte/billa-genusswelt-salatherzen-00705315,Billa
00-723236,https://shop.billa.at/produkte/clever-mischsalat-00723236,Billa
00-435520,https://shop.billa.at/produkte/ja-natuerlich-vogerlsalat-00435520,Billa
00-511704,https://shop.billa.at/produkte/billa-bio-mungobohnensprossen-00511704,Billa
00-475740,https://shop.billa.at/produkte/ja-natuerlich-bio-vogerlsalat-00475740,Billa
00-714038,https://shop.billa.at/produkte/ja-natuerlich-bio-jungspinat-00714038,Billa
00-718332,https://shop.billa.at/produkte/ja-natuerlich-rucola-00718332,Billa
00-310265,https://shop.billa.at/produkte/beerenmix-00310265,Billa
00-778923,https://shop.billa.at/produkte/die-grillerei-burger-salat-00778923,Billa
00-817739,https://shop.billa.at/produkte/ananas-geschnitten-00817739,Billa
00-883321,https://shop.billa.at/produkte/simply-good-wassermelonen-wuerfel-00883321,Billa
00-883323,https://shop.billa.at/produkte/simply-good-ananas-wuerfel-00883323,Billa
00-883325,https://shop.billa.at/produkte/simply-good-granatapfel-kerne-00883325,Billa
00-883326,https://shop.billa.at/produkte/simply-good-tropical-mix-00883326,Billa
00-883329,https://shop.billa.at/produkte/simply-good-mango-00883329,Billa
00-884716,https://shop.billa.at/produkte/die-grillerei-xxl-salat-schale-00884716,Billa
00-888428,https://shop.billa.at/produkte/billa-crispy-salat-00888428,Billa
00-888432,https://shop.billa.at/produkte/billa-mediterraner-salat-00888432,Billa
00-888433,https://shop.billa.at/produkte/billa-wildkraeutersalat-00888433,Billa
00-890105,https://shop.billa.at/produkte/simply-good-eisbergsalat-geschnitten-00890105,Billa
00-890108,https://shop.billa.at/produkte/simply-good-jungspinat-00890108,Billa
00-890112,https://shop.billa.at/produkte/simply-good-kopfsalat-mit-kraeutern-00890112,Billa
00-890114,https://shop.billa.at/produkte/simply-good-rucola-salat-00890114,Billa
00-890115,https://shop.billa.at/produkte/simply-good-venezia-salat-00890115,Billa
00-890116,https://shop.billa.at/produkte/simply-good-vogerl-salat-00890116,Billa
00-891266,https://shop.billa.at/produkte/die-grillerei-barbecue-salat-mix-00891266,Billa
00-318080,https://shop.billa.at/produkte/da-komm-ich-her-petersilie-00318080,Billa
00-89709,https://shop.billa.at/produkte/ja-natuerlich-kresse-0089709,Billa
00-953164,https://shop.billa.at/produkte/da-komm-ich-her-schnittlauch-00953164,Billa
00-414059,https://shop.billa.at/produkte/ja-natuerlich-kraeutertopf-basilikum-00414059,Billa
00-755984,https://shop.billa.at/produkte/billa-koriander-00755984,Billa
00-432843,https://shop.billa.at/produkte/ja-natuerlich-petersilie-im-topf-00432843,Billa
00-432827,https://shop.billa.at/produkte/ja-natuerlich-bio-schnittlauch-im-topf-00432827,Billa
00-961723,https://shop.billa.at/produkte/da-komm-ich-her-dille-00961723,Billa
00-502292,https://shop.billa.at/produkte/ja-natuerlich-bio-minze-im-topf-00502292,Billa
00-755980,https://shop.billa.at/produkte/billa-basilikum-00755980,Billa
00-755987,https://shop.billa.at/produkte/billa-rosmarin-00755987,Billa
00-755990,https://shop.billa.at/produkte/billa-thymian-00755990,Billa
00-755988,https://shop.billa.at/produkte/billa-salbei-00755988,Billa
00-755986,https://shop.billa.at/produkte/billa-liebstoeckel-00755986,Billa
00-755989,https://shop.billa.at/produkte/billa-oregano-00755989,Billa
00-755991,https://shop.billa.at/produkte/billa-pfefferminze-00755991,Billa
00-301221,https://shop.billa.at/produkte/petersilie-bund-glatt-00301221,Billa
00-410116,https://shop.billa.at/produkte/ja-natuerlich-champignon-00410116,Billa
00-411185,https://shop.billa.at/produkte/ja-natuerlich-kraeuterseitlinge-00411185,Billa
00-565920,https://shop.billa.at/produkte/erzberg-bio-kraeuterseitlinge-00565920,Billa
00-410667,https://shop.billa.at/produkte/ja-natuerlich-bio-austernpilze-00410667,Billa
00-88020,https://shop.billa.at/produkte/ja-natuerlich-erdnuesse-0088020,Billa
00-89501,https://shop.billa.at/produkte/ja-natuerlich-medjoul-datteln-0089501,Billa
00-483128,https://shop.billa.at/produkte/billa-bio-walnusskerne-00483128,Billa
00-336636,https://shop.billa.at/produkte/billa-pinienkerne-00336636,Billa
00-664915,https://shop.billa.at/produkte/ja-natuerlich-marillen-00664915,Billa
00-506702,https://shop.billa.at/produkte/billa-bio-rosinen-00506702,Billa
00-492004,https://shop.billa.at/produkte/billa-bio-haselnusskerne-ganz-00492004,Billa
00-356524,https://shop.billa.at/produkte/billa-mango-getrocknet-00356524,Billa
00-418036,https://shop.billa.at/produkte/seeberger-walnusskerne-extra-00418036,Billa
00-317495,https://shop.billa.at/produkte/alnatura-feigen-00317495,Billa
00-497795,https://shop.billa.at/produkte/clever-datteln-00497795,Billa
00-317489,https://shop.billa.at/produkte/alnatura-apfel-chips-00317489,Billa
00-446246,https://shop.billa.at/produkte/ja-natuerlich-kuerbiskerne-natur-geroestet-und-gesalzen-00446246,Billa
00-889818,https://shop.billa.at/produkte/billa-trockenpflaumen-00889818,Billa
00-397238,https://shop.billa.at/produkte/billa-sonnenblumenkerne-00397238,Billa
00-436514,https://shop.billa.at/produkte/ja-natuerlich-bio-sultaninen-00436514,Billa
00-348371,https://shop.billa.at/produkte/lorenz-studentenfutter-original-00348371,Billa
00-634152,https://shop.billa.at/produkte/ja-natuerlich-mangos-00634152,Billa
00-356525,https://shop.billa.at/produkte/billa-ananas-getrocknet-00356525,Billa
00-447511,https://shop.billa.at/produkte/ja-natuerlich-bio-feigen-getrocknet-00447511,Billa
00-89487,https://shop.billa.at/produkte/walnuesse-0089487,Billa
00-348959,https://shop.billa.at/produkte/lorenz-studentenfutter-spezial-00348959,Billa
00-348938,https://shop.billa.at/produkte/lorenz-studentenfutter-extra-00348938,Billa
00-940498,https://shop.billa.at/produkte/ja-natuerlich-cranberries-00940498,Billa
00-317500,https://shop.billa.at/produkte/alnatura-bananen-chips-00317500,Billa
00-923796,https://shop.billa.at/produkte/ja-natuerlich-datteln-mit-stein-00923796,Billa
00-317719,https://shop.billa.at/produkte/alnatura-salatkerne-mix-00317719,Billa
00-89499,https://shop.billa.at/produkte/sanlucar-erdnuesse-0089499,Billa
00-504060,https://shop.billa.at/produkte/pesendorfer-cranberry-00504060,Billa
00-406831,https://shop.billa.at/produkte/sanlucar-datteln-00406831,Billa
00-299678,https://shop.billa.at/produkte/landgarten-bio-knabbermix-original-00299678,Billa
00-503457,https://shop.billa.at/produkte/pesendorfer-pecan-nusskerne-00503457,Billa
00-317491,https://shop.billa.at/produkte/alnatura-mango-stuecke-00317491,Billa
00-774966,https://shop.billa.at/produkte/alnatura-kokos-chips-geroestet-00774966,Billa
00-497803,https://shop.billa.at/produkte/clever-feigen-00497803,Billa
00-437696,https://shop.billa.at/produkte/seeberger-pflaumen-entsteint-00437696,Billa
00-821772,https://shop.billa.at/produkte/seeberger-nusskernmischung-00821772,Billa
00-406642,https://shop.billa.at/produkte/pesendorfer-marille-getrocknet-00406642,Billa
00-352569,https://shop.billa.at/produkte/pesendorfer-erdbeer-chips-00352569,Billa
00-841090,https://shop.billa.at/produkte/pesendorfer-cranberries-in-schokolade-00841090,Billa
00-323646,https://shop.billa.at/produkte/kotanyi-apfelzimt-chips-00323646,Billa
00-577742,https://shop.billa.at/produkte/landgarten-bio-veggie-mix-00577742,Billa
00-244089,https://shop.billa.at/produkte/fink-apfelchips-90g-00244089,Billa
00-502027,https://shop.billa.at/produkte/pesendorfer-saurer-apfel-00502027,Billa
00-387511,https://shop.billa.at/produkte/kotanyi-apfel-chips-00387511,Billa
00-418042,https://shop.billa.at/produkte/seeberger-soft-pflaumen-00418042,Billa
00-504230,https://shop.billa.at/produkte/pesendorfer-cashew-caramel-00504230,Billa
00-503460,https://shop.billa.at/produkte/pesendorfer-para-supernuss-00503460,Billa
00-651936,https://shop.billa.at/produkte/seeberger-mango-getrocknet-00651936,Billa
00-433762,https://shop.billa.at/produkte/seeberger-cranberries-00433762,Billa
00-641749,https://shop.billa.at/produkte/pesendorfer-feigen-getrocknet-00641749,Billa
00-406385,https://shop.billa.at/produkte/pesendorfer-plaumen-getrocknet-00406385,Billa
00-352570,https://shop.billa.at/produkte/pesendorfer-himbeeren-ganze-frucht-00352570,Billa
00-445078,https://shop.billa.at/produkte/pesendorfer-mango-spezial-00445078,Billa
00-693186,https://shop.billa.at/produkte/seeberger-beeren-nuss-mix-00693186,Billa
00-757994,https://shop.billa.at/produkte/billa-bio-mangoscheiben-00757994,Billa
00-777583,https://shop.billa.at/produkte/billa-bio-pflaumen-00777583,Billa
00-876548,https://shop.billa.at/produkte/billa-bio-gojibeeren-00876548,Billa
